Date,Open,High,Low,Close,Volume
19/07/2010 15:30:00,19.7,20.87,19.36,20.71,0
20/07/2010 15:30:00,20.71,20.71,19.61,20.38,0
21/07/2010 15:30:00,20.38,20.38,18.82,20,0
22/07/2010 15:30:00,20,20.37,18.68,18.9,0
23/07/2010 15:30:00,18.9,19.72,17.14,19.24,0
26/07/2010 15:30:00,19.24,20.05,18.62,19.97,0
27/07/2010 15:30:00,19.97,20.16,18.96,19.22,0
28/07/2010 15:30:00,19.22,19.81,17.96,19.52,0
29/07/2010 15:30:00,19.52,19.65,18.33,18.33,0
30/07/2010 15:30:00,18.33,19.23,16.25,18.94,0
02/08/2010 15:30:00,18.94,19.26,17.92,17.99,0
03/08/2010 15:30:00,17.99,18.26,16.78,17.55,0
04/08/2010 15:30:00,17.55,17.64,16.74,17.04,0
05/08/2010 15:30:00,17.04,17.72,15.83,17.71,0
06/08/2010 15:30:00,17.71,17.71,16.63,17.37,0
09/08/2010 15:30:00,17.37,17.92,16.87,17,0
10/08/2010 15:30:00,17,17.75,16.37,17.33,0
11/08/2010 15:30:00,17.33,18.11,16.39,18.11,0
12/08/2010 15:30:00,18.11,18.71,16.74,18,0
13/08/2010 15:30:00,18,18,15.87,16.74,0
16/08/2010 15:30:00,16.74,18.32,15.8,18.11,0
17/08/2010 15:30:00,18.11,18.11,16.25,17.63,0
18/08/2010 15:30:00,17.63,17.76,15.42,16.4,0
19/08/2010 15:30:00,16.4,17.02,15.47,16.53,0
20/08/2010 15:30:00,16.53,16.87,15.29,16.7,0
23/08/2010 15:30:00,16.7,17.3,15.44,17.14,0
24/08/2010 15:30:00,17.14,17.8,15.58,16.99,0
25/08/2010 15:30:00,16.99,19.35,15.4,18.92,0
26/08/2010 15:30:00,18.92,18.92,16.9,17.09,0
27/08/2010 15:30:00,17.09,19.63,15.28,19.63,0
30/08/2010 15:30:00,19.63,19.63,16.6,18.36,0
31/08/2010 15:30:00,18.36,19.42,17.59,18.47,0
01/09/2010 15:30:00,18.47,18.47,16.66,16.7,0
02/09/2010 15:30:00,16.7,16.7,15.13,16.15,0
03/09/2010 15:30:00,16.15,16.44,15.23,15.86,0
06/09/2010 15:30:00,15.86,16.11,15.09,15.22,0
07/09/2010 15:30:00,15.22,16,14.35,15.83,0
08/09/2010 15:30:00,15.83,16.32,15.16,15.97,0
09/09/2010 15:30:00,15.97,16.2,14.94,15.92,0
13/09/2010 15:30:00,15.92,18.23,14.88,18.14,0
14/09/2010 15:30:00,18.14,20.63,16.88,18.6,0
15/09/2010 15:30:00,18.6,20.08,17.54,19.43,0
16/09/2010 15:30:00,19.43,20.09,17.97,18.85,0
17/09/2010 15:30:00,18.85,19.49,16.51,19.49,0
20/09/2010 15:30:00,19.49,21.97,17.85,21.95,0
21/09/2010 15:30:00,21.95,24.3,20.94,22.63,0
22/09/2010 15:30:00,22.63,24.35,20.61,24.29,0
23/09/2010 15:30:00,24.29,24.46,20.71,23.9,0
24/09/2010 15:30:00,23.9,23.9,21.58,21.71,0
27/09/2010 15:30:00,21.71,22.82,20.47,22.36,0
28/09/2010 15:30:00,22.36,22.42,20.85,21.21,0
29/09/2010 15:30:00,21.21,22.57,18.8,22.16,0
30/09/2010 15:30:00,22.16,22.95,19.05,22.25,0
01/10/2010 15:30:00,22.25,22.25,20.21,21.43,0
04/10/2010 15:30:00,21.43,22.88,21.43,22.8,0
05/10/2010 15:30:00,22.8,23.01,21.81,22.17,0
06/10/2010 15:30:00,22.17,22.17,20.59,21.73,0
07/10/2010 15:30:00,21.73,22.78,19.33,22.45,0
08/10/2010 15:30:00,22.45,22.45,21.03,21.4,0
11/10/2010 15:30:00,21.4,21.76,19.67,21.2,0
12/10/2010 15:30:00,21.2,22.22,20.5,20.51,0
13/10/2010 15:30:00,20.51,20.51,19.01,20.02,0
14/10/2010 15:30:00,20.02,20.99,18.14,20.6,0
15/10/2010 15:30:00,20.6,22.67,17.8,22.65,0
18/10/2010 15:30:00,22.65,23.99,21.97,22.35,0
19/10/2010 15:30:00,22.35,23.23,20.58,23.23,0
20/10/2010 15:30:00,23.23,23.86,21.92,23.8,0
21/10/2010 15:30:00,23.8,23.8,21.92,22.19,0
22/10/2010 15:30:00,22.19,22.44,20.42,21.61,0
25/10/2010 15:30:00,21.61,22.04,20.67,21.36,0
26/10/2010 15:30:00,21.36,21.6,18.47,20.55,0
27/10/2010 15:30:00,20.55,21.76,20.09,21.02,0
28/10/2010 15:30:00,21.02,21.22,20.28,20.52,0
29/10/2010 15:30:00,20.52,22,20.03,20.76,0
01/11/2010 15:30:00,20.76,21.19,20.31,20.92,0
02/11/2010 15:30:00,20.92,21.86,19.43,21.25,0
03/11/2010 15:30:00,21.25,21.66,19.23,21.53,0
04/11/2010 15:30:00,21.53,21.53,19.26,19.36,0
05/11/2010 15:30:00,19.36,19.43,17.71,19.22,0
08/11/2010 15:30:00,19.22,20.12,17.49,19.61,0
09/11/2010 15:30:00,19.61,19.78,17.17,18.75,0
10/11/2010 15:30:00,18.75,19.26,16.45,19.08,0
11/11/2010 15:30:00,19.08,19.91,16.38,19.36,0
12/11/2010 15:30:00,19.36,22.41,17.63,21.63,0
15/11/2010 15:30:00,21.63,22.48,19.26,20.25,0
16/11/2010 15:30:00,20.25,22.42,17.52,21.13,0
18/11/2010 15:30:00,21.13,22.82,17.59,20.62,0
19/11/2010 15:30:00,20.62,21.91,18.41,21.6,0
22/11/2010 15:30:00,21.6,21.85,19.44,19.93,0
23/11/2010 15:30:00,19.93,24.95,19.4,23.26,0
24/11/2010 15:30:00,23.26,24.95,20.95,24.68,0
25/11/2010 15:30:00,24.68,24.68,21.12,21.63,0
26/11/2010 15:30:00,21.63,23.84,20.1,22.58,0
29/11/2010 15:30:00,22.58,22.89,21.31,21.31,0
30/11/2010 15:30:00,21.31,22.22,20.64,20.71,0
01/12/2010 15:30:00,20.71,20.71,19.08,19.2,0
02/12/2010 15:30:00,19.2,19.51,17.56,18.8,0
03/12/2010 15:30:00,18.8,19.28,17.14,18.6,0
06/12/2010 15:30:00,18.6,19.37,17.46,19.37,0
07/12/2010 15:30:00,19.37,19.79,17.75,19.24,0
08/12/2010 15:30:00,19.24,20.95,18.21,20.43,0
09/12/2010 15:30:00,20.43,23.01,18.22,22.6,0
10/12/2010 15:30:00,22.6,22.86,21.43,21.63,0
13/12/2010 15:30:00,21.63,23.72,20.14,22.57,0
14/12/2010 15:30:00,22.57,22.83,21.29,21.46,0
15/12/2010 15:30:00,21.46,22.09,20.67,21.42,0
16/12/2010 15:30:00,21.42,21.6,19.94,20.24,0
20/12/2010 15:30:00,20.24,21.88,20.24,20.78,0
21/12/2010 15:30:00,20.78,20.78,18.75,19.77,0
22/12/2010 15:30:00,19.77,20.06,18.67,19.56,0
23/12/2010 15:30:00,19.56,19.78,18.81,19.03,0
24/12/2010 15:30:00,19.03,19.31,17.62,17.65,0
27/12/2010 15:30:00,17.65,18.69,17.05,18.45,0
28/12/2010 15:30:00,18.45,18.83,17.89,18.13,0
29/12/2010 15:30:00,18.13,18.32,17.13,17.13,0
30/12/2010 15:30:00,17.13,17.98,16.48,17.02,0
31/12/2010 15:30:00,17.02,17.05,16.34,16.56,0
03/01/2011 15:30:00,16.56,17.1,15.28,16.99,0
04/01/2011 15:30:00,16.99,17.52,15.76,17.03,0
05/01/2011 15:30:00,17.03,18.43,16.8,17.88,0
06/01/2011 15:30:00,17.88,18.87,16.69,18.2,0
07/01/2011 15:30:00,18.2,20.87,17.64,20.82,0
10/01/2011 15:30:00,20.82,23.24,19.61,23.16,0
11/01/2011 15:30:00,23.16,24.11,21.73,22.33,0
12/01/2011 15:30:00,22.33,23.76,20.44,21.41,0
13/01/2011 15:30:00,21.41,23.49,21.15,23.15,0
14/01/2011 15:30:00,23.15,24.06,20.99,23.81,0
17/01/2011 15:30:00,23.81,25.52,23.57,23.57,0
18/01/2011 15:30:00,23.57,23.64,21.44,21.46,0
19/01/2011 15:30:00,21.46,21.84,20.6,21.09,0
20/01/2011 15:30:00,21.09,21.77,20.06,21.01,0
21/01/2011 15:30:00,21.01,21.49,19.06,21.03,0
24/01/2011 15:30:00,21.03,21.14,20.1,20.17,0
25/01/2011 15:30:00,20.17,21.1,18.93,20.78,0
27/01/2011 15:30:00,20.78,22.27,19.08,22.09,0
28/01/2011 15:30:00,22.09,23.79,21.74,22.58,0
31/01/2011 15:30:00,22.58,24.67,22.58,23.41,0
01/02/2011 15:30:00,23.41,24.69,21.67,23.73,0
02/02/2011 15:30:00,23.73,23.73,21.65,23.52,0
03/02/2011 15:30:00,23.52,23.54,22.46,22.69,0
04/02/2011 15:30:00,22.69,24.77,21.96,24.41,0
07/02/2011 15:30:00,24.41,25.44,23.59,24.69,0
08/02/2011 15:30:00,24.69,25.32,23.17,24.74,0
09/02/2011 15:30:00,24.74,26.03,24.53,25.24,0
10/02/2011 15:30:00,25.24,26.11,23.92,24.82,0
11/02/2011 15:30:00,24.82,24.84,21.86,23.47,0
14/02/2011 15:30:00,23.47,23.69,21.56,22.58,0
15/02/2011 15:30:00,22.58,23.43,20.76,22.85,0
16/02/2011 15:30:00,22.85,23.59,21.7,23.05,0
17/02/2011 15:30:00,23.05,23.41,22.04,22.57,0
18/02/2011 15:30:00,22.57,24.52,20.38,24.18,0
21/02/2011 15:30:00,24.18,26.27,23.65,24.91,0
22/02/2011 15:30:00,24.91,28.13,24.91,26.85,0
23/02/2011 15:30:00,26.85,27.24,26.17,26.55,0
24/02/2011 15:30:00,26.55,28.9,26.39,28.2,0
25/02/2011 15:30:00,28.2,29.05,27.19,27.27,0
28/02/2011 15:30:00,27.27,27.88,22.37,24.4,0
01/03/2011 15:30:00,24.4,24.4,22.22,22.22,0
03/03/2011 15:30:00,22.22,23.84,22.07,22.96,0
04/03/2011 15:30:00,22.96,23.51,21.83,22.91,0
07/03/2011 15:30:00,22.91,26.12,22.91,25.22,0
08/03/2011 15:30:00,25.22,25.22,23.63,23.67,0
09/03/2011 15:30:00,23.67,24.23,22.46,23.28,0
10/03/2011 15:30:00,23.28,24.17,22.63,23.53,0
11/03/2011 15:30:00,23.53,25.22,22.87,24.13,0
14/03/2011 15:30:00,24.13,24.64,23.07,23.3,0
15/03/2011 15:30:00,23.3,27.52,23.3,26.63,0
16/03/2011 15:30:00,26.63,26.63,24.14,24.89,0
17/03/2011 15:30:00,24.89,26.11,23.47,25.26,0
18/03/2011 15:30:00,25.26,26.6,23.27,25.89,0
21/03/2011 15:30:00,25.89,26.59,23.69,25.21,0
22/03/2011 15:30:00,25.21,25.21,22.18,22.26,0
23/03/2011 15:30:00,22.26,22.37,20.97,20.97,0
24/03/2011 15:30:00,20.97,20.97,18.83,19.84,0
25/03/2011 15:30:00,19.84,20.68,19,20.47,0
28/03/2011 15:30:00,20.47,21.87,20.24,21.02,0
29/03/2011 15:30:00,21.02,22.19,20.37,21.22,0
30/03/2011 15:30:00,21.22,22.14,19.95,22.04,0
31/03/2011 15:30:00,22.04,22.98,21.13,22.18,0
01/04/2011 15:30:00,22.18,22.18,20.1,20.11,0
04/04/2011 15:30:00,20.11,21.06,19.9,20.06,0
05/04/2011 15:30:00,20.06,20.72,18.84,19.9,0
06/04/2011 15:30:00,19.9,20.54,19.42,20.36,0
07/04/2011 15:30:00,20.36,20.79,19.97,20.32,0
08/04/2011 15:30:00,20.32,21.06,19.24,20.54,0
11/04/2011 15:30:00,20.54,21.63,20.36,21.24,0
13/04/2011 15:30:00,21.24,21.29,20.28,20.41,0
15/04/2011 15:30:00,20.41,22.4,19.54,21.59,0
18/04/2011 15:30:00,21.59,22.99,21.14,22.45,0
19/04/2011 15:30:00,22.45,23.04,21.5,22.07,0
20/04/2011 15:30:00,22.07,22.07,20.79,20.99,0
21/04/2011 15:30:00,20.99,20.99,19.86,20.51,0
25/04/2011 15:30:00,20.51,21.62,20.41,20.91,0
26/04/2011 15:30:00,20.91,22.42,20.88,21.71,0
27/04/2011 15:30:00,21.71,21.89,20.72,21.35,0
28/04/2011 15:30:00,21.35,21.65,20.25,20.92,0
29/04/2011 15:30:00,20.92,20.92,18.45,19.58,0
02/05/2011 15:30:00,19.58,21.13,19.58,20.88,0
03/05/2011 15:30:00,20.88,21.94,20.35,21.58,0
04/05/2011 15:30:00,21.58,21.81,20.58,21.18,0
05/05/2011 15:30:00,21.18,21.7,19.88,21.6,0
06/05/2011 15:30:00,21.6,21.6,19.36,20.97,0
09/05/2011 15:30:00,20.97,21.95,19.92,21.5,0
10/05/2011 15:30:00,21.5,21.91,20.19,21.74,0
11/05/2011 15:30:00,21.74,21.74,19.89,21.24,0
12/05/2011 15:30:00,21.24,21.45,19.83,21.23,0
13/05/2011 15:30:00,21.23,21.23,19.4,20.63,0
16/05/2011 15:30:00,20.63,21.97,19.9,21.46,0
17/05/2011 15:30:00,21.46,21.46,19.76,21.03,0
18/05/2011 15:30:00,21.03,21.42,19.42,20.71,0
19/05/2011 15:30:00,20.71,20.72,19.13,20.41,0
20/05/2011 15:30:00,20.41,20.41,18.42,19.45,0
23/05/2011 15:30:00,19.45,23.45,18.52,21.04,0
24/05/2011 15:30:00,21.04,21.36,19.55,19.93,0
25/05/2011 15:30:00,19.93,24.31,19.35,20.66,0
26/05/2011 15:30:00,20.66,20.85,18.53,19.18,0
27/05/2011 15:30:00,19.18,19.18,17.14,17.25,0
30/05/2011 15:30:00,17.25,18.87,17.25,17.87,0
31/05/2011 15:30:00,17.87,17.87,16.67,16.82,0
01/06/2011 15:30:00,16.82,17.43,16.36,16.73,0
02/06/2011 15:30:00,16.73,18.04,16.73,17.98,0
03/06/2011 15:30:00,17.98,18.17,16.99,17.61,0
06/06/2011 15:30:00,17.61,18.84,17.59,18.21,0
07/06/2011 15:30:00,18.21,18.58,17.84,18.03,0
08/06/2011 15:30:00,18.03,18.72,17.71,18.58,0
09/06/2011 15:30:00,18.58,19,17.8,18.58,0
10/06/2011 15:30:00,18.58,19.75,17.55,18.54,0
13/06/2011 15:30:00,18.54,19.41,18.23,18.91,0
14/06/2011 15:30:00,18.91,18.91,17.53,18.51,0
15/06/2011 15:30:00,18.51,19.22,17.9,19.14,0
16/06/2011 15:30:00,19.14,19.86,18.34,19.66,0
17/06/2011 15:30:00,19.66,20.28,18.6,20.27,0
20/06/2011 15:30:00,20.27,24.38,19.78,22.18,0
21/06/2011 15:30:00,22.18,22.18,20.93,21.31,0
22/06/2011 15:30:00,21.31,21.31,20.24,20.89,0
23/06/2011 15:30:00,20.89,20.95,19.47,19.5,0
24/06/2011 15:30:00,19.5,19.5,18.25,19.32,0
27/06/2011 15:30:00,19.32,20.37,19.21,19.99,0
28/06/2011 15:30:00,19.99,19.99,19.32,19.49,0
29/06/2011 15:30:00,19.49,19.54,18.76,19.46,0
30/06/2011 15:30:00,19.46,19.46,18.41,18.41,0
01/07/2011 15:30:00,18.41,18.43,17.79,18.21,0
04/07/2011 15:30:00,18.21,18.71,17.84,18.17,0
05/07/2011 15:30:00,18.17,18.52,17.78,18.25,0
06/07/2011 15:30:00,18.25,18.49,18.12,18.34,0
07/07/2011 15:30:00,18.34,18.62,17.35,18.62,0
08/07/2011 15:30:00,18.62,18.79,18.02,18.67,0
11/07/2011 15:30:00,18.67,19.71,18.6,19.69,0
12/07/2011 15:30:00,19.69,21.22,19.41,20.83,0
13/07/2011 15:30:00,20.83,20.83,19.5,19.52,0
14/07/2011 15:30:00,19.52,20.29,17.85,19.97,0
15/07/2011 15:30:00,19.97,20.26,19.08,19.95,0
18/07/2011 15:30:00,19.95,20.4,19.29,20.2,0
19/07/2011 15:30:00,20.2,20.2,19.08,19.25,0
20/07/2011 15:30:00,19.25,19.46,18.48,19.11,0
21/07/2011 15:30:00,19.11,19.16,18.64,18.75,0
22/07/2011 15:30:00,18.75,18.75,17.27,17.91,0
25/07/2011 15:30:00,17.91,19.23,16.55,19.2,0
26/07/2011 15:30:00,19.2,19.59,18.41,19.3,0
27/07/2011 15:30:00,19.3,19.36,18.13,18.25,0
28/07/2011 15:30:00,18.25,19.04,18.25,18.51,0
29/07/2011 15:30:00,18.51,19.88,18.39,19.77,0
01/08/2011 15:30:00,19.77,19.77,18.58,18.78,0
02/08/2011 15:30:00,18.78,19.51,18.38,19.15,0
03/08/2011 15:30:00,19.15,19.99,18.98,19.48,0
04/08/2011 15:30:00,19.43,20.28,19.26,20.22,0
05/08/2011 15:30:00,20.22,26.4,19.84,24.9,0
08/08/2011 15:30:00,24.9,29.65,24.9,28.78,0
09/08/2011 15:30:00,28.78,37,28.78,34.88,0
10/08/2011 15:30:00,34.88,34.88,26.09,28.95,0
11/08/2011 15:30:00,28.95,29.49,27.4,29.09,0
12/08/2011 15:30:00,29.09,29.09,25.65,27.02,0
16/08/2011 15:30:00,27.02,27.13,24.99,26.46,0
17/08/2011 15:30:00,26.46,26.46,24.53,25.48,0
19/08/2011 15:30:00,27.45,31.13,25.9,29.19,0
22/08/2011 15:30:00,29.19,30.35,27.03,27.08,0
23/08/2011 15:30:00,27.08,29.06,25.23,25.92,0
24/08/2011 15:30:00,25.92,29.22,24.93,28.6,0
25/08/2011 15:30:00,28.6,30.34,26.41,27.94,0
26/08/2011 15:30:00,27.94,33.26,27.75,33.26,0
29/08/2011 15:30:00,33.26,33.26,25.66,26.07,0
30/08/2011 15:30:00,26.07,26.4,24.4,24.88,0
02/09/2011 15:30:00,24.88,26.37,24.01,26.09,0
05/09/2011 15:30:00,26.09,28.32,26.09,27.83,0
06/09/2011 15:30:00,27.83,30.5,26.81,28.66,0
07/09/2011 15:30:00,28.66,28.77,27.4,27.86,0
08/09/2011 15:30:00,27.86,28.67,26.98,27.64,0
09/09/2011 15:30:00,27.64,28.28,26.15,28.15,0
12/09/2011 15:30:00,28.15,32.92,27.31,32.75,0
13/09/2011 15:30:00,32.75,33.71,29.42,32.77,0
14/09/2011 15:30:00,32.77,34.74,31.24,32.45,0
15/09/2011 15:30:00,32.45,33.72,29.91,30.79,0
16/09/2011 15:30:00,30.79,30.79,28.37,28.45,0
19/09/2011 15:30:00,28.45,30.75,27.56,29.6,0
20/09/2011 15:30:00,29.6,29.6,27.01,27.25,0
21/09/2011 15:30:00,27.25,28.17,25.99,27.67,0
22/09/2011 15:30:00,27.67,34.92,27.67,33.88,0
23/09/2011 15:30:00,33.88,37.55,33.52,35.16,0
26/09/2011 15:30:00,35.16,38.19,34.47,35.43,0
27/09/2011 15:30:00,35.43,35.43,31.24,32.01,0
28/09/2011 15:30:00,32.01,34.11,31.03,32,0
29/09/2011 15:30:00,32,32.81,30.5,31.07,0
30/09/2011 15:30:00,31.07,32.52,30.28,31.94,0
03/10/2011 15:30:00,31.94,36.05,31.94,35.07,0
04/10/2011 15:30:00,35.07,39.02,34.79,37.19,0
05/10/2011 15:30:00,37.19,37.19,34.76,35.37,0
07/10/2011 15:30:00,35.37,35.37,29.9,33.02,0
10/10/2011 15:30:00,33.02,33.71,30.03,30.03,0
11/10/2011 15:30:00,30.03,30.95,28.15,30.3,0
12/10/2011 15:30:00,30.3,30.3,28.01,28.41,0
13/10/2011 15:30:00,28.41,28.54,27.42,28.24,0
14/10/2011 15:30:00,28.24,28.31,25.73,25.98,0
17/10/2011 15:30:00,25.98,26.53,25,25.43,0
18/10/2011 15:30:00,25.43,26.59,25.33,25.9,0
19/10/2011 15:30:00,25.9,25.9,23.53,24.05,0
20/10/2011 15:30:00,24.05,26.54,19.6,25.6,0
21/10/2011 15:30:00,25.6,26.7,24.39,26.3,0
24/10/2011 15:30:00,26.3,26.3,24.58,25.22,0
25/10/2011 15:30:00,25.22,25.22,22,22.31,0
26/10/2011 15:30:00,22.31,22.69,22.01,22.69,0
28/10/2011 15:30:00,22.69,22.69,20.57,20.89,0
31/10/2011 15:30:00,20.27,22.79,20.27,22.66,0
01/11/2011 15:30:00,20.73,24.6,20.73,24.02,0
02/11/2011 15:30:00,24.02,24.92,23.57,24.89,0
03/11/2011 15:30:00,24.89,26.18,24.42,24.66,0
04/11/2011 15:30:00,21.13,23.88,21.13,23.43,0
08/11/2011 15:30:00,20.75,24.74,20.75,23.71,0
09/11/2011 15:30:00,23.71,24.82,20.16,24.3,0
11/11/2011 15:30:00,24.3,25.93,24.27,24.74,0
14/11/2011 15:30:00,24.74,25.47,24,25.29,0
15/11/2011 15:30:00,25.29,26.03,24.43,25.97,0
16/11/2011 15:30:00,25.97,27.22,24.93,25.04,0
17/11/2011 15:30:00,25.04,27.27,24.73,26.92,0
18/11/2011 15:30:00,26.92,28.23,26.28,26.58,0
21/11/2011 15:30:00,23.07,28.69,23.07,28.61,0
22/11/2011 15:30:00,22.64,28.9,22.64,27.35,0
23/11/2011 15:30:00,27.35,32.71,26.98,30.68,0
24/11/2011 15:30:00,24.84,32.52,24.84,27.95,0
25/11/2011 15:30:00,27.95,30.13,27.95,29.12,0
28/11/2011 15:30:00,28.63,28.77,26.64,26.64,0
29/11/2011 15:30:00,26.64,28.15,26.2,26.87,0
30/11/2011 15:30:00,26.46,27.85,26.15,26.55,0
01/12/2011 15:30:00,26.55,26.55,23.37,25.02,0
02/12/2011 15:30:00,24.09,24.9,23.38,23.99,0
05/12/2011 15:30:00,23.4,25.75,23.4,25.02,0
07/12/2011 15:30:00,24.52,26.58,24.52,26.46,0
08/12/2011 15:30:00,25,29,25,28.58,0
09/12/2011 15:30:00,28.03,29.98,28.03,29.53,0
12/12/2011 15:30:00,27.21,30,27.21,29.27,0
13/12/2011 15:30:00,28.47,29.61,28.11,28.11,0
14/12/2011 15:30:00,28.08,29.35,28.08,28.79,0
15/12/2011 15:30:00,28.79,30.26,27.98,28.81,0
16/12/2011 15:30:00,27.48,29.69,27.48,29.69,0
19/12/2011 15:30:00,29.69,31.27,29.69,30.58,0
20/12/2011 15:30:00,30.58,31.02,29.54,30.53,0
21/12/2011 15:30:00,28.81,29.88,27.53,27.53,0
22/12/2011 15:30:00,27.31,28.23,26.58,26.84,0
23/12/2011 15:30:00,26.84,27.91,25.81,27.39,0
26/12/2011 15:30:00,26.99,27.97,26.31,26.6,0
27/12/2011 15:30:00,26.6,27.01,26.03,26.29,0
28/12/2011 15:30:00,26.29,27.24,25.94,26.74,0
29/12/2011 15:30:00,26.74,27.55,26.43,26.62,0
30/12/2011 15:30:00,26.62,27.79,26.25,27.11,0
02/01/2012 15:30:00,27.11,28.68,27.11,27.53,0
03/01/2012 15:30:00,27.53,27.53,25.99,26.16,0
04/01/2012 15:30:00,26.16,26.84,25.6,26.41,0
05/01/2012 15:30:00,26.41,26.6,25.72,25.91,0
06/01/2012 15:30:00,25.91,26.44,25.09,25.46,0
09/01/2012 15:30:00,25.65,26.54,24.91,25.68,0
10/01/2012 15:30:00,25.68,25.68,23.96,24,0
11/01/2012 15:30:00,24,24.64,23.32,24.54,0
12/01/2012 15:30:00,24.54,24.85,23.77,24.03,0
13/01/2012 15:30:00,24.03,24.15,23.23,23.48,0
16/01/2012 15:30:00,23.48,24.96,23.22,24.07,0
17/01/2012 15:30:00,24.07,24.07,22.48,22.61,0
18/01/2012 15:30:00,22.61,22.75,21.97,22.68,0
19/01/2012 15:30:00,22.68,22.68,20.88,21.68,0
20/01/2012 15:30:00,21.68,22.33,18.01,21.96,0
23/01/2012 15:30:00,21.96,22.91,21.96,22.14,0
24/01/2012 15:30:00,22.14,22.51,20.77,21.42,0
25/01/2012 15:30:00,21.42,21.42,18.63,21.02,0
27/01/2012 15:30:00,21.02,22.2,20.68,21.7,0
30/01/2012 15:30:00,21.7,23.48,21.7,23.46,0
31/01/2012 15:30:00,23.46,23.46,22.33,22.66,0
01/02/2012 15:30:00,22.66,23.49,22.17,22.89,0
02/02/2012 15:30:00,22.89,24.26,21.88,23.69,0
03/02/2012 15:30:00,23.69,24.49,23.35,24.09,0
06/02/2012 15:30:00,24.09,25.02,23.58,24.62,0
07/02/2012 15:30:00,24.66,25.15,23.69,24.91,0
08/02/2012 15:30:00,24.91,25.01,24.17,24.27,0
09/02/2012 15:30:00,24.27,24.61,23.25,23.3,0
10/02/2012 15:30:00,23.3,24.47,22.98,23.83,0
13/02/2012 15:30:00,23.83,24.76,23.12,23.71,0
14/02/2012 15:30:00,23.71,23.92,22.71,22.71,0
15/02/2012 15:30:00,22.71,22.71,21.71,22.1,0
16/02/2012 15:30:00,22.1,23.88,20.3,23.33,0
17/02/2012 15:30:00,23.33,24.91,21.81,24.18,0
21/02/2012 15:30:00,24.18,27.18,24.18,26.25,0
22/02/2012 15:30:00,26.25,27.3,25.69,26.8,0
23/02/2012 15:30:00,26.8,26.8,24.13,24.33,0
24/02/2012 15:30:00,24.33,25.79,23.59,24.82,0
27/02/2012 15:30:00,24.82,27.87,24.82,27.38,0
28/02/2012 15:30:00,27.38,27.38,25.7,25.85,0
29/02/2012 15:30:00,25.85,27.09,24.69,26.93,0
01/03/2012 15:30:00,26.93,28.02,26.52,27.67,0
02/03/2012 15:30:00,27.67,28.37,26.62,27.84,0
05/03/2012 15:30:00,28.2,29.55,28.2,28.92,0
06/03/2012 15:30:00,28.92,28.92,26.05,27.34,0
07/03/2012 15:30:00,27.34,27.34,25.97,26.33,0
09/03/2012 15:30:00,26.33,26.33,24.6,25.47,0
12/03/2012 15:30:00,25.47,26.93,24.92,26.27,0
13/03/2012 15:30:00,26.27,26.27,24.64,24.75,0
14/03/2012 15:30:00,24.75,25.09,23.03,24.72,0
15/03/2012 15:30:00,24.72,25.64,24.04,25.42,0
16/03/2012 15:30:00,25.42,25.42,22.58,23.13,0
19/03/2012 15:30:00,23.13,23.82,22.79,22.97,0
20/03/2012 15:30:00,22.97,22.97,21.36,21.94,0
21/03/2012 15:30:00,21.94,21.99,21,21,0
22/03/2012 15:30:00,21,24.77,20.59,24.77,0
23/03/2012 15:30:00,24.77,24.77,22.89,23.34,0
26/03/2012 15:30:00,23.34,27.45,22.4,26.74,0
27/03/2012 15:30:00,26.74,27.13,24.32,25.05,0
28/03/2012 15:30:00,25.05,25.83,24.82,24.87,0
29/03/2012 15:30:00,24.87,25.86,24.19,24.33,0
30/03/2012 15:30:00,24.33,24.33,22.07,22.38,0
02/04/2012 15:30:00,22.86,22.94,20.88,20.88,0
03/04/2012 15:30:00,20.88,20.88,19.93,20.01,0
04/04/2012 15:30:00,20.01,20.85,20.01,20.63,0
09/04/2012 15:30:00,20.63,22.44,20.63,22.33,0
10/04/2012 15:30:00,22.33,22.81,21.73,21.92,0
11/04/2012 15:30:00,21.92,22.75,21.65,22.29,0
12/04/2012 15:30:00,22.29,22.29,21.72,21.78,0
13/04/2012 15:30:00,19.86,23.16,19.86,22.75,0
16/04/2012 15:30:00,22.75,23.29,22.23,22.23,0
17/04/2012 15:30:00,22.23,22.75,20.29,20.31,0
18/04/2012 15:30:00,18.93,20.2,18.93,20.03,0
19/04/2012 15:30:00,20.03,20.03,18.99,19.35,0
20/04/2012 15:30:00,19.35,20.75,19.02,20.09,0
23/04/2012 15:30:00,20.09,21.57,19.71,21.57,0
24/04/2012 15:30:00,21.57,21.57,19.13,19.25,0
25/04/2012 15:30:00,17.76,20.4,17.76,18.94,0
26/04/2012 15:30:00,19.33,19.45,18.31,18.74,0
27/04/2012 15:30:00,18.74,19.18,17.85,17.89,0
30/04/2012 15:30:00,17.61,18.52,17.61,17.82,0
02/05/2012 15:30:00,17.82,18.61,17.82,18.54,0
03/05/2012 15:30:00,18.54,19.82,18.54,19.25,0
04/05/2012 15:30:00,19.25,21.45,19.25,21.12,0
07/05/2012 15:30:00,21.12,23.23,20.18,20.22,0
08/05/2012 15:30:00,20.22,22.3,19.65,22.16,0
09/05/2012 15:30:00,22.16,23.87,22.06,23.04,0
10/05/2012 15:30:00,23.04,23.64,22.07,22.72,0
11/05/2012 15:30:00,22.72,23.93,22.35,22.48,0
14/05/2012 15:30:00,22.48,23.52,22.48,23.26,0
15/05/2012 15:30:00,23.26,23.26,22.2,22.28,0
16/05/2012 15:30:00,22.28,24.54,22.28,23.71,0
17/05/2012 15:30:00,23.71,24.27,22.21,23.59,0
18/05/2012 15:30:00,23.59,25.45,22.57,23.55,0
21/05/2012 15:30:00,23.55,24.35,23.2,23.92,0
22/05/2012 15:30:00,23.92,24.63,22.6,24.39,0
23/05/2012 15:30:00,24.39,27.2,23.21,27.13,0
24/05/2012 15:30:00,27.13,27.13,24,25.49,0
25/05/2012 15:30:00,25.49,26.6,24.06,25.14,0
28/05/2012 15:30:00,25.14,25.4,23.59,23.68,0
29/05/2012 15:30:00,23.68,24.33,22.7,24.03,0
30/05/2012 15:30:00,24.03,25.54,23.29,25.3,0
31/05/2012 15:30:00,25.3,25.97,24.99,25.25,0
01/06/2012 15:30:00,25.25,26.77,24.88,26.77,0
04/06/2012 15:30:00,26.77,28.65,25.6,25.6,0
05/06/2012 15:30:00,25.6,26.69,24.27,26.26,0
06/06/2012 15:30:00,26.26,26.26,24.26,24.9,0
07/06/2012 15:30:00,24.9,25.06,23.34,23.64,0
08/06/2012 15:30:00,23.64,24.75,23.45,23.47,0
11/06/2012 15:30:00,23.47,25.02,23.47,25.02,0
12/06/2012 15:30:00,25.02,25.43,23.94,24.2,0
13/06/2012 15:30:00,24.2,25.32,23.53,24.36,0
14/06/2012 15:30:00,24.36,25.82,23.4,25.71,0
15/06/2012 15:30:00,25.71,25.92,24.49,25.54,0
18/06/2012 15:30:00,25.54,25.54,22.25,22.6,0
19/06/2012 15:30:00,22.6,22.6,21.04,21.43,0
20/06/2012 15:30:00,21.43,21.72,20.11,21.03,0
21/06/2012 15:30:00,21.03,21.22,19.43,19.94,0
22/06/2012 15:30:00,19.94,21.52,19.61,20.58,0
25/06/2012 15:30:00,20.58,21.63,20.04,21.57,0
26/06/2012 15:30:00,21.57,21.76,20.04,20.23,0
27/06/2012 15:30:00,20.23,20.81,19.39,20.37,0
28/06/2012 15:30:00,20.37,20.73,19.53,20.62,0
29/06/2012 15:30:00,20.62,20.62,18.8,19.08,0
02/07/2012 15:30:00,19.08,19.7,18.79,19.01,0
03/07/2012 15:30:00,19.01,19.01,18.14,18.56,0
04/07/2012 15:30:00,18.56,18.83,17.48,18.27,0
05/07/2012 15:30:00,18.27,18.7,18.09,18.35,0
06/07/2012 15:30:00,18.35,18.63,18.04,18.04,0
09/07/2012 15:30:00,18.04,19.09,18.04,18.72,0
10/07/2012 15:30:00,18.72,18.87,17.8,17.83,0
11/07/2012 15:30:00,17.83,18.57,17.8,18.39,0
12/07/2012 15:30:00,18.39,19.31,18.02,18.71,0
13/07/2012 15:30:00,18.71,18.71,17.62,18.26,0
16/07/2012 15:30:00,18.26,19.01,18.08,18.77,0
17/07/2012 15:30:00,18.77,18.77,17.72,17.78,0
18/07/2012 15:30:00,17.78,17.83,17.06,17.44,0
19/07/2012 15:30:00,17.44,17.44,16.33,16.38,0
20/07/2012 15:30:00,16.38,17.31,15.84,16.89,0
23/07/2012 15:30:00,16.89,18.67,16.89,18.66,0
24/07/2012 15:30:00,18.66,18.66,16.56,16.97,0
25/07/2012 15:30:00,16.97,18.14,16.48,16.75,0
26/07/2012 15:30:00,16.75,17.58,15.92,16.37,0
27/07/2012 15:30:00,16.37,16.75,15.42,16.44,0
30/07/2012 15:30:00,16.44,17.32,16.43,16.6,0
31/07/2012 15:30:00,16.6,17.13,15.93,16.01,0
01/08/2012 15:30:00,16.01,16.48,15.86,16.45,0
02/08/2012 15:30:00,16.45,16.91,16.45,16.77,0
03/08/2012 15:30:00,16.77,16.96,16.12,16.12,0
06/08/2012 15:30:00,16.12,16.51,15.68,16.22,0
07/08/2012 15:30:00,16.22,16.33,15.74,16.21,0
08/08/2012 15:30:00,16.21,16.74,15.51,16.37,0
09/08/2012 15:30:00,16.37,16.77,16.04,16.33,0
10/08/2012 15:30:00,16.33,16.51,16.03,16.07,0
13/08/2012 15:30:00,16.07,16.65,16,16.01,0
14/08/2012 15:30:00,16.01,16.15,15.57,15.64,0
16/08/2012 15:30:00,15.64,16.13,15.07,15.69,0
17/08/2012 15:30:00,15.69,16.02,15.21,15.73,0
21/08/2012 15:30:00,15.73,16.49,15.71,16.3,0
22/08/2012 15:30:00,16.3,16.53,15.79,16,0
23/08/2012 15:30:00,16,16.36,15.44,16.12,0
24/08/2012 15:30:00,16.12,16.8,15.66,16.16,0
27/08/2012 15:30:00,16.16,17.03,14.68,16.47,0
28/08/2012 15:30:00,16.47,16.76,15.8,16.35,0
29/08/2012 15:30:00,16.35,16.9,15.64,16.74,0
30/08/2012 15:30:00,16.74,17.04,16.55,16.67,0
31/08/2012 15:30:00,16.67,17.35,16.59,17.3,0
03/09/2012 15:30:00,17.3,17.5,16.86,17.28,0
04/09/2012 15:30:00,17.28,17.28,16.59,16.59,0
05/09/2012 15:30:00,16.59,17.15,16.19,17.01,0
06/09/2012 15:30:00,17.01,17.07,16.23,16.98,0
07/09/2012 15:30:00,16.98,16.98,15.2,15.26,0
10/09/2012 15:30:00,14.76,15.46,14.76,15.27,0
11/09/2012 15:30:00,15.27,15.51,15.1,15.38,0
12/09/2012 15:30:00,15.38,15.66,14.64,15.04,0
13/09/2012 15:30:00,15.04,15.83,14.62,15.67,0
14/09/2012 15:30:00,15.67,15.67,13.86,15.38,0
17/09/2012 15:30:00,15.38,17.81,15.38,17.78,0
18/09/2012 15:30:00,17.78,18.09,16.17,17.83,0
20/09/2012 15:30:00,17.83,18.81,17.13,18.62,0
21/09/2012 15:30:00,18.62,19.45,17.09,18.93,0
24/09/2012 15:30:00,18.93,19.83,18.46,18.83,0
25/09/2012 15:30:00,18.83,18.83,17.11,17.11,0
26/09/2012 15:30:00,17.11,17.3,16.62,16.97,0
27/09/2012 15:30:00,16.97,17.09,15.73,16.91,0
28/09/2012 15:30:00,16.91,16.91,16.13,16.16,0
01/10/2012 15:30:00,16.16,16.77,15.99,16.34,0
03/10/2012 15:30:00,16.34,16.98,15.69,16.5,0
04/10/2012 15:30:00,16.5,16.62,15.59,16.44,0
05/10/2012 15:30:00,16.44,17.49,15.68,16.78,0
08/10/2012 15:30:00,16.78,17.59,16.17,17.17,0
09/10/2012 15:30:00,17.17,17.17,16.32,16.8,0
10/10/2012 15:30:00,16.8,17.16,16.5,16.83,0
11/10/2012 15:30:00,16.83,17.24,16.12,16.49,0
12/10/2012 15:30:00,16.49,16.82,15.37,16.49,0
15/10/2012 15:30:00,16.49,16.68,15.78,15.9,0
16/10/2012 15:30:00,15.9,15.9,14.82,15.57,0
17/10/2012 15:30:00,15.57,15.57,14.36,15.17,0
18/10/2012 15:30:00,15.17,15.17,14.15,14.76,0
19/10/2012 15:30:00,14.76,15.19,13.95,14.54,0
22/10/2012 15:30:00,14.34,14.37,12.87,13.04,0
23/10/2012 15:30:00,13.04,14.22,12.93,13.71,0
25/10/2012 15:30:00,13.71,14.55,13.4,13.52,0
26/10/2012 15:30:00,13.52,14.81,13.52,14.21,0
29/10/2012 15:30:00,14.21,15.37,14.21,15.12,0
30/10/2012 15:30:00,15.12,15.55,15.09,15.17,0
31/10/2012 15:30:00,15.17,15.18,14.31,14.4,0
01/11/2012 15:30:00,14.4,14.67,14.01,14.08,0
02/11/2012 15:30:00,14.08,14.08,13.25,13.66,0
05/11/2012 15:30:00,13.66,14.98,13.49,14.63,0
06/11/2012 15:30:00,14.63,15.64,13.83,15.21,0
07/11/2012 15:30:00,15.21,15.39,14.41,14.51,0
08/11/2012 15:30:00,14.51,14.57,13.86,14.22,0
09/11/2012 15:30:00,14.22,14.8,13.57,14.37,0
12/11/2012 15:30:00,14.37,15.11,13.75,14.86,0
13/11/2012 15:30:00,14.86,14.91,13.93,14.91,0
15/11/2012 15:30:00,14.91,16.36,13.85,15.53,0
16/11/2012 15:30:00,15.53,16.27,14.13,16.22,0
19/11/2012 15:30:00,16.22,17.22,14.71,16.68,0
20/11/2012 15:30:00,16.68,16.68,14.72,15.81,0
21/11/2012 15:30:00,15.81,16.03,14.82,15.46,0
22/11/2012 15:30:00,15.46,15.55,14.65,14.91,0
23/11/2012 15:30:00,14.91,15.01,13.42,14.68,0
26/11/2012 15:30:00,14.68,14.94,14.09,14.67,0
27/11/2012 15:30:00,14.67,14.68,13.39,13.96,0
29/11/2012 15:30:00,13.96,15.62,13.48,15.37,0
30/11/2012 15:30:00,15.37,15.38,14.06,15.15,0
03/12/2012 15:30:00,15.15,15.72,14.54,15.62,0
04/12/2012 15:30:00,15.62,16.17,14.62,15.91,0
05/12/2012 15:30:00,15.91,16.72,14.79,16.62,0
06/12/2012 15:30:00,16.62,16.62,15.02,15.24,0
07/12/2012 15:30:00,15.24,15.51,14.42,14.96,0
10/12/2012 15:30:00,14.96,14.96,14.22,14.51,0
11/12/2012 15:30:00,14.51,14.84,13.39,14.67,0
12/12/2012 15:30:00,14.67,14.67,13.4,14.51,0
13/12/2012 15:30:00,14.51,14.86,13.29,14.71,0
14/12/2012 15:30:00,14.71,14.83,13.43,14.23,0
17/12/2012 15:30:00,14.23,15.06,13.42,14.92,0
18/12/2012 15:30:00,14.92,14.92,14.07,14.44,0
19/12/2012 15:30:00,14.44,14.64,13.28,14.47,0
20/12/2012 15:30:00,14.47,14.9,13.77,14.32,0
21/12/2012 15:30:00,14.32,15.06,13.77,14.63,0
24/12/2012 15:30:00,14.63,15.15,14.15,14.49,0
26/12/2012 15:30:00,14.49,14.98,14.03,14.1,0
27/12/2012 15:30:00,14.1,14.34,13.62,13.74,0
28/12/2012 15:30:00,13.74,13.83,13.46,13.63,0
31/12/2012 15:30:00,13.63,14.97,13.63,14.95,0
01/01/2013 15:30:00,14.95,14.95,13.64,13.69,0
02/01/2013 15:30:00,13.69,13.91,12.99,13.71,0
03/01/2013 15:30:00,13.71,13.94,13.22,13.47,0
04/01/2013 15:30:00,13.47,13.63,13.28,13.37,0
07/01/2013 15:30:00,13.37,14.04,13.37,13.92,0
08/01/2013 15:30:00,13.92,14.06,13.21,13.27,0
09/01/2013 15:30:00,13.27,13.56,12.58,13.32,0
10/01/2013 15:30:00,13.32,13.63,12.85,13.27,0
11/01/2013 15:30:00,13.27,13.35,12.83,13.23,0
14/01/2013 15:30:00,13.23,14.02,13.22,13.7,0
15/01/2013 15:30:00,13.7,14,13.34,13.58,0
16/01/2013 15:30:00,13.58,14.14,13.06,13.99,0
17/01/2013 15:30:00,13.99,14.25,13.66,14.01,0
18/01/2013 15:30:00,14.01,14.26,13.25,13.89,0
21/01/2013 15:30:00,13.89,14.39,13.63,13.66,0
22/01/2013 15:30:00,13.66,14.06,12.9,13.89,0
23/01/2013 15:30:00,13.89,14.28,13.13,13.67,0
24/01/2013 15:30:00,13.67,14.55,12.84,14.46,0
25/01/2013 15:30:00,14.46,14.98,14.32,14.77,0
28/01/2013 15:30:00,14.77,15.49,14.41,15.17,0
29/01/2013 15:30:00,15.17,15.28,14.28,14.47,0
30/01/2013 15:30:00,14.47,14.68,14.05,14.38,0
31/01/2013 15:30:00,14.38,14.54,13.65,14.13,0
01/02/2013 15:30:00,14.13,14.18,13.76,13.76,0
04/02/2013 15:30:00,13.76,14.62,13.51,14.34,0
05/02/2013 15:30:00,14.34,14.83,14.11,14.61,0
06/02/2013 15:30:00,14.61,14.61,14.1,14.26,0
07/02/2013 15:30:00,14.26,14.89,13.56,14.89,0
08/02/2013 15:30:00,14.89,15.22,13.75,15.16,0
11/02/2013 15:30:00,15.16,15.74,14.96,15.65,0
12/02/2013 15:30:00,15.65,15.71,14.98,15.31,0
13/02/2013 15:30:00,15.31,15.31,14.47,15.14,0
14/02/2013 15:30:00,15.14,15.52,14.67,15.09,0
15/02/2013 15:30:00,15.09,15.49,14.13,15.24,0
18/02/2013 15:30:00,15.24,16.61,15.24,16.29,0
19/02/2013 15:30:00,16.29,16.5,15.48,15.81,0
20/02/2013 15:30:00,15.81,16.01,14.88,15.6,0
21/02/2013 15:30:00,15.6,17.25,15.25,16.94,0
22/02/2013 15:30:00,16.94,17.29,16.36,16.79,0
25/02/2013 15:30:00,16.79,17.33,16.61,16.73,0
26/02/2013 15:30:00,16.73,17.6,16.47,17.36,0
27/02/2013 15:30:00,17.36,17.36,16.11,16.23,0
28/02/2013 15:30:00,16.23,16.23,14.59,14.86,0
01/03/2013 15:30:00,14.86,15.09,13.93,14.06,0
04/03/2013 15:30:00,14.06,14.51,13.67,13.67,0
05/03/2013 15:30:00,13.67,13.74,13.22,13.39,0
06/03/2013 15:30:00,13.39,13.6,12.9,13.4,0
07/03/2013 15:30:00,13.4,13.62,12.83,13.07,0
08/03/2013 15:30:00,12.85,13.58,12.85,13.34,0
11/03/2013 15:30:00,13.34,14.32,13.12,14.25,0
12/03/2013 15:30:00,14.25,15.67,13.7,15.13,0
13/03/2013 15:30:00,15.13,16.43,14.69,16.2,0
14/03/2013 15:30:00,16.2,17.16,14.58,14.66,0
15/03/2013 15:30:00,14.66,15.29,14.19,15.16,0
18/03/2013 15:30:00,15.16,16.59,15.16,15.85,0
19/03/2013 15:30:00,15.85,17.84,14.83,16.71,0
20/03/2013 15:30:00,16.71,17.44,16.17,16.66,0
21/03/2013 15:30:00,16.66,17.24,15.9,16.51,0
22/03/2013 15:30:00,16.51,16.51,15.45,15.54,0
25/03/2013 15:30:00,15.54,16.36,14.92,16.36,0
26/03/2013 15:30:00,16.36,16.84,15.64,15.8,0
28/03/2013 15:30:00,15.8,16.2,15.22,15.22,0
01/04/2013 15:30:00,15.22,15.85,14.8,14.85,0
02/04/2013 15:30:00,14.85,15.09,14.1,14.1,0
03/04/2013 15:30:00,14.1,15.06,13.84,14.87,0
04/04/2013 15:30:00,14.87,16.08,14.8,15.85,0
05/04/2013 15:30:00,15.85,16.47,15.23,16.16,0
08/04/2013 15:30:00,15.67,16.96,15.67,16.77,0
09/04/2013 15:30:00,15.82,17.26,15.82,16.82,0
10/04/2013 15:30:00,16.82,17.43,16.03,16.49,0
11/04/2013 15:30:00,16.49,17.59,15.99,16.97,0
12/04/2013 15:30:00,16.97,17.26,16.33,16.45,0
15/04/2013 15:30:00,16.45,17.07,16.24,16.61,0
16/04/2013 15:30:00,16.61,16.8,16.04,16.25,0
17/04/2013 15:30:00,16.25,16.58,15.76,16.36,0
18/04/2013 15:30:00,16.36,16.49,15.21,15.36,0
22/04/2013 15:30:00,15.36,17.25,15.36,16.22,0
23/04/2013 15:30:00,16.22,16.45,14.63,15.07,0
25/04/2013 15:30:00,15.07,15.58,13.87,14.2,0
26/04/2013 15:30:00,14.6,14.6,13.84,13.88,0
29/04/2013 15:30:00,13.88,14.72,13.88,14.33,0
30/04/2013 15:30:00,14.33,15.64,13.81,15.1,0
02/05/2013 15:30:00,15.1,16.73,15.1,16.28,0
03/05/2013 15:30:00,16.28,16.55,15.43,15.55,0
06/05/2013 15:30:00,15.55,16.59,15.53,15.84,0
07/05/2013 15:30:00,15.84,16.53,15.56,16.5,0
08/05/2013 15:30:00,16.5,17.22,16.01,16.76,0
09/05/2013 15:30:00,16.76,17.15,16.53,16.6,0
10/05/2013 15:30:00,16.6,17.13,16.4,16.86,0
13/05/2013 15:30:00,16.84,17.79,16.77,17.51,0
14/05/2013 15:30:00,16.53,17.7,16.53,17.17,0
15/05/2013 15:30:00,17.17,18.16,16.54,18.13,0
16/05/2013 15:30:00,18.13,18.52,17.46,17.74,0
17/05/2013 15:30:00,17.74,17.83,16.76,17.57,0
20/05/2013 15:30:00,17.57,17.99,17.3,17.71,0
21/05/2013 15:30:00,16.99,18.22,16.99,17.88,0
22/05/2013 15:30:00,17.88,18.03,16.95,17.72,0
23/05/2013 15:30:00,17.72,19.36,16.96,18.73,0
24/05/2013 15:30:00,18.73,18.8,17.61,17.7,0
27/05/2013 15:30:00,17.7,18.04,16.68,17.03,0
28/05/2013 15:30:00,17.03,17.62,16.63,17.12,0
29/05/2013 15:30:00,16.79,17.87,16.79,17.86,0
30/05/2013 15:30:00,17.86,17.86,15.84,16.04,0
31/05/2013 15:30:00,16.04,17.21,15.88,16.99,0
03/06/2013 15:30:00,16.99,17.92,16.99,17.29,0
04/06/2013 15:30:00,17.29,17.55,16.72,17.26,0
05/06/2013 15:30:00,16.79,17.5,16.78,16.78,0
06/06/2013 15:30:00,16.78,17.52,16.59,17.35,0
07/06/2013 15:30:00,17.35,17.51,16.78,17.35,0
10/06/2013 15:30:00,17.35,18.63,17.04,18.11,0
11/06/2013 15:30:00,17.41,19.59,17.41,19.49,0
12/06/2013 15:30:00,19.49,19.85,18.75,18.85,0
13/06/2013 15:30:00,18.85,19.77,17.76,19.44,0
14/06/2013 15:30:00,19.44,19.44,17.65,18.35,0
17/06/2013 15:30:00,18.28,19.35,18.13,18.18,0
18/06/2013 15:30:00,17.89,18.85,17.89,18.29,0
19/06/2013 15:30:00,18.29,18.68,17.75,18.46,0
20/06/2013 15:30:00,18.46,19.74,17.85,19.19,0
21/06/2013 15:30:00,19.19,19.73,18.19,19.03,0
24/06/2013 15:30:00,19.03,21.79,18.48,21.01,0
25/06/2013 15:30:00,21.01,22.11,20.33,21.14,0
26/06/2013 15:30:00,21.14,21.22,20.08,21.07,0
27/06/2013 15:30:00,21.07,21.07,18.62,18.85,0
28/06/2013 15:30:00,18.85,18.85,17.62,17.95,0
01/07/2013 15:30:00,17.95,18.72,17.95,18.09,0
02/07/2013 15:30:00,18.09,18.55,17.98,18.21,0
03/07/2013 15:30:00,18.21,19.13,17.81,18.91,0
04/07/2013 15:30:00,18.91,19,18,18.58,0
05/07/2013 15:30:00,18.58,19.01,17.75,18.67,0
08/07/2013 15:30:00,18.67,19.85,18.38,19.34,0
09/07/2013 15:30:00,19.34,19.53,18.41,19.32,0
10/07/2013 15:30:00,19.32,20.11,18.33,19.98,0
11/07/2013 15:30:00,19.98,19.98,18.13,18.89,0
12/07/2013 15:30:00,18.89,18.96,17.68,18.69,0
15/07/2013 15:30:00,18.69,19.54,17.63,18.79,0
16/07/2013 15:30:00,18.79,19.82,17.79,18.99,0
17/07/2013 15:30:00,18.99,19.59,17.76,19.36,0
18/07/2013 15:30:00,19.36,19.4,18.07,18.27,0
19/07/2013 15:30:00,18.27,18.28,17.71,18.13,0
22/07/2013 15:30:00,18.03,18.66,17.62,17.63,0
23/07/2013 15:30:00,17.63,17.63,16.43,16.72,0
24/07/2013 15:30:00,16.72,18.05,16.6,16.91,0
25/07/2013 15:30:00,16.98,17.09,16.18,16.72,0
26/07/2013 15:30:00,16.54,17.05,16.27,16.78,0
29/07/2013 15:30:00,16.78,18.42,16.78,18.25,0
30/07/2013 15:30:00,18.25,18.46,17.06,18.12,0
31/07/2013 15:30:00,18.12,19.29,18.12,18.77,0
01/08/2013 15:30:00,18.77,20.9,17.72,19.81,0
02/08/2013 15:30:00,19.81,21.22,19,20.89,0
05/08/2013 15:30:00,20.89,21.62,20.56,20.8,0
06/08/2013 15:30:00,20.8,22.75,20.32,22.73,0
07/08/2013 15:30:00,22.73,23.28,21.86,22.04,0
08/08/2013 15:30:00,22.04,22.04,20.59,21.19,0
12/08/2013 15:30:00,21.19,21.99,20.17,21.28,0
13/08/2013 15:30:00,20.26,21.11,19.07,19.26,0
14/08/2013 15:30:00,19.26,19.62,18.27,18.7,0
16/08/2013 15:30:00,18.7,24.76,18.07,23.64,0
19/08/2013 15:30:00,23.64,26.99,23.64,25.59,0
20/08/2013 15:30:00,25.59,27.43,24.86,27.23,0
21/08/2013 15:30:00,27.23,29.96,24.25,28.09,0
22/08/2013 15:30:00,28.09,29.86,27.99,29.06,0
23/08/2013 15:30:00,27.68,27.84,25.34,25.75,0
26/08/2013 15:30:00,25.75,27.43,24.72,26.38,0
27/08/2013 15:30:00,26.38,30.04,25.97,29.42,0
28/08/2013 15:30:00,29.42,36.02,29.42,32.38,0
29/08/2013 15:30:00,32.38,32.44,28.83,29.41,0
30/08/2013 15:30:00,29.41,30.31,27.11,27.81,0
02/09/2013 15:30:00,27.81,28.55,26.97,27.55,0
03/09/2013 15:30:00,27.55,32.66,26.76,32.49,0
04/09/2013 15:30:00,32.49,33.02,30.83,31.11,0
05/09/2013 15:30:00,31.11,31.11,27.51,28.53,0
06/09/2013 15:30:00,28.53,29.28,27.63,28.65,0
10/09/2013 15:30:00,28.65,29.52,27.09,29.44,0
11/09/2013 15:30:00,29.44,31.16,28.48,29.75,0
12/09/2013 15:30:00,29.75,30.8,26.7,29.71,0
13/09/2013 15:30:00,29.71,29.71,28.17,28.29,0
16/09/2013 15:30:00,28.29,29.67,25.9,28.82,0
17/09/2013 15:30:00,28.82,29.58,27.6,27.93,0
18/09/2013 15:30:00,27.93,28.49,26.99,27.69,0
19/09/2013 15:30:00,23.62,25.36,23.56,24.5,0
20/09/2013 15:30:00,24.5,26.18,23.4,24.73,0
23/09/2013 15:30:00,24.73,27.24,24.73,27.02,0
24/09/2013 15:30:00,27.02,28.49,26.27,26.72,0
25/09/2013 15:30:00,26.72,27.05,25.05,25.68,0
26/09/2013 15:30:00,25.68,25.8,23.57,24,0
27/09/2013 15:30:00,24,25.24,23.36,24.06,0
30/09/2013 15:30:00,25,26.65,24.91,26.65,0
01/10/2013 15:30:00,26.65,28.02,25.74,25.77,0
03/10/2013 15:30:00,25.77,25.89,24.93,25.17,0
04/10/2013 15:30:00,24.5,26.74,24.5,26.13,0
07/10/2013 15:30:00,26.13,27.93,26.13,26.83,0
08/10/2013 15:30:00,26.83,27.38,24.65,26.55,0
09/10/2013 15:30:00,26.03,27.16,25.75,25.87,0
10/10/2013 15:30:00,25.87,26.95,25.02,25.88,0
11/10/2013 15:30:00,23.08,25.42,23.08,23.59,0
14/10/2013 15:30:00,23.59,24.42,22.72,22.85,0
15/10/2013 15:30:00,22.85,23.99,20.91,23.24,0
17/10/2013 15:30:00,23.24,23.24,21.02,21.06,0
18/10/2013 15:30:00,21.06,21.06,19.32,20.12,0
21/10/2013 15:30:00,19.16,21.1,19.16,20.18,0
22/10/2013 15:30:00,20.18,20.43,19.21,19.96,0
23/10/2013 15:30:00,19.96,20.79,18.76,20.35,0
24/10/2013 15:30:00,20.35,21.27,19.2,20.64,0
25/10/2013 15:30:00,20.64,21.04,19.87,20.42,0
28/10/2013 15:30:00,20.42,21.56,20.11,21.29,0
29/10/2013 15:30:00,21.29,21.54,19.6,19.76,0
30/10/2013 15:30:00,19.76,20.06,18.84,19.53,0
31/10/2013 15:30:00,19.53,19.75,18.21,18.39,0
01/11/2013 15:30:00,18.39,19.39,17.86,18.64,0
05/11/2013 15:30:00,19.49,20.26,19.28,19.94,0
06/11/2013 15:30:00,19.94,20.46,18.55,20.25,0
07/11/2013 15:30:00,20.25,20.63,19.62,19.87,0
08/11/2013 15:30:00,19.87,20.49,19.16,19.64,0
11/11/2013 15:30:00,19.64,20.71,19.32,19.98,0
12/11/2013 15:30:00,19.98,20.86,18.73,20.86,0
13/11/2013 15:30:00,20.86,21.12,20.15,20.45,0
14/11/2013 15:30:00,18.62,19.6,18.58,19.26,0
18/11/2013 15:30:00,19.26,19.55,17.48,18.82,0
19/11/2013 15:30:00,17.7,19.39,17.7,19.3,0
20/11/2013 15:30:00,19.3,20.88,18.24,20.83,0
21/11/2013 15:30:00,20.83,22.36,19.76,21.14,0
22/11/2013 15:30:00,21.14,21.32,19.97,20.04,0
25/11/2013 15:30:00,20.04,21.27,19.49,21.05,0
26/11/2013 15:30:00,21.05,22.01,20.3,21.59,0
27/11/2013 15:30:00,21.59,22.01,20.54,21.14,0
28/11/2013 15:30:00,20.18,20.91,20.18,20.71,0
29/11/2013 15:30:00,20.37,21.53,20.25,21.38,0
02/12/2013 15:30:00,21.38,23.36,21.3,23.36,0
03/12/2013 15:30:00,23.36,25.09,22.96,24.72,0
04/12/2013 15:30:00,24.72,25.45,23.34,23.71,0
05/12/2013 15:30:00,20.58,22.07,20.08,21.68,0
06/12/2013 15:30:00,21.68,22.36,21.08,22.21,0
09/12/2013 15:30:00,22.21,22.21,18.09,19.16,0
10/12/2013 15:30:00,19.16,19.16,17.96,17.98,0
11/12/2013 15:30:00,17.98,18.53,17.08,17.54,0
12/12/2013 15:30:00,17.03,17.93,17.03,17.74,0
13/12/2013 15:30:00,16.79,18,16.79,17.84,0
16/12/2013 15:30:00,17.84,18.76,17.54,18.36,0
17/12/2013 15:30:00,18.36,18.61,17.13,18.33,0
18/12/2013 15:30:00,18.33,18.46,17.06,17.54,0
19/12/2013 15:30:00,17.54,17.54,15.63,16.58,0
20/12/2013 15:30:00,16.58,16.72,15.51,16.02,0
23/12/2013 15:30:00,16.02,17.13,15.91,16.26,0
24/12/2013 15:30:00,16.26,16.94,15.52,15.58,0
26/12/2013 15:30:00,15.58,16.27,14.62,14.88,0
27/12/2013 15:30:00,14.88,15.51,14.62,14.66,0
30/12/2013 15:30:00,14.66,15.52,14.66,15.08,0
31/12/2013 15:30:00,15.08,15.44,14.75,15.12,0
01/01/2014 15:30:00,15.12,15.58,15.1,15.58,0
02/01/2014 15:30:00,15.58,16.97,15.33,16.55,0
03/01/2014 15:30:00,16.55,17.32,15.79,15.87,0
06/01/2014 15:30:00,15.87,16.91,15.87,16.5,0
07/01/2014 15:30:00,16.5,16.91,16.1,16.32,0
08/01/2014 15:30:00,16.32,16.48,15.82,16.32,0
09/01/2014 15:30:00,16.32,16.64,15.9,16.18,0
10/01/2014 15:30:00,16.18,16.37,15.02,15.58,0
13/01/2014 15:30:00,15.58,16.03,14.61,15.95,0
14/01/2014 15:30:00,15.95,16.27,15.13,15.74,0
15/01/2014 15:30:00,15.74,15.88,14.7,15.42,0
16/01/2014 15:30:00,15.42,15.82,14.4,15.54,0
17/01/2014 15:30:00,15.54,15.83,14.1,15.41,0
20/01/2014 15:30:00,15.41,16.07,14.77,15.35,0
21/01/2014 15:30:00,15.35,15.71,13.88,15.55,0
22/01/2014 15:30:00,15.55,15.87,14.92,15.85,0
23/01/2014 15:30:00,15.85,16.03,15.14,15.58,0
24/01/2014 15:30:00,15.58,16.18,15.24,15.83,0
27/01/2014 15:30:00,15.83,18.67,15.83,18.67,0
28/01/2014 15:30:00,18.67,18.72,17.61,17.72,0
29/01/2014 15:30:00,17.72,18.15,16.73,18.04,0
30/01/2014 15:30:00,18.04,18.34,17.07,17.25,0
31/01/2014 15:30:00,17.25,17.33,16.64,16.82,0
03/02/2014 15:30:00,16.82,18.34,16.82,18.27,0
04/02/2014 15:30:00,18.27,19.82,18.05,18.69,0
05/02/2014 15:30:00,18.69,20.09,17.74,18.93,0
06/02/2014 15:30:00,18.93,20.23,18,18.94,0
07/02/2014 15:30:00,18.94,19.11,17.7,18.55,0
10/02/2014 15:30:00,18.55,19.2,17.58,19.05,0
11/02/2014 15:30:00,19.05,19.05,17.4,18.63,0
12/02/2014 15:30:00,18.63,18.63,16.12,17.43,0
13/02/2014 15:30:00,17.43,17.96,15.22,17.8,0
14/02/2014 15:30:00,17.8,17.83,15.61,16.66,0
17/02/2014 15:30:00,16.66,17.02,15.54,15.83,0
18/02/2014 15:30:00,15.83,15.83,13.68,15.41,0
20/02/2014 15:30:00,15.07,15.72,14.27,15.16,0
21/02/2014 15:30:00,15.16,15.16,13.88,14.04,0
24/02/2014 15:30:00,14.04,14.83,13.69,14.36,0
25/02/2014 15:30:00,14.36,14.36,13.53,13.95,0
26/02/2014 15:30:00,13.95,14.2,13.24,13.96,0
28/02/2014 15:30:00,13.96,14.87,13.55,14.18,0
03/03/2014 15:30:00,14.18,15.73,13.94,15.28,0
04/03/2014 15:30:00,15.28,15.37,13.93,14.39,0
05/03/2014 15:30:00,14.39,14.43,13.34,13.84,0
06/03/2014 15:30:00,13.84,14.64,12.5,14.48,0
07/03/2014 15:30:00,14.48,16.91,13.26,16.72,0
10/03/2014 15:30:00,16.72,17.99,15.95,17.78,0
11/03/2014 15:30:00,17.78,17.92,14.27,17.33,0
12/03/2014 15:30:00,17.33,17.44,16.09,17.04,0
13/03/2014 15:30:00,17.04,17.08,14.65,16.82,0
14/03/2014 15:30:00,16.82,17.29,14.29,16.45,0
18/03/2014 15:30:00,16.45,17.56,15.73,17.13,0
19/03/2014 15:30:00,17.13,17.33,15.67,16.88,0
20/03/2014 15:30:00,16.88,17.15,15.41,16.91,0
21/03/2014 15:30:00,16.91,16.91,14.39,16.18,0
24/03/2014 15:30:00,15.88,17.2,15.24,16.54,0
25/03/2014 15:30:00,16.54,17.13,15.42,16.92,0
26/03/2014 15:30:00,16.92,18.25,15.72,17.77,0
27/03/2014 15:30:00,17.77,18.73,17.24,18.37,0
28/03/2014 15:30:00,18.37,19.15,17.1,18.63,0
31/03/2014 15:30:00,18.63,21.8,17.49,21.62,0
01/04/2014 15:30:00,21.62,21.67,19.54,20.69,0
02/04/2014 15:30:00,20.69,21.3,16.86,21.21,0
03/04/2014 15:30:00,21.21,22.31,17.31,22.11,0
04/04/2014 15:30:00,22.11,22.83,16.67,22.69,0
07/04/2014 15:30:00,22.69,25.49,17.69,24.95,0
09/04/2014 15:30:00,24.95,27.09,22.39,26.91,0
10/04/2014 15:30:00,26.91,29.71,21.11,28.72,0
11/04/2014 15:30:00,28.72,29.48,20.83,29.19,0
15/04/2014 15:30:00,29.19,32.62,22.87,31.88,0
16/04/2014 15:30:00,31.88,32.08,21.68,31.16,0
17/04/2014 15:30:00,31.16,31.33,21.65,30.85,0
21/04/2014 15:30:00,30.85,38.04,30.85,34.38,0
22/04/2014 15:30:00,34.38,37.23,32.94,33.35,0
23/04/2014 15:30:00,33.35,34.25,28.07,31.13,0
25/04/2014 15:30:00,31.13,32.98,30.12,30.68,0
28/04/2014 15:30:00,30.68,31.93,30.5,31.39,0
29/04/2014 15:30:00,31.39,32.44,30.49,31.05,0
30/04/2014 15:30:00,31.05,31.46,30.03,30.59,0
02/05/2014 15:30:00,30.59,33.42,29.18,33.06,0
05/05/2014 15:30:00,33.06,35.31,30.99,34.19,0
06/05/2014 15:30:00,34.19,34.3,31.37,33.27,0
07/05/2014 15:30:00,33.27,34.46,30.31,33.61,0
08/05/2014 15:30:00,33.61,35.01,29.61,34.3,0
09/05/2014 15:30:00,34.3,38.96,32.68,37.71,0
12/05/2014 15:30:00,37.71,39.3,33.82,37.1,0
13/05/2014 15:30:00,37.1,37.1,28.25,32.05,0
14/05/2014 15:30:00,32.05,32.99,28.61,32.42,0
15/05/2014 15:30:00,32.42,37.48,31.14,36.77,0
16/05/2014 15:30:00,36.77,36.77,21.74,24.29,0
19/05/2014 15:30:00,24.29,24.29,19.62,20.63,0
20/05/2014 15:30:00,20.63,21.13,16.17,19.23,0
21/05/2014 15:30:00,19.23,19.23,14.56,17.91,0
22/05/2014 15:30:00,17.91,18.68,14.76,17.84,0
23/05/2014 15:30:00,17.84,18.1,13.97,17.7,0
26/05/2014 15:30:00,17.7,20.6,14.59,19.84,0
27/05/2014 15:30:00,19.84,21.42,17.77,19.1,0
28/05/2014 15:30:00,19.1,19.56,17.34,17.56,0
29/05/2014 15:30:00,17.56,17.77,16.17,16.69,0
30/05/2014 15:30:00,16.69,16.95,15.87,16.34,0
02/06/2014 15:30:00,16.34,17.1,15.71,16.5,0
03/06/2014 15:30:00,16.5,16.9,15.16,15.8,0
04/06/2014 15:30:00,15.8,15.92,14.44,15.57,0
05/06/2014 15:30:00,15.57,16.04,14.13,15.45,0
06/06/2014 15:30:00,15.45,16.45,13.74,15.98,0
09/06/2014 15:30:00,15.98,17.42,14.63,17.1,0
10/06/2014 15:30:00,17.1,18.13,14.39,16.66,0
11/06/2014 15:30:00,16.66,17.5,14,17.06,0
12/06/2014 15:30:00,17.06,17.48,15.69,16.9,0
13/06/2014 15:30:00,16.9,17.96,14.52,17.76,0
16/06/2014 15:30:00,17.76,18.54,15.26,17.98,0
17/06/2014 15:30:00,17.98,18.48,16.61,17.7,0
18/06/2014 15:30:00,17.7,19.14,14.55,18.58,0
19/06/2014 15:30:00,18.58,19.38,16.96,18.74,0
20/06/2014 15:30:00,18.74,19.25,15.59,18.85,0
23/06/2014 15:30:00,18.85,19.54,17.82,18.96,0
24/06/2014 15:30:00,18.96,20.61,18.68,19.19,0
25/06/2014 15:30:00,19.19,20.12,18.11,18.31,0
26/06/2014 15:30:00,18.31,18.5,17.1,17.7,0
27/06/2014 15:30:00,17.7,18.37,17.38,17.63,0
30/06/2014 15:30:00,17.63,18.45,17.59,17.87,0
01/07/2014 15:30:00,17.87,18.15,17.24,17.66,0
02/07/2014 15:30:00,17.66,17.79,17.09,17.57,0
03/07/2014 15:30:00,17.57,18.26,17.23,17.81,0
04/07/2014 15:30:00,17.81,18.68,17.06,18.16,0
07/07/2014 15:30:00,18.16,19.58,17.55,19.41,0
08/07/2014 15:30:00,19.41,19.95,18.16,19.18,0
09/07/2014 15:30:00,19.18,19.31,18.01,18.19,0
10/07/2014 15:30:00,18.19,18.19,15.41,15.97,0
11/07/2014 15:30:00,15.97,16.02,14.85,15.72,0
14/07/2014 15:30:00,15.72,16.71,14.98,15.56,0
15/07/2014 15:30:00,15.56,15.56,13.84,14.77,0
16/07/2014 15:30:00,14.77,15.08,13.82,14.73,0
17/07/2014 15:30:00,14.73,15.18,11.94,14.97,0
18/07/2014 15:30:00,14.97,15.53,12.98,15.1,0
21/07/2014 15:30:00,15.1,15.51,13.63,14.9,0
22/07/2014 15:30:00,14.9,14.9,12.25,14.64,0
23/07/2014 15:30:00,14.64,15.1,12.47,14.69,0
24/07/2014 15:30:00,14.69,15.15,12.44,14.72,0
25/07/2014 15:30:00,14.72,15,12.78,14.22,0
28/07/2014 15:30:00,14.22,15.1,14.11,14.32,0
30/07/2014 15:30:00,14.32,14.76,13.69,13.89,0
31/07/2014 15:30:00,13.89,14.07,13.13,13.82,0
01/08/2014 15:30:00,13.82,15.38,13.71,15.22,0
04/08/2014 15:30:00,15.22,15.47,14.31,14.82,0
05/08/2014 15:30:00,14.82,14.82,13.67,13.95,0
06/08/2014 15:30:00,13.95,14.57,12.92,14.3,0
07/08/2014 15:30:00,14.3,14.46,13.02,14.14,0
08/08/2014 15:30:00,14.14,15.18,13.03,14.62,0
11/08/2014 15:30:00,14.62,14.76,13.48,14,0
12/08/2014 15:30:00,14,14.43,12.33,13.47,0
13/08/2014 15:30:00,13.47,14.09,12.72,13.76,0
14/08/2014 15:30:00,13.76,13.76,11.84,13.22,0
18/08/2014 15:30:00,13.22,14.2,11.98,13.5,0
19/08/2014 15:30:00,13.5,14.21,11.95,13.91,0
20/08/2014 15:30:00,13.91,14.33,12.46,13.66,0
21/08/2014 15:30:00,13.66,14.36,12.01,13.73,0
22/08/2014 15:30:00,13.73,13.97,12.2,13.62,0
25/08/2014 15:30:00,13.62,14.17,12.01,13.79,0
26/08/2014 15:30:00,13.79,14.52,13.28,13.9,0
27/08/2014 15:30:00,13.9,13.9,12.74,13.06,0
28/08/2014 15:30:00,13.06,14.35,12.33,13.07,0
01/09/2014 15:30:00,13.07,13.68,12.86,13.53,0
02/09/2014 15:30:00,13.53,13.91,12.49,13.45,0
03/09/2014 15:30:00,13.45,13.95,12.57,13.39,0
04/09/2014 15:30:00,13.39,13.62,12.4,13.08,0
05/09/2014 15:30:00,13.08,13.31,12.31,12.94,0
08/09/2014 15:30:00,12.94,13.07,12.18,12.79,0
09/09/2014 15:30:00,12.79,13.04,11.01,12.76,0
10/09/2014 15:30:00,12.76,13.11,11.81,12.93,0
11/09/2014 15:30:00,12.93,13.14,11.82,12.52,0
12/09/2014 15:30:00,12.52,12.62,11.4,12.37,0
15/09/2014 15:30:00,12.37,13.36,12.04,13.26,0
16/09/2014 15:30:00,13.26,13.73,12.05,13.28,0
17/09/2014 15:30:00,13.28,13.28,11.26,12.95,0
18/09/2014 15:30:00,12.95,12.95,11.05,12.33,0
19/09/2014 15:30:00,12.33,12.4,11.38,11.89,0
22/09/2014 15:30:00,11.89,12.44,10.32,11.57,0
23/09/2014 15:30:00,11.57,12.87,11.08,12.41,0
24/09/2014 15:30:00,12.41,13.52,11.89,12.54,0
25/09/2014 15:30:00,12.54,13.88,11.58,13.3,0
26/09/2014 15:30:00,13.3,14.83,12.54,12.93,0
29/09/2014 15:30:00,12.93,14.23,12.77,13.39,0
30/09/2014 15:30:00,13.39,13.57,12.72,13.15,0
01/10/2014 15:30:00,13.15,13.48,12.83,13,0
07/10/2014 15:30:00,13,14.57,13,14.46,0
08/10/2014 15:30:00,14.46,14.85,13.68,14.11,0
09/10/2014 15:30:00,14.11,14.11,12.75,13.16,0
10/10/2014 15:30:00,13.16,14.46,12.45,14.33,0
13/10/2014 15:30:00,14.33,15.23,14.07,14.5,0
14/10/2014 15:30:00,14.5,15.3,12.93,14.59,0
16/10/2014 15:30:00,14.59,16.89,14.32,16.43,0
17/10/2014 15:30:00,16.43,16.86,14.74,16.4,0
20/10/2014 15:30:00,16.4,16.4,12.94,14.19,0
21/10/2014 15:30:00,14.19,14.19,11.98,13.33,0
22/10/2014 15:30:00,13.33,13.33,12.04,13.03,0
27/10/2014 15:30:00,12.86,13.8,11.92,13.52,0
28/10/2014 15:30:00,13.52,13.66,12.04,13.32,0
29/10/2014 15:30:00,13.32,13.6,12.54,13.01,0
30/10/2014 15:30:00,13.01,13.46,11.76,13.27,0
31/10/2014 15:30:00,13.27,13.76,12.22,13.3,0
03/11/2014 15:30:00,13.3,13.95,12.46,13.74,0
05/11/2014 15:30:00,13.74,14.32,12.49,13.76,0
07/11/2014 15:30:00,13.76,14.7,13.12,14.11,0
10/11/2014 15:30:00,14.11,17.21,12.98,13.93,0
11/11/2014 15:30:00,13.93,15.49,12.72,14.8,0
12/11/2014 15:30:00,14.8,14.8,12.59,14.44,0
13/11/2014 15:30:00,14.44,14.44,12.71,13.8,0
14/11/2014 15:30:00,13.8,14.2,11.38,13.97,0
17/11/2014 15:30:00,13.97,14.91,11.48,14.41,0
18/11/2014 15:30:00,14.41,14.91,10.84,14.07,0
19/11/2014 15:30:00,14.07,14.63,10.25,14.35,0
20/11/2014 15:30:00,14.35,14.36,11.91,14.17,0
21/11/2014 15:30:00,14.17,15.15,11.05,13.85,0
24/11/2014 15:30:00,13.85,13.85,9.35,13.02,0
25/11/2014 15:30:00,13.02,14.25,11.45,13.53,0
26/11/2014 15:30:00,13.53,13.54,10.61,12.99,0
27/11/2014 15:30:00,12.99,13.12,11.65,12.74,0
28/11/2014 15:30:00,12.74,13.13,11.6,12.9,0
01/12/2014 15:30:00,12.9,13.62,12.2,13.2,0
02/12/2014 15:30:00,13.2,13.33,12.21,12.4,0
03/12/2014 15:30:00,12.4,12.61,11.29,12.37,0
04/12/2014 15:30:00,12.37,12.64,10.72,12.45,0
05/12/2014 15:30:00,12.45,12.45,11.33,11.95,0
08/12/2014 15:30:00,11.95,12.65,11.23,12.21,0
09/12/2014 15:30:00,12.21,13.08,10.82,12.5,0
10/12/2014 15:30:00,12.5,12.97,11.57,12.24,0
11/12/2014 15:30:00,12.24,12.9,11.19,12.77,0
12/12/2014 15:30:00,12.77,13.91,11.53,13.75,0
15/12/2014 15:30:00,13.75,14.33,12.57,14.02,0
16/12/2014 15:30:00,14.02,16.56,12.57,16.31,0
17/12/2014 15:30:00,16.31,19.06,14.2,16.93,0
18/12/2014 15:30:00,16.93,16.93,13.97,14.6,0
19/12/2014 15:30:00,14.6,14.78,11.85,14.51,0
22/12/2014 15:30:00,14.51,15.58,14.02,14.21,0
23/12/2014 15:30:00,14.21,16.11,13.55,15.3,0
24/12/2014 15:30:00,15.3,15.61,14.3,15.07,0
26/12/2014 15:30:00,15.07,16.36,14.4,14.65,0
29/12/2014 15:30:00,14.65,15.04,14.22,14.58,0
30/12/2014 15:30:00,14.58,15.22,14.14,14.86,0
31/12/2014 15:30:00,14.86,15.4,14.6,15.12,0
01/01/2015 15:30:00,15.12,15.51,14.76,15.03,0
02/01/2015 15:30:00,15.03,15.03,13.48,13.8,0
05/01/2015 15:30:00,13.8,14.41,13.15,14.15,0
06/01/2015 15:30:00,14.15,17.87,13.46,17.42,0
07/01/2015 15:30:00,17.42,19.07,16.5,18.14,0
08/01/2015 15:30:00,18.14,18.14,15.38,16.47,0
09/01/2015 15:30:00,16.47,16.91,14.46,15.96,0
12/01/2015 15:30:00,15.96,17.55,14.37,16.11,0
13/01/2015 15:30:00,16.11,16.81,14.57,16.48,0
14/01/2015 15:30:00,16.48,17.8,14.66,17.25,0
15/01/2015 15:30:00,17.25,17.25,13.83,16.16,0
16/01/2015 15:30:00,16.16,17.5,14.86,17.27,0
19/01/2015 15:30:00,17.27,18.29,14.56,17.65,0
20/01/2015 15:30:00,17.65,17.65,15.72,17.27,0
21/01/2015 15:30:00,17.27,18.14,14.33,17.71,0
22/01/2015 15:30:00,17.71,18.76,14.21,18.57,0
23/01/2015 15:30:00,18.57,18.74,13.46,17.89,0
27/01/2015 15:30:00,17.89,18.68,16.78,18.09,0
28/01/2015 15:30:00,18.09,20.15,17.62,19.77,0
29/01/2015 15:30:00,19.77,20.57,17.7,19.43,0
30/01/2015 15:30:00,19.43,21.21,18.33,20.17,0
02/02/2015 15:30:00,20.17,21.37,19.86,20.41,0
03/02/2015 15:30:00,20.41,20.48,19,19.81,0
04/02/2015 15:30:00,19.81,20.29,17.97,20.05,0
05/02/2015 15:30:00,20.05,20.89,18.26,20.62,0
06/02/2015 15:30:00,20.62,21.24,18.72,20.69,0
09/02/2015 15:30:00,20.69,22.12,18.59,22.02,0
10/02/2015 15:30:00,22.02,22.02,19.85,21.19,0
11/02/2015 15:30:00,21.19,21.51,18.54,20.5,0
12/02/2015 15:30:00,20.5,20.96,17.93,20.16,0
13/02/2015 15:30:00,20.16,20.45,16.98,20.1,0
16/02/2015 15:30:00,20.1,21.12,17.48,20.83,0
18/02/2015 15:30:00,20.83,21.65,18.65,20.91,0
19/02/2015 15:30:00,20.91,21.91,19.4,20.4,0
20/02/2015 15:30:00,20.4,21.5,19.24,21.27,0
23/02/2015 15:30:00,21.27,22.02,19.41,21.63,0
24/02/2015 15:30:00,21.63,22.07,20.92,21.55,0
25/02/2015 15:30:00,21.55,21.55,20.22,20.78,0
26/02/2015 15:30:00,20.78,21.24,19.94,20.58,0
27/02/2015 15:30:00,20.58,20.58,19.3,19.57,0
02/03/2015 15:30:00,16.97,16.97,15.74,15.85,0
03/03/2015 15:30:00,15.85,15.95,14.98,15.49,0
04/03/2015 15:30:00,15.49,15.49,14.3,15.2,0
05/03/2015 15:30:00,15.2,15.25,13.97,14.44,0
09/03/2015 15:30:00,14.44,16.01,13.32,15.81,0
10/03/2015 15:30:00,15.81,16.15,14.96,15.53,0
11/03/2015 15:30:00,15.53,15.61,14.25,15.13,0
12/03/2015 15:30:00,15.13,15.13,13.78,14.75,0
13/03/2015 15:30:00,14.75,15.24,13.45,14.97,0
16/03/2015 15:30:00,14.97,15.37,14.33,15.18,0
17/03/2015 15:30:00,15.18,15.46,13.43,15.13,0
18/03/2015 15:30:00,15.13,15.7,13.72,15.51,0
19/03/2015 15:30:00,15.51,15.51,12.89,15.2,0
20/03/2015 15:30:00,15.2,15.36,13.08,14.26,0
23/03/2015 15:30:00,14.26,14.58,12.44,14.27,0
24/03/2015 15:30:00,14.27,14.49,12.45,13.67,0
25/03/2015 15:30:00,13.67,13.95,12.36,13.14,0
26/03/2015 15:30:00,13.14,15.61,12.52,15.16,0
27/03/2015 15:30:00,15.16,15.4,14.37,14.5,0
30/03/2015 15:30:00,14.5,15.19,14.11,14.26,0
31/03/2015 15:30:00,14.26,14.74,13.86,14.49,0
01/04/2015 15:30:00,14.49,14.68,13.57,13.67,0
06/04/2015 15:30:00,13.67,15.05,13.6,14.57,0
07/04/2015 15:30:00,14.57,14.9,13.98,14.25,0
08/04/2015 15:30:00,14.25,14.7,13.35,14.35,0
09/04/2015 15:30:00,14.35,14.89,13.29,14.42,0
10/04/2015 15:30:00,14.42,14.79,13.43,14.26,0
13/04/2015 15:30:00,14.26,14.93,13.06,14.49,0
15/04/2015 15:30:00,14.49,14.99,13.34,14.62,0
16/04/2015 15:30:00,14.62,15.3,12.97,14.95,0
17/04/2015 15:30:00,14.95,15.18,13.62,15.04,0
20/04/2015 15:30:00,15.04,16.42,13.66,16.3,0
21/04/2015 15:30:00,16.3,17.34,15.23,17.03,0
22/04/2015 15:30:00,17.03,18.38,14.69,17.21,0
23/04/2015 15:30:00,17.21,19.43,14.97,18.5,0
24/04/2015 15:30:00,18.5,19.59,17.36,19.11,0
27/04/2015 15:30:00,19.11,20.09,16.22,18.74,0
28/04/2015 15:30:00,18.74,18.9,16.75,17.41,0
29/04/2015 15:30:00,17.41,17.89,15.73,17.24,0
30/04/2015 15:30:00,17.24,18.12,16.31,17.23,0
04/05/2015 15:30:00,17.23,18.28,16.96,17.31,0
05/05/2015 15:30:00,17.31,18.07,16.27,17.36,0
06/05/2015 15:30:00,17.36,20.46,16.71,19.67,0
07/05/2015 15:30:00,19.67,20.03,18.34,19.65,0
08/05/2015 15:30:00,19.65,19.65,17.44,19.11,0
11/05/2015 15:30:00,19.11,19.28,16.77,18.63,0
12/05/2015 15:30:00,18.63,21.33,17.22,20.55,0
13/05/2015 15:30:00,20.55,21.43,18.1,20.69,0
14/05/2015 15:30:00,20.69,21.91,19.82,20.7,0
15/05/2015 15:30:00,20.7,20.98,19.1,19.82,0
18/05/2015 15:30:00,19.82,20.47,16.77,17.9,0
19/05/2015 15:30:00,17.9,18.52,14.87,18.27,0
20/05/2015 15:30:00,18.27,18.27,15.57,17.72,0
21/05/2015 15:30:00,17.72,18.06,16.14,17.41,0
22/05/2015 15:30:00,17.41,17.44,14.2,16.95,0
25/05/2015 15:30:00,16.95,17.7,14.68,16.93,0
26/05/2015 15:30:00,16.93,17.84,15.29,17.07,0
27/05/2015 15:30:00,17.07,17.97,16.91,17.28,0
28/05/2015 15:30:00,17.28,17.72,16.6,17.13,0
29/05/2015 15:30:00,17.13,17.71,16.44,16.66,0
01/06/2015 15:30:00,16.66,17.46,16.06,16.91,0
02/06/2015 15:30:00,16.91,17.14,16.03,16.82,0
03/06/2015 15:30:00,16.82,17.92,15.86,17.51,0
04/06/2015 15:30:00,16.82,18.67,16.47,18.12,0
05/06/2015 15:30:00,18.12,18.38,17.69,18.09,0
08/06/2015 15:30:00,18.09,19.07,17.16,18.89,0
09/06/2015 15:30:00,18.89,19.12,16.48,18.01,0
10/06/2015 15:30:00,18.01,18.02,16.71,17.08,0
11/06/2015 15:30:00,17.08,17.95,15.95,17.81,0
12/06/2015 15:30:00,17.81,18.21,16.08,17.48,0
15/06/2015 15:30:00,17.48,18.02,15.35,17.52,0
16/06/2015 15:30:00,17.52,17.86,14.09,17.17,0
17/06/2015 15:30:00,17.17,17.19,14.3,16.73,0
18/06/2015 15:30:00,16.73,16.73,14.24,16.02,0
19/06/2015 15:30:00,16.02,16.02,14.91,15.09,0
22/06/2015 15:30:00,15.09,15.75,13.74,15.49,0
23/06/2015 15:30:00,15.49,16.54,14.83,15.04,0
24/06/2015 15:30:00,15.04,16.61,14.95,15.92,0
25/06/2015 15:30:00,15.92,16.71,15.48,15.93,0
26/06/2015 15:30:00,15.93,16.52,15.52,15.76,0
29/06/2015 15:30:00,15.76,18.77,15.76,17.3,0
30/06/2015 15:30:00,17.3,17.84,16.78,16.93,0
01/07/2015 15:30:00,16.93,17.1,15.72,15.85,0
02/07/2015 15:30:00,15.85,16.08,15.16,15.56,0
03/07/2015 15:30:00,15.56,16.39,14.79,16.31,0
06/07/2015 15:30:00,16.31,17.05,15.89,16.02,0
07/07/2015 15:30:00,16.02,16.57,15.22,16.31,0
08/07/2015 15:30:00,16.31,18.38,15.44,17.79,0
09/07/2015 15:30:00,17.79,18.08,16.29,17.44,0
10/07/2015 15:30:00,17.44,17.63,16.24,17.07,0
13/07/2015 15:30:00,17.07,17.72,15.57,16.27,0
14/07/2015 15:30:00,16.27,16.61,14.7,16.01,0
15/07/2015 15:30:00,16.01,16.03,14.19,15.57,0
16/07/2015 15:30:00,15.57,15.57,14.3,14.78,0
17/07/2015 15:30:00,14.78,15.14,13.29,14.8,0
20/07/2015 15:30:00,14.8,15.62,12.73,14.96,0
21/07/2015 15:30:00,14.96,15.31,13.01,15.1,0
22/07/2015 15:30:00,15.1,15.35,13.5,15.13,0
23/07/2015 15:30:00,15.13,15.74,13.1,15.52,0
24/07/2015 15:30:00,15.52,15.93,12.07,15.46,0
27/07/2015 15:30:00,15.46,17.05,12.93,16.37,0
28/07/2015 15:30:00,16.37,16.57,15.59,15.92,0
29/07/2015 15:30:00,15.92,16.34,14.13,15.88,0
30/07/2015 15:30:00,15.88,15.88,14.66,15.33,0
31/07/2015 15:30:00,15.33,15.58,14.5,14.57,0
03/08/2015 15:30:00,14.57,15.65,14.28,15.39,0
04/08/2015 15:30:00,15.39,15.7,14.28,14.83,0
05/08/2015 15:30:00,14.83,14.88,13.69,14.67,0
06/08/2015 15:30:00,14.67,15.01,12.89,14.73,0
07/08/2015 15:30:00,14.73,15.07,13.17,14.91,0
10/08/2015 15:30:00,14.91,15.62,14.24,15.47,0
11/08/2015 15:30:00,15.47,16.09,13.55,15.89,0
12/08/2015 15:30:00,15.89,17.72,14.79,17.45,0
13/08/2015 15:30:00,17.45,17.45,16.25,17.02,0
14/08/2015 15:30:00,17.02,17.02,15.14,16.02,0
17/08/2015 15:30:00,16.02,17.2,15.29,16.46,0
18/08/2015 15:30:00,16.46,16.66,15.1,16.36,0
19/08/2015 15:30:00,16.36,16.99,14.95,16.68,0
20/08/2015 15:30:00,16.68,17.2,15.47,16.98,0
21/08/2015 15:30:00,16.98,18.73,15.19,17.11,0
24/08/2015 15:30:00,17.11,30.65,17.11,28.13,0
25/08/2015 15:30:00,28.13,35.57,26.08,26.85,0
26/08/2015 15:30:00,26.85,29.05,23.53,25.52,0
27/08/2015 15:30:00,25.52,25.52,21.52,22.04,0
28/08/2015 15:30:00,22.04,23.67,19.8,23.33,0
31/08/2015 15:30:00,23.33,24.74,22.68,24.6,0
01/09/2015 15:30:00,24.6,30.44,24.44,28.72,0
02/09/2015 15:30:00,28.72,28.72,26.38,26.65,0
03/09/2015 15:30:00,26.65,26.65,23.72,24.12,0
04/09/2015 15:30:00,24.12,27.25,23.42,26.42,0
07/09/2015 15:30:00,26.42,26.83,24.51,26.35,0
08/09/2015 15:30:00,26.35,26.44,23.84,24.57,0
09/09/2015 15:30:00,24.57,24.66,21.35,24.3,0
10/09/2015 15:30:00,24.3,25.84,24.02,24.75,0
11/09/2015 15:30:00,24.75,25.26,23.26,24.98,0
14/09/2015 15:30:00,24.98,25.27,23.46,24.32,0
15/09/2015 15:30:00,24.32,24.56,22.7,23.74,0
16/09/2015 15:30:00,23.74,23.74,21.6,22,0
18/09/2015 15:30:00,22,22,17.88,18.29,0
21/09/2015 15:30:00,18.29,18.92,16.99,18.18,0
22/09/2015 15:30:00,18.18,21.25,17.21,20.35,0
23/09/2015 15:30:00,20.35,22.19,19.77,20.69,0
24/09/2015 15:30:00,20.69,21.57,19.38,20.88,0
28/09/2015 15:30:00,20.88,22.24,20.77,21.67,0
29/09/2015 15:30:00,21.67,23.63,20.44,21.57,0
30/09/2015 15:30:00,21.57,21.57,19.37,19.63,0
01/10/2015 15:30:00,19.63,20.11,18.24,19.24,0
05/10/2015 15:30:00,19.24,19.46,18.06,19.13,0
06/10/2015 15:30:00,19.13,19.9,17.39,19.31,0
07/10/2015 15:30:00,19.31,19.74,17.9,19.34,0
08/10/2015 15:30:00,19.34,19.93,17.35,19.56,0
09/10/2015 15:30:00,19.56,19.68,17.68,18.93,0
12/10/2015 15:30:00,18.93,19.99,17.18,19.12,0
13/10/2015 15:30:00,19.12,19.22,17.85,18.02,0
14/10/2015 15:30:00,18.02,18.28,15.76,17.72,0
15/10/2015 15:30:00,17.72,17.72,14.86,17.17,0
16/10/2015 15:30:00,17.17,17.18,14.03,16.27,0
19/10/2015 15:30:00,16.27,17.07,15.3,16.88,0
20/10/2015 15:30:00,16.88,17.18,14.53,17,0
21/10/2015 15:30:00,17,17.43,13.66,16.62,0
23/10/2015 15:30:00,16.62,16.62,14.65,16.19,0
26/10/2015 15:30:00,16.19,17.82,15.01,17.23,0
27/10/2015 15:30:00,17.23,17.3,16,16.54,0
28/10/2015 15:30:00,16.54,17.48,15.56,17.04,0
29/10/2015 15:30:00,17.04,17.95,14.72,17.58,0
30/10/2015 15:30:00,17.58,18.33,16.88,17.88,0
02/11/2015 15:30:00,17.88,20.13,17.38,19.48,0
03/11/2015 15:30:00,19.48,19.96,18.07,19.56,0
04/11/2015 15:30:00,19.56,19.63,17.95,19.36,0
05/11/2015 15:30:00,19.36,19.74,18.34,19.29,0
06/11/2015 15:30:00,19.29,19.59,16.61,19.47,0
09/11/2015 15:30:00,19.47,19.47,15.99,17.04,0
10/11/2015 15:30:00,17.04,17.06,15.3,16.83,0
13/11/2015 15:30:00,16.91,17.72,15.8,17.65,0
16/11/2015 15:30:00,17.65,18.61,15.29,17.88,0
17/11/2015 15:30:00,17.88,17.88,15.62,16.97,0
18/11/2015 15:30:00,16.97,17.75,14.9,17.42,0
19/11/2015 15:30:00,17.42,17.42,14.42,15.84,0
20/11/2015 15:30:00,15.84,16.14,13.83,15.9,0
23/11/2015 15:30:00,15.9,17.56,15.78,17.08,0
24/11/2015 15:30:00,17.08,17.08,15.65,16.25,0
26/11/2015 15:30:00,16.25,16.79,15.09,16.69,0
27/11/2015 15:30:00,16.69,16.98,16.17,16.73,0
30/11/2015 15:30:00,16.73,17.24,15.85,16.43,0
01/12/2015 15:30:00,16.43,16.43,15.53,15.64,0
02/12/2015 15:30:00,15.64,15.98,14.73,15.49,0
03/12/2015 15:30:00,15.49,16.16,15.12,16.06,0
04/12/2015 15:30:00,16.06,16.55,15.56,16.09,0
07/12/2015 15:30:00,16.09,16.36,15.79,15.87,0
08/12/2015 15:30:00,15.87,16.24,15.47,15.97,0
09/12/2015 15:30:00,15.97,16.92,15.37,16.73,0
10/12/2015 15:30:00,16.73,16.73,15.46,16.29,0
11/12/2015 15:30:00,16.29,17.77,15.04,17.18,0
14/12/2015 15:30:00,17.18,18.36,16.46,17.8,0
15/12/2015 15:30:00,17.8,18.36,16.11,17.34,0
16/12/2015 15:30:00,17.34,17.34,14.91,16.73,0
17/12/2015 15:30:00,16.73,16.73,14.02,14.22,0
18/12/2015 15:30:00,14.22,14.71,13.04,14.49,0
21/12/2015 15:30:00,14.49,14.98,12.98,14.23,0
22/12/2015 15:30:00,14.23,14.61,12.23,14.48,0
23/12/2015 15:30:00,14.48,14.48,12.63,13.65,0
24/12/2015 15:30:00,13.65,13.94,11.2,13.75,0
28/12/2015 15:30:00,13.75,14.53,10.38,14.4,0
29/12/2015 15:30:00,14.4,14.71,13.33,14.24,0
30/12/2015 15:30:00,14.24,14.5,12.78,14.35,0
31/12/2015 15:30:00,14.35,14.49,12.98,13.87,0
01/01/2016 15:30:00,13.87,14.35,13.11,14.26,0
04/01/2016 15:30:00,14.26,17.1,14.03,16.84,0
05/01/2016 15:30:00,16.84,16.84,15.57,16.7,0
06/01/2016 15:30:00,16.7,17.16,15.61,16.55,0
07/01/2016 15:30:00,16.55,19.26,16.49,18.96,0
08/01/2016 15:30:00,18.96,18.96,16.87,17.8,0
11/01/2016 15:30:00,17.8,19.2,17.8,18.69,0
12/01/2016 15:30:00,18.69,19.19,17.15,18.71,0
13/01/2016 15:30:00,18.71,19.66,17.52,18.35,0
14/01/2016 15:30:00,18.35,19.79,16.47,18.61,0
15/01/2016 15:30:00,18.61,19.69,15.67,19.42,0
18/01/2016 15:30:00,19.42,20.54,18.1,20.23,0
19/01/2016 15:30:00,20.23,20.23,17.93,18.43,0
20/01/2016 15:30:00,18.43,22.11,17.19,20.97,0
21/01/2016 15:30:00,20.97,21.69,17.85,20.81,0
22/01/2016 15:30:00,20.81,20.81,17.12,18.82,0
25/01/2016 15:30:00,18.82,19.15,17.21,18.27,0
27/01/2016 15:30:00,18.27,19.27,17.93,19.06,0
28/01/2016 15:30:00,19.06,19.06,17.26,17.9,0
29/01/2016 15:30:00,17.9,18.8,17.08,17.24,0
01/02/2016 15:30:00,17.24,18.17,17.13,17.89,0
02/02/2016 15:30:00,17.89,18.35,16.49,18.04,0
03/02/2016 15:30:00,18.04,18.94,18.02,18.59,0
04/02/2016 15:30:00,18.59,18.65,17.33,18.21,0
05/02/2016 15:30:00,18.21,18.33,16.54,18.11,0
08/02/2016 15:30:00,18.11,20.45,17.36,20.26,0
09/02/2016 15:30:00,20.26,22.03,20.25,21.73,0
10/02/2016 15:30:00,21.73,23.1,21.44,22.47,0
11/02/2016 15:30:00,22.47,26.87,22.11,25.97,0
12/02/2016 15:30:00,25.97,25.97,24.01,24.67,0
15/02/2016 15:30:00,24.67,24.67,21.8,22.38,0
16/02/2016 15:30:00,22.38,23.33,17.32,23.04,0
17/02/2016 15:30:00,23.04,23.81,20.64,21.83,0
18/02/2016 15:30:00,21.83,22.3,19.79,21.49,0
19/02/2016 15:30:00,21.49,21.66,17.7,20.92,0
22/02/2016 15:30:00,20.92,21.86,17.41,21.02,0
23/02/2016 15:30:00,21.02,24.64,21.02,23.84,0
24/02/2016 15:30:00,23.84,24.82,22.13,22.96,0
25/02/2016 15:30:00,22.96,23.49,22.2,22.75,0
26/02/2016 15:30:00,22.75,23.15,21.19,21.87,0
29/02/2016 15:30:00,21.87,22.41,19.36,20.16,0
01/03/2016 15:30:00,20.16,20.16,18.4,18.67,0
02/03/2016 15:30:00,18.67,19.2,17.5,18.99,0
03/03/2016 15:30:00,18.99,19.02,17.91,18.04,0
04/03/2016 15:30:00,18.04,18.32,17.2,17.88,0
08/03/2016 15:30:00,17.88,18.98,17.41,18.47,0
09/03/2016 15:30:00,18.47,18.68,17.32,17.51,0
10/03/2016 15:30:00,17.51,18.24,16.27,17.9,0
11/03/2016 15:30:00,17.9,17.9,16.03,17.1,0
14/03/2016 15:30:00,17.1,17.4,15.59,17.1,0
15/03/2016 15:30:00,17.1,17.84,15.23,17.6,0
16/03/2016 15:30:00,17.6,17.88,14.6,17.11,0
17/03/2016 15:30:00,17.11,17.27,15.56,16.84,0
18/03/2016 15:30:00,16.84,16.87,14.9,16.38,0
21/03/2016 15:30:00,16.38,17.11,14.83,16.33,0
22/03/2016 15:30:00,16.33,16.86,13.7,16.43,0
23/03/2016 15:30:00,16.43,16.87,13.95,16.35,0
28/03/2016 15:30:00,16.35,18.57,15.18,17.49,0
29/03/2016 15:30:00,17.49,18.04,16.81,17.64,0
30/03/2016 15:30:00,17.64,17.64,16.57,16.81,0
31/03/2016 15:30:00,16.81,16.89,15.5,16.58,0
01/04/2016 15:30:00,16.58,17.9,16.29,17.28,0
04/04/2016 15:30:00,17.28,18.17,16.23,17.45,0
05/04/2016 15:30:00,17.45,18.06,16.89,17.83,0
06/04/2016 15:30:00,17.83,17.92,16.13,17.35,0
07/04/2016 15:30:00,17.35,17.42,16.34,16.93,0
08/04/2016 15:30:00,16.93,16.93,15.2,16.43,0
11/04/2016 15:30:00,16.43,16.79,14.88,16.01,0
12/04/2016 15:30:00,16.01,16.3,14.65,16.02,0
13/04/2016 15:30:00,16.02,16.12,13.55,16.04,0
18/04/2016 15:30:00,16.04,17.42,14.14,16.95,0
20/04/2016 15:30:00,16.95,17.52,15.43,17.08,0
21/04/2016 15:30:00,17.08,17.08,15.64,16.51,0
22/04/2016 15:30:00,16.51,16.86,15.34,16.38,0
25/04/2016 15:30:00,16.38,17.03,16.13,16.57,0
26/04/2016 15:30:00,16.57,16.82,15.64,16.58,0
27/04/2016 15:30:00,16.58,16.79,16.23,16.35,0
28/04/2016 15:30:00,16.35,16.77,15.31,16.6,0
29/04/2016 15:30:00,16.6,17.24,15.63,16.54,0
02/05/2016 15:30:00,16.54,17.66,16.54,17.09,0
03/05/2016 15:30:00,17.09,18.08,15.61,17.46,0
04/05/2016 15:30:00,17.46,17.78,16.27,17.45,0
05/05/2016 15:30:00,17.45,17.48,15.73,17.17,0
06/05/2016 15:30:00,17.17,17.5,16.06,16.95,0
09/05/2016 15:30:00,16.95,16.95,15.22,16.61,0
10/05/2016 15:30:00,16.61,17.18,15.02,16.42,0
11/05/2016 15:30:00,16.42,17.46,15.54,16.96,0
12/05/2016 15:30:00,16.96,17.17,15.96,16.33,0
13/05/2016 15:30:00,16.33,17.37,14.2,17,0
16/05/2016 15:30:00,17,17.77,16.17,17.03,0
17/05/2016 15:30:00,17.03,17.03,15.74,16.37,0
18/05/2016 15:30:00,16.37,16.97,15.99,16.45,0
19/05/2016 15:30:00,16.45,17.42,15.42,17.06,0
20/05/2016 15:30:00,17.06,17.06,14.98,16.43,0
23/05/2016 15:30:00,16.43,16.55,15.18,16.16,0
24/05/2016 15:30:00,16.16,16.89,15.69,16.22,0
25/05/2016 15:30:00,16.22,16.22,14.55,15.52,0
26/05/2016 15:30:00,15.52,15.52,14.47,15.33,0
27/05/2016 15:30:00,15.33,15.86,14.94,15.26,0
30/05/2016 15:30:00,15.26,16.44,14.77,15.98,0
31/05/2016 15:30:00,15.98,16.36,14.3,16.05,0
01/06/2016 15:30:00,16.05,16.1,14.72,15.84,0
02/06/2016 15:30:00,15.84,15.94,14.96,15.09,0
03/06/2016 15:30:00,15.09,15.39,14.05,15,0
06/06/2016 15:30:00,15,15.54,14.12,15.36,0
07/06/2016 15:30:00,15.36,15.36,14.4,14.87,0
08/06/2016 15:30:00,14.87,15.29,13.32,15.14,0
09/06/2016 15:30:00,15.14,15.83,13.98,15.67,0
10/06/2016 15:30:00,15.67,16.27,14.55,15.97,0
13/06/2016 15:30:00,15.97,17.08,15.66,16.58,0
14/06/2016 15:30:00,16.58,17.54,14.91,17.19,0
15/06/2016 15:30:00,17.19,17.63,15.42,17.06,0
16/06/2016 15:30:00,17.06,18.46,15.78,17.7,0
17/06/2016 15:30:00,17.7,17.9,16.04,17.35,0
20/06/2016 15:30:00,17.35,18.45,16.29,17.52,0
21/06/2016 15:30:00,17.52,17.7,16.39,17.26,0
22/06/2016 15:30:00,17.26,18.31,16.22,18.18,0
23/06/2016 15:30:00,18.18,18.83,16.99,18.02,0
24/06/2016 15:30:00,18.02,21.05,16.15,18.63,0
27/06/2016 15:30:00,18.63,19.73,18.38,18.53,0
28/06/2016 15:30:00,18.53,18.81,17.45,17.73,0
29/06/2016 15:30:00,17.73,17.73,15.91,16.16,0
30/06/2016 15:30:00,16.16,16.41,14.66,16.29,0
01/07/2016 15:30:00,16.29,16.36,15.65,15.74,0
04/07/2016 15:30:00,15.74,15.97,15.15,15.58,0
05/07/2016 15:30:00,15.58,15.7,14.83,15.36,0
07/07/2016 15:30:00,15.36,15.58,14.29,15.31,0
08/07/2016 15:30:00,15.31,15.81,13.91,15.08,0
11/07/2016 15:30:00,15.08,15.08,13.76,14.85,0
12/07/2016 15:30:00,14.85,15.03,13.82,14.78,0
13/07/2016 15:30:00,14.78,15.41,13.87,15.33,0
14/07/2016 15:30:00,15.33,15.92,14.16,15.61,0
15/07/2016 15:30:00,15.61,16.32,13.92,15.64,0
18/07/2016 15:30:00,15.64,16.2,14.11,15.99,0
19/07/2016 15:30:00,15.99,16.23,13.92,15.8,0
20/07/2016 15:30:00,15.8,16.21,14.14,15.99,0
21/07/2016 15:30:00,15.99,16.11,14.03,15.71,0
22/07/2016 15:30:00,15.71,15.96,14.44,15.5,0
25/07/2016 15:30:00,15.5,16.11,13.52,15.72,0
26/07/2016 15:30:00,15.72,16.15,13.95,15.62,0
27/07/2016 15:30:00,15.62,15.67,14.47,15.43,0
28/07/2016 15:30:00,15.43,15.54,12.59,15.15,0
29/07/2016 15:30:00,15.15,15.23,14.15,14.92,0
01/08/2016 15:30:00,14.92,15.48,14.36,15.18,0
02/08/2016 15:30:00,15.18,15.79,13.96,15.69,0
03/08/2016 15:30:00,15.69,16.45,14.3,16.24,0
04/08/2016 15:30:00,16.24,16.24,14.1,15.14,0
05/08/2016 15:30:00,15.14,15.14,13.62,14.35,0
08/08/2016 15:30:00,14.35,14.82,13.11,14.59,0
09/08/2016 15:30:00,14.59,14.96,12.35,14.54,0
10/08/2016 15:30:00,14.54,15.25,12.71,14.92,0
11/08/2016 15:30:00,14.92,14.92,13.17,14.21,0
12/08/2016 15:30:00,14.21,14.21,12.37,13.77,0
16/08/2016 15:30:00,13.77,14.64,13.14,14.18,0
17/08/2016 15:30:00,14.18,14.91,12.71,14.78,0
18/08/2016 15:30:00,14.78,14.78,12.91,14.55,0
19/08/2016 15:30:00,14.55,14.91,12.11,14.54,0
22/08/2016 15:30:00,14.54,15.01,13.27,14.24,0
23/08/2016 15:30:00,14.24,14.62,13.06,13.9,0
24/08/2016 15:30:00,13.9,14.04,12.39,13.49,0
25/08/2016 15:30:00,13.49,13.61,10.93,13.29,0
26/08/2016 15:30:00,13.29,14.21,12.35,13.57,0
29/08/2016 15:30:00,13.57,14.01,12.94,13.17,0
30/08/2016 15:30:00,13.17,13.17,12.29,13.02,0
31/08/2016 15:30:00,13.02,13.54,12.25,13.24,0
01/09/2016 15:30:00,13.24,13.68,12.54,13.34,0
02/09/2016 15:30:00,13.34,13.45,12.64,12.94,0
06/09/2016 15:30:00,12.94,13.18,12.35,12.75,0
07/09/2016 15:30:00,12.75,13.36,11.95,13.15,0
08/09/2016 15:30:00,13.15,13.23,12.05,13.12,0
09/09/2016 15:30:00,13.12,13.45,12.64,13.23,0
12/09/2016 15:30:00,13.23,15.34,12.7,15.24,0
14/09/2016 15:30:00,15.24,15.52,14.2,14.76,0
15/09/2016 15:30:00,14.76,15.08,13.44,14.68,0
16/09/2016 15:30:00,14.68,14.95,13.43,14.58,0
19/09/2016 15:30:00,14.58,15.2,13.64,14.94,0
20/09/2016 15:30:00,14.94,15.15,13.77,14.78,0
21/09/2016 15:30:00,14.78,14.95,13.17,14.81,0
22/09/2016 15:30:00,14.81,14.81,12.59,13.34,0
23/09/2016 15:30:00,13.34,13.59,12.03,13.25,0
26/09/2016 15:30:00,13.25,14.79,12.81,14.57,0
27/09/2016 15:30:00,14.57,14.57,13.77,14.25,0
28/09/2016 15:30:00,14.25,14.35,13.49,13.85,0
29/09/2016 15:30:00,13.85,19.13,13.15,18.45,0
30/09/2016 15:30:00,18.45,18.85,16.83,17.18,0
03/10/2016 15:30:00,17.18,17.18,15.51,15.62,0
04/10/2016 15:30:00,15.62,15.72,14.81,14.99,0
05/10/2016 15:30:00,14.99,15.15,13.91,14.93,0
06/10/2016 15:30:00,14.93,15.12,14.33,14.84,0
07/10/2016 15:30:00,14.84,14.97,13.78,14.49,0
10/10/2016 15:30:00,14.49,14.57,13.27,14.29,0
13/10/2016 15:30:00,14.29,16.01,14.29,15.43,0
14/10/2016 15:30:00,15.43,15.43,14.33,14.89,0
17/10/2016 15:30:00,14.89,16.05,14.35,15.66,0
18/10/2016 15:30:00,15.66,15.66,14.3,14.54,0
19/10/2016 15:30:00,14.54,14.95,13.15,14.61,0
20/10/2016 15:30:00,14.61,14.61,12.75,14.17,0
21/10/2016 15:30:00,14.17,14.35,12.43,13.83,0
24/10/2016 15:30:00,13.83,14.45,13.1,14.33,0
25/10/2016 15:30:00,14.33,14.81,12.84,14.48,0
26/10/2016 15:30:00,14.48,14.94,13.6,14.45,0
27/10/2016 15:30:00,14.45,14.82,12.75,14.09,0
28/10/2016 15:30:00,14.09,14.88,13.48,14.65,0
01/11/2016 15:30:00,15.49,15.89,14.31,15.74,0
02/11/2016 15:30:00,15.74,17.26,15.12,16.8,0
03/11/2016 15:30:00,16.8,16.8,15.49,16.47,0
04/11/2016 15:30:00,16.47,17.43,14.6,16.85,0
07/11/2016 15:30:00,16.85,16.85,14.94,16.51,0
08/11/2016 15:30:00,16.51,17.38,15.07,16.77,0
09/11/2016 15:30:00,16.77,22.79,15.84,16.62,0
10/11/2016 15:30:00,16.62,16.62,14.24,15.46,0
11/11/2016 15:30:00,15.46,17.71,14.17,17.36,0
15/11/2016 15:30:00,17.36,20.84,16.45,20.15,0
16/11/2016 15:30:00,20.15,20.19,16.9,19.5,0
17/11/2016 15:30:00,19.5,19.5,17.44,18.71,0
18/11/2016 15:30:00,18.71,18.71,15.86,17.81,0
21/11/2016 15:30:00,17.81,19.77,15.72,19.1,0
22/11/2016 15:30:00,19.1,20.13,17.95,18.47,0
23/11/2016 15:30:00,18.47,23.09,16.34,18.04,0
24/11/2016 15:30:00,18.04,18.58,16.64,17.16,0
25/11/2016 15:30:00,17.16,18.87,16.87,17.61,0
28/11/2016 15:30:00,17.61,18.61,16.82,18.06,0
29/11/2016 15:30:00,18.06,18.22,16.52,17.71,0
30/11/2016 15:30:00,17.71,17.99,16.04,16.85,0
01/12/2016 15:30:00,16.85,16.89,14.34,16.69,0
02/12/2016 15:30:00,16.69,18.19,15.83,17.93,0
05/12/2016 15:30:00,17.93,18.3,16.92,17.29,0
06/12/2016 15:30:00,17.29,17.36,14.96,17.11,0
07/12/2016 15:30:00,17.11,17.11,15.51,16.85,0
08/12/2016 15:30:00,16.85,16.85,14.16,15.53,0
09/12/2016 15:30:00,15.53,15.64,14.53,15.07,0
12/12/2016 15:30:00,15.07,16.31,14.22,16.19,0
13/12/2016 15:30:00,16.19,16.48,13.76,15.92,0
14/12/2016 15:30:00,15.92,16.67,14.43,16.59,0
15/12/2016 15:30:00,16.59,16.59,15.26,15.66,0
16/12/2016 15:30:00,15.66,15.66,13.45,15.25,0
19/12/2016 15:30:00,15.25,15.59,13.25,14.84,0
20/12/2016 15:30:00,14.84,14.93,13.4,14.54,0
21/12/2016 15:30:00,14.54,14.86,13.34,14.71,0
22/12/2016 15:30:00,14.71,15.7,12.76,15.55,0
23/12/2016 15:30:00,15.55,15.78,12.61,15.13,0
26/12/2016 15:30:00,15.13,16.91,13.44,16.6,0
27/12/2016 15:30:00,16.6,16.76,14.95,15.08,0
28/12/2016 15:30:00,15.08,15.63,14.26,15.54,0
29/12/2016 15:30:00,15.54,16.08,14.66,15.28,0
30/12/2016 15:30:00,15.28,15.58,14.53,15.47,0
02/01/2017 15:30:00,15.47,16.38,14.64,15.83,0
03/01/2017 15:30:00,15.83,16.42,14.9,15.96,0
04/01/2017 15:30:00,15.96,16.1,14.9,15.89,0
05/01/2017 15:30:00,15.89,15.89,14.45,15.05,0
06/01/2017 15:30:00,15.05,15.09,13.92,14.91,0
09/01/2017 15:30:00,14.91,15.64,13.82,15.48,0
10/01/2017 15:30:00,15.48,15.48,14.03,15.2,0
11/01/2017 15:30:00,15.2,15.2,13.54,14.81,0
12/01/2017 15:30:00,14.81,14.87,13.46,14.61,0
13/01/2017 15:30:00,14.61,14.65,13.38,14.38,0
16/01/2017 15:30:00,14.38,15.25,13.43,15.07,0
17/01/2017 15:30:00,15.07,15.62,13.98,15.39,0
18/01/2017 15:30:00,15.39,15.39,13.61,15.18,0
19/01/2017 15:30:00,15.18,15.28,14.04,15.02,0
20/01/2017 15:30:00,15.02,15.87,13.85,15.79,0
23/01/2017 15:30:00,15.79,16.37,15.5,15.91,0
24/01/2017 15:30:00,15.91,15.96,14.39,15.29,0
25/01/2017 15:30:00,15.29,15.43,14.41,15.17,0
27/01/2017 15:30:00,15.17,16.13,14.93,16.01,0
30/01/2017 15:30:00,16.01,16.86,15.39,16.67,0
31/01/2017 15:30:00,16.67,17.09,15.71,16.83,0
01/02/2017 15:30:00,16.83,17.43,13.8,13.97,0
02/02/2017 15:30:00,13.97,13.97,12.64,13.52,0
03/02/2017 15:30:00,13.52,13.6,11.78,13.13,0
06/02/2017 15:30:00,13.13,13.61,11.06,13.4,0
07/02/2017 15:30:00,13.4,13.72,12.24,13.51,0
08/02/2017 15:30:00,13.51,13.76,11.44,13.35,0
09/02/2017 15:30:00,13.35,13.78,11.4,13.24,0
10/02/2017 15:30:00,13.24,13.33,11.37,13.18,0
13/02/2017 15:30:00,13.18,13.76,11.57,13.69,0
14/02/2017 15:30:00,13.69,14.01,12.1,13.8,0
15/02/2017 15:30:00,13.8,14.46,11.73,14.21,0
16/02/2017 15:30:00,14.21,14.21,11.44,13.73,0
17/02/2017 15:30:00,13.73,13.77,12.47,13.43,0
20/02/2017 15:30:00,13.43,13.85,12.41,13.61,0
21/02/2017 15:30:00,13.61,14.28,11.89,13.53,0
22/02/2017 15:30:00,13.53,14.04,12.72,13.7,0
23/02/2017 15:30:00,13.7,13.96,12.92,13.4,0
27/02/2017 15:30:00,13.4,14.27,13.4,13.68,0
28/02/2017 15:30:00,13.68,14.03,13.17,13.79,0
01/03/2017 15:30:00,13.79,13.8,13.21,13.58,0
02/03/2017 15:30:00,13.58,13.62,13.03,13.36,0
03/03/2017 15:30:00,13.36,13.6,12.57,13.35,0
06/03/2017 15:30:00,13.35,13.73,12.81,13.64,0
07/03/2017 15:30:00,13.64,14.01,13.09,13.88,0
08/03/2017 15:30:00,13.88,14.29,12.69,14.08,0
09/03/2017 15:30:00,14.08,14.78,12.6,14.39,0
10/03/2017 15:30:00,14.39,14.39,13.58,13.96,0
14/03/2017 15:30:00,13.96,13.96,11.09,12.4,0
15/03/2017 15:30:00,12.4,12.53,11.2,12.42,0
16/03/2017 15:30:00,12.42,12.42,11.34,11.91,0
17/03/2017 15:30:00,11.91,12.11,10.39,11.85,0
20/03/2017 15:30:00,11.85,12.31,11.44,12.02,0
21/03/2017 15:30:00,12.02,12.16,11.03,11.94,0
22/03/2017 15:30:00,11.94,12.36,11.58,12.27,0
23/03/2017 15:30:00,12.27,12.27,11.24,11.84,0
24/03/2017 15:30:00,11.84,12.1,10.71,11.98,0
27/03/2017 15:30:00,11.98,12.57,11.34,12.44,0
28/03/2017 15:30:00,12.44,12.44,11.46,12.12,0
29/03/2017 15:30:00,12.12,12.24,11.45,12.09,0
30/03/2017 15:30:00,12.09,12.45,11.75,12.15,0
31/03/2017 15:30:00,12.15,12.51,11.49,12.42,0
03/04/2017 15:30:00,12.42,12.76,11.41,11.49,0
05/04/2017 15:30:00,11.49,11.89,10.89,11.55,0
06/04/2017 15:30:00,11.55,11.77,11.03,11.29,0
07/04/2017 15:30:00,11.29,11.81,10.31,11.69,0
10/04/2017 15:30:00,11.69,11.92,11.24,11.62,0
11/04/2017 15:30:00,11.62,11.83,10.24,11.4,0
12/04/2017 15:30:00,11.4,12.07,10.79,11.63,0
13/04/2017 15:30:00,11.63,11.78,10.59,11.58,0
17/04/2017 15:30:00,11.58,12.21,10.69,11.89,0
18/04/2017 15:30:00,11.89,12.59,10.76,12.38,0
19/04/2017 15:30:00,12.38,12.52,10.75,12.22,0
20/04/2017 15:30:00,12.22,12.22,10.86,11.56,0
21/04/2017 15:30:00,11.56,11.74,10.56,11.42,0
24/04/2017 15:30:00,11.42,11.86,10.97,11.63,0
25/04/2017 15:30:00,11.63,11.63,10.97,11.16,0
26/04/2017 15:30:00,11.16,11.87,9.92,11.74,0
27/04/2017 15:30:00,11.74,11.74,10.36,11.07,0
28/04/2017 15:30:00,11.07,11.07,10.53,10.86,0
02/05/2017 15:30:00,10.86,11.81,10.35,11.45,0
03/05/2017 15:30:00,11.45,11.66,9.95,11.53,0
04/05/2017 15:30:00,11.53,11.78,10.61,11.33,0
05/05/2017 15:30:00,11.33,12.16,10.45,11.99,0
08/05/2017 15:30:00,11.99,11.99,10.61,11.67,0
09/05/2017 15:30:00,11.67,11.67,10.54,11.11,0
10/05/2017 15:30:00,11.11,11.11,9.96,10.95,0
11/05/2017 15:30:00,10.95,11.26,9.9,10.84,0
12/05/2017 15:30:00,10.84,10.84,9.47,10.63,0
15/05/2017 15:30:00,10.63,11.14,8.84,10.68,0
16/05/2017 15:30:00,10.68,11.02,9.07,10.56,0
17/05/2017 15:30:00,10.56,10.81,9.24,10.64,0
18/05/2017 15:30:00,10.64,12.75,9.82,11.79,0
19/05/2017 15:30:00,11.79,11.9,10.4,11.3,0
22/05/2017 15:30:00,11.3,11.85,10.2,11.2,0
23/05/2017 15:30:00,11.2,12.77,9.87,12.2,0
24/05/2017 15:30:00,12.2,12.79,10.45,11.83,0
25/05/2017 15:30:00,11.83,11.92,10.19,10.45,0
26/05/2017 15:30:00,10.45,11.19,9.89,10.86,0
29/05/2017 15:30:00,10.86,11.88,10.26,11.79,0
30/05/2017 15:30:00,11.79,12.27,10.86,11.77,0
31/05/2017 15:30:00,11.77,12.25,11.02,11.76,0
01/06/2017 15:30:00,11.76,11.91,10.61,11.31,0
02/06/2017 15:30:00,11.31,11.31,10.31,10.81,0
05/06/2017 15:30:00,10.81,11.14,10.05,11.02,0
06/06/2017 15:30:00,11.02,11.32,9.49,11.13,0
07/06/2017 15:30:00,11.13,11.19,10.22,10.89,0
08/06/2017 15:30:00,10.89,11.13,9.53,11.07,0
09/06/2017 15:30:00,11.07,11.23,10.28,10.86,0
12/06/2017 15:30:00,10.86,11.5,10.35,11.42,0
13/06/2017 15:30:00,11.42,11.46,9.9,11.34,0
14/06/2017 15:30:00,11.34,11.53,10.44,11.18,0
15/06/2017 15:30:00,11.18,11.43,9.89,11.33,0
16/06/2017 15:30:00,11.33,11.33,9.71,10.92,0
19/06/2017 15:30:00,10.92,10.92,9.74,10.63,0
20/06/2017 15:30:00,10.63,10.87,9.82,10.66,0
21/06/2017 15:30:00,10.66,11.06,9.78,10.92,0
22/06/2017 15:30:00,10.92,11.42,10.07,11.21,0
23/06/2017 15:30:00,11.21,11.78,8.76,11.56,0
27/06/2017 15:30:00,11.56,12.87,10.93,12.51,0
28/06/2017 15:30:00,12.51,12.76,11.09,11.99,0
29/06/2017 15:30:00,11.99,11.99,10.6,11.38,0
30/06/2017 15:30:00,11.38,12.1,11.08,11.73,0
03/07/2017 15:30:00,11.73,11.75,10.46,11.2,0
04/07/2017 15:30:00,11.2,11.65,10.42,11.28,0
05/07/2017 15:30:00,11.28,11.42,10.45,11.15,0
06/07/2017 15:30:00,11.15,11.18,10.29,10.98,0
07/07/2017 15:30:00,10.98,11.13,9.62,10.87,0
10/07/2017 15:30:00,10.87,11.09,9.57,10.91,0
11/07/2017 15:30:00,10.91,11.08,9.9,10.89,0
12/07/2017 15:30:00,10.89,11.3,9.67,11.05,0
13/07/2017 15:30:00,11.05,11.4,9.86,11.25,0
14/07/2017 15:30:00,11.25,11.48,10.07,11.17,0
17/07/2017 15:30:00,11.17,11.57,10.48,11.46,0
18/07/2017 15:30:00,11.46,11.79,10.29,11.49,0
19/07/2017 15:30:00,11.49,11.69,9.08,11.26,0
20/07/2017 15:30:00,11.26,11.57,10.37,11.32,0
21/07/2017 15:30:00,11.32,11.72,9.01,11.09,0
24/07/2017 15:30:00,11.09,11.8,10.36,11.31,0
25/07/2017 15:30:00,11.31,11.51,10.24,10.91,0
26/07/2017 15:30:00,10.91,11.78,10.91,11.17,0
27/07/2017 15:30:00,11.17,11.92,10.81,11.22,0
28/07/2017 15:30:00,11.22,12.02,10.98,11.14,0
31/07/2017 15:30:00,11.14,12.03,11.14,11.9,0
01/08/2017 15:30:00,11.9,12.39,11.59,11.91,0
02/08/2017 15:30:00,11.91,12.17,10.92,11.94,0
03/08/2017 15:30:00,11.94,12.23,11.21,11.64,0
04/08/2017 15:30:00,11.64,11.75,10.75,11.39,0
07/08/2017 15:30:00,11.39,12,10.64,11.9,0
08/08/2017 15:30:00,11.9,13.05,10.49,12.77,0
09/08/2017 15:30:00,12.77,13.68,10.52,13.45,0
10/08/2017 15:30:00,13.45,14.17,12.23,13.8,0
11/08/2017 15:30:00,13.8,15.54,11.67,15.2,0
14/08/2017 15:30:00,15.2,15.2,11.86,14.38,0
16/08/2017 15:30:00,14.38,14.7,12.62,14.24,0
17/08/2017 15:30:00,14.24,14.62,10.79,14.34,0
18/08/2017 15:30:00,14.34,14.89,11.17,14.57,0
21/08/2017 15:30:00,14.57,14.97,13.15,14.82,0
22/08/2017 15:30:00,14.82,14.82,11.16,14.11,0
23/08/2017 15:30:00,14.11,14.11,12.26,13.18,0
24/08/2017 15:30:00,13.18,13.2,11.94,12.57,0
28/08/2017 15:30:00,12.57,13.68,11.37,12.64,0
29/08/2017 15:30:00,12.64,13.85,12.28,13.54,0
30/08/2017 15:30:00,13.54,14.13,11.75,12.89,0
31/08/2017 15:30:00,12.89,13.7,11.79,11.95,0
01/09/2017 15:30:00,11.95,12.16,10.53,11.68,0
04/09/2017 15:30:00,11.68,13.96,11.49,13.17,0
05/09/2017 15:30:00,13.17,13.44,12.48,12.89,0
06/09/2017 15:30:00,12.89,13.5,12.04,13.12,0
07/09/2017 15:30:00,13.12,13.13,11.18,13.01,0
08/09/2017 15:30:00,13.01,13.1,11.77,12.96,0
11/09/2017 15:30:00,12.96,12.96,11.55,12.36,0
12/09/2017 15:30:00,12.36,12.36,11.52,11.76,0
13/09/2017 15:30:00,11.76,11.87,10.68,11.76,0
14/09/2017 15:30:00,11.76,11.88,10.36,11.47,0
15/09/2017 15:30:00,11.47,12.02,10.02,11.68,0
18/09/2017 15:30:00,11.68,11.68,10.84,11.44,0
19/09/2017 15:30:00,11.44,11.64,10.4,11.47,0
20/09/2017 15:30:00,11.47,11.88,10.12,11.63,0
21/09/2017 15:30:00,11.63,12.18,9.26,11.63,0
22/09/2017 15:30:00,11.63,12.99,11.01,12.81,0
25/09/2017 15:30:00,12.81,13.84,11.51,13.34,0
26/09/2017 15:30:00,13.34,13.63,12.63,12.93,0
27/09/2017 15:30:00,12.93,14.17,11.77,13.86,0
28/09/2017 15:30:00,13.86,13.97,12.82,13.17,0
29/09/2017 15:30:00,13.17,13.17,11.91,12.49,0
03/10/2017 15:30:00,12.49,12.87,11.44,12.46,0
04/10/2017 15:30:00,12.46,12.58,11.58,11.8,0
05/10/2017 15:30:00,11.8,11.9,10.59,11.71,0
06/10/2017 15:30:00,11.71,11.71,10.75,11.12,0
09/10/2017 15:30:00,11.12,11.57,10.41,11.39,0
10/10/2017 15:30:00,11.39,11.45,10.75,11.11,0
11/10/2017 15:30:00,11.11,12.18,10.19,11.73,0
12/10/2017 15:30:00,11.73,11.73,10.46,11.04,0
13/10/2017 15:30:00,11.04,11.35,10.09,11.26,0
16/10/2017 15:30:00,11.26,11.58,10.03,11.31,0
17/10/2017 20:00:00,11.31,11.73,10.11,11.61,0
18/10/2017 15:30:00,11.61,11.75,10.13,11.54,0
19/10/2017 20:00:00,11.54,12.81,10.83,12.4,0
23/10/2017 15:30:00,12.4,12.94,10.88,12.33,0
24/10/2017 15:30:00,12.33,12.47,11.36,11.59,0
25/10/2017 15:30:00,11.59,12.49,11.19,11.76,0
26/10/2017 15:30:00,11.76,12.65,11.29,11.62,0
27/10/2017 15:30:00,11.62,12.15,11.19,11.48,0
30/10/2017 15:30:00,11.48,12.26,11.48,12.11,0
31/10/2017 15:30:00,12.11,12.53,11.53,12.44,0
01/11/2017 15:30:00,12.44,12.44,11.79,12.14,0
02/11/2017 15:30:00,12.14,12.37,11.41,12.01,0
03/11/2017 15:30:00,12.01,12.3,11.07,11.91,0
06/11/2017 15:30:00,11.91,13.26,11.37,13.02,0
07/11/2017 15:30:00,13.02,13.68,11.68,13.24,0
08/11/2017 15:30:00,13.24,13.86,11.24,13.61,0
09/11/2017 15:30:00,13.61,13.72,11.08,13.27,0
10/11/2017 15:30:00,13.27,13.82,11.17,13.48,0
13/11/2017 15:30:00,13.48,14.38,11.17,14.05,0
14/11/2017 15:30:00,14.05,14.74,12.46,14.17,0
15/11/2017 15:30:00,14.17,14.58,11.58,14.27,0
16/11/2017 15:30:00,14.27,14.27,11.07,13.46,0
17/11/2017 15:30:00,13.46,13.86,11.63,13.71,0
20/11/2017 15:30:00,13.71,15.61,11.12,13.43,0
21/11/2017 15:30:00,13.43,13.93,11.01,13.72,0
22/11/2017 15:30:00,13.72,14.34,12.19,14.04,0
23/11/2017 15:30:00,14.04,14.46,12.82,13.87,0
24/11/2017 15:30:00,13.87,13.99,12.49,13.51,0
27/11/2017 15:30:00,13.51,13.9,11.53,13.03,0
28/11/2017 15:30:00,13.03,13.36,12.04,13.15,0
29/11/2017 15:30:00,13.15,13.29,12.26,13.06,0
30/11/2017 15:30:00,13.06,13.91,11.97,13.55,0
01/12/2017 15:30:00,13.55,15.02,12.62,14.8,0
04/12/2017 15:30:00,14.8,15.26,14.14,14.86,0
05/12/2017 15:30:00,14.86,15.34,13.55,15.01,0
06/12/2017 15:30:00,15.01,15.26,13.55,15.09,0
07/12/2017 15:30:00,15.09,15.09,13.92,14.27,0
08/12/2017 15:30:00,14.27,14.27,12.91,13.67,0
11/12/2017 15:30:00,13.67,14.49,12.16,14.15,0
12/12/2017 15:30:00,14.15,15.37,12.16,15.26,0
13/12/2017 15:30:00,15.26,16.31,12.7,15.95,0
14/12/2017 15:30:00,15.95,17.39,12.8,16.41,0
15/12/2017 15:30:00,16.41,16.41,13.4,14.94,0
18/12/2017 15:30:00,14.94,18.26,12.82,13.12,0
19/12/2017 15:30:00,13.12,13.12,12.08,12.19,0
20/12/2017 15:30:00,12.19,12.42,11.2,12.19,0
21/12/2017 15:30:00,12.19,12.24,10.16,12.09,0
22/12/2017 15:30:00,12.09,12.13,10.73,11.59,0
26/12/2017 15:30:00,11.59,12.26,10.32,12.05,0
27/12/2017 15:30:00,12.05,12.74,11.51,12.49,0
28/12/2017 15:30:00,12.49,12.69,11.33,12.3,0
29/12/2017 15:30:00,12.3,12.76,11.48,12.67,0
01/01/2018 15:30:00,12.67,13.61,12.55,13.35,0
02/01/2018 15:30:00,13.35,13.84,12.61,13.69,0
03/01/2018 15:30:00,13.69,13.72,12.77,13.62,0
04/01/2018 15:30:00,13.62,13.79,12.18,13.42,0
05/01/2018 15:30:00,13.42,13.42,12.42,13.11,0
08/01/2018 15:30:00,13.11,13.86,11.81,13.74,0
09/01/2018 15:30:00,13.74,14.13,12.25,13.85,0
10/01/2018 15:30:00,13.85,14.23,12.52,14.04,0
11/01/2018 15:30:00,14.04,14.28,12.99,14.01,0
12/01/2018 15:30:00,14.01,14.55,11.92,13.73,0
15/01/2018 15:30:00,13.73,14.48,11.81,14.31,0
16/01/2018 15:30:00,14.31,14.59,12.35,14.09,0
17/01/2018 15:30:00,14.09,14.45,10.35,13.86,0
18/01/2018 15:30:00,13.86,14.22,11.66,13.96,0
19/01/2018 15:30:00,13.96,14.2,10.75,13.98,0
22/01/2018 15:30:00,13.98,15.59,12.07,15.39,0
23/01/2018 15:30:00,15.39,16.3,14.11,16.23,0
24/01/2018 15:30:00,16.23,18.5,14.64,18.04,0
25/01/2018 15:30:00,18.04,18.24,17.04,17.51,0
29/01/2018 15:30:00,17.51,18.49,16.36,17.89,0
30/01/2018 15:30:00,17.89,18.01,16.15,16.42,0
31/01/2018 15:30:00,16.42,16.42,14.29,15.93,0
01/02/2018 15:30:00,15.93,16.77,13.9,14.11,0
02/02/2018 15:30:00,14.11,15.49,11.5,15.25,0
05/02/2018 15:30:00,15.25,18.34,15.08,16.05,0
06/02/2018 15:30:00,16.05,23.16,16.05,20.02,0
07/02/2018 15:30:00,20.02,20.02,16.8,19.47,0
08/02/2018 15:30:00,19.47,24.04,15.26,17.77,0
09/02/2018 15:30:00,17.77,20.42,15.15,19.23,0
12/02/2018 15:30:00,19.23,19.23,16.57,17.88,0
14/02/2018 15:30:00,17.88,17.88,15.52,17.18,0
15/02/2018 15:30:00,17.18,17.18,14.09,16.32,0
16/02/2018 15:30:00,16.32,16.97,12.57,16.38,0
19/02/2018 15:30:00,16.38,18.04,13.96,16.67,0
20/02/2018 15:30:00,16.67,17.54,16.33,16.87,0
21/02/2018 15:30:00,16.87,16.87,15.73,15.92,0
22/02/2018 15:30:00,15.92,16.46,14.5,14.83,0
23/02/2018 15:30:00,14.83,14.83,13.54,14.2,0
26/02/2018 15:30:00,14.2,14.33,13.53,13.7,0
27/02/2018 15:30:00,13.7,14.42,12.45,13.92,0
28/02/2018 15:30:00,13.92,14.4,12.53,13.81,0
01/03/2018 15:30:00,13.81,14.25,12.41,14.07,0
05/03/2018 15:30:00,14.07,15.99,12.23,15.4,0
06/03/2018 15:30:00,15.4,16.45,13.16,16.25,0
07/03/2018 15:30:00,16.25,16.46,13.45,15.7,0
08/03/2018 15:30:00,15.7,15.7,12.49,14.59,0
09/03/2018 15:30:00,14.59,14.76,12.91,14.53,0
12/03/2018 15:30:00,14.53,14.66,12.01,14.49,0
13/03/2018 15:30:00,14.49,14.62,12.39,14.46,0
14/03/2018 15:30:00,14.46,14.95,11.74,14.36,0
15/03/2018 15:30:00,14.36,14.66,11.3,14.33,0
16/03/2018 15:30:00,14.33,15.62,11.63,15.22,0
19/03/2018 15:30:00,15.22,16.01,13.14,15.82,0
20/03/2018 15:30:00,15.82,16.13,15.17,15.61,0
21/03/2018 15:30:00,15.61,15.61,12.39,15.11,0
22/03/2018 15:30:00,15.11,15.36,11.99,15.25,0
23/03/2018 15:30:00,15.25,16.38,15.25,15.55,0
26/03/2018 15:30:00,15.55,16.38,14.86,15.2,0
27/03/2018 15:30:00,15.2,16.11,14.5,15.55,0
28/03/2018 15:30:00,15.55,15.97,14.82,15.76,0
02/04/2018 15:30:00,15.76,16.45,15.2,15.35,0
03/04/2018 15:30:00,15.35,15.78,14.88,15.19,0
04/04/2018 15:30:00,15.19,16.49,13.68,16.34,0
05/04/2018 15:30:00,16.34,16.34,13.86,14.8,0
06/04/2018 15:30:00,14.8,15.16,13.01,14.75,0
09/04/2018 15:30:00,14.75,15.14,14.46,14.87,0
10/04/2018 15:30:00,14.87,14.87,14.01,14.5,0
11/04/2018 15:30:00,14.5,14.91,12.74,14.72,0
12/04/2018 15:30:00,14.72,14.99,11.81,14.56,0
13/04/2018 15:30:00,14.56,14.56,13.45,14.14,0
16/04/2018 15:30:00,14.14,14.86,13.41,14.26,0
17/04/2018 15:30:00,14.26,14.4,13.35,14.04,0
18/04/2018 15:30:00,14.04,14.37,13.17,14.11,0
19/04/2018 15:30:00,14.11,14.11,12.5,13.75,0
20/04/2018 15:30:00,13.75,13.77,9.74,12.94,0
23/04/2018 15:30:00,12.94,13.49,11.53,13.15,0
24/04/2018 15:30:00,13.15,13.39,11.49,11.9,0
25/04/2018 15:30:00,11.9,13.32,11.9,12.4,0
26/04/2018 15:30:00,12.4,13.58,11.74,12.04,0
27/04/2018 15:30:00,12.04,12.63,11.44,12.02,0
30/04/2018 15:30:00,12.02,12.55,12.02,12.36,0
02/05/2018 15:30:00,12.36,13.2,12.36,12.84,0
03/05/2018 15:30:00,12.84,13.21,12.47,12.99,0
04/05/2018 15:30:00,12.99,13.46,10.99,13.25,0
07/05/2018 15:30:00,13.25,13.96,12.83,13.76,0
08/05/2018 15:30:00,13.76,14.44,11.09,14.06,0
09/05/2018 15:30:00,14.06,14.56,12.12,14.27,0
10/05/2018 15:30:00,14.27,14.65,12.56,14.43,0
11/05/2018 15:30:00,14.43,14.82,13,13.98,0
14/05/2018 15:30:00,13.98,14.5,12.11,14.25,0
15/05/2018 15:30:00,14.25,14.25,11.49,13.17,0
16/05/2018 15:30:00,13.17,13.65,10.86,13.44,0
17/05/2018 15:30:00,13.44,13.68,11.09,13.41,0
18/05/2018 15:30:00,13.41,14.35,11.61,14.15,0
21/05/2018 15:30:00,14.15,14.54,11.76,14.41,0
22/05/2018 15:30:00,14.41,14.41,11.75,13.6,0
23/05/2018 15:30:00,13.6,14.94,11.88,14.16,0
24/05/2018 15:30:00,14.16,14.22,10.9,13.15,0
25/05/2018 15:30:00,13.15,13.17,11,12.65,0
28/05/2018 15:30:00,12.65,13.15,11.35,13.06,0
29/05/2018 15:30:00,13.06,13.87,11.98,13.07,0
30/05/2018 15:30:00,13.07,13.85,12.18,13.41,0
31/05/2018 15:30:00,13.41,14.23,12.13,13.22,0
01/06/2018 15:30:00,13.22,14.59,12.16,13.57,0
04/06/2018 15:30:00,13.57,15.47,12.18,13.88,0
05/06/2018 15:30:00,13.88,14.49,13.13,13.32,0
06/06/2018 15:30:00,13.32,13.51,12.15,12.55,0
07/06/2018 15:30:00,12.55,13.65,11.61,12.78,0
08/06/2018 15:30:00,12.78,13.17,10.8,12.7,0
11/06/2018 15:30:00,12.7,13.82,11.32,13.18,0
12/06/2018 15:30:00,13.18,13.9,10.45,12.73,0
13/06/2018 15:30:00,12.73,13.14,11.22,12.64,0
14/06/2018 15:30:00,12.64,12.64,10.43,12.1,0
15/06/2018 15:30:00,12.1,12.51,10.5,12.07,0
18/06/2018 15:30:00,12.07,12.55,9.82,12.38,0
19/06/2018 15:30:00,12.38,13,11.48,12.92,0
20/06/2018 15:30:00,12.92,12.92,10.61,12.17,0
21/06/2018 15:30:00,12.17,12.59,10.91,12.45,0
22/06/2018 15:30:00,12.45,12.54,10.39,12.02,0
25/06/2018 15:30:00,12.02,12.78,9.74,12.58,0
26/06/2018 15:30:00,12.58,12.97,12.33,12.8,0
27/06/2018 15:30:00,12.8,13.81,12.09,13.51,0
28/06/2018 15:30:00,13.51,14.08,12.52,13.95,0
29/06/2018 15:30:00,13.95,13.95,12.63,12.94,0
02/07/2018 15:30:00,12.94,13.94,12.47,13.37,0
03/07/2018 15:30:00,13.37,13.75,12.19,13,0
04/07/2018 15:30:00,13,13.34,12.58,12.66,0
05/07/2018 15:30:00,12.66,12.95,11.23,12.58,0
06/07/2018 15:30:00,12.58,12.68,11.67,12.44,0
09/07/2018 15:30:00,12.44,12.58,11.22,12.39,0
10/07/2018 15:30:00,12.39,12.52,11.02,12.4,0
11/07/2018 15:30:00,12.4,12.86,10.02,12.78,0
12/07/2018 15:30:00,12.78,12.87,10.65,12.51,0
13/07/2018 15:30:00,12.51,12.51,11.32,12.3,0
16/07/2018 15:30:00,12.3,13.05,11.17,12.95,0
17/07/2018 15:30:00,12.95,12.95,11.24,12.83,0
18/07/2018 15:30:00,12.83,13.9,10.65,13.68,0
19/07/2018 15:30:00,13.68,13.8,10.99,13.59,0
20/07/2018 15:30:00,13.59,13.9,11.32,13.54,0
23/07/2018 15:30:00,13.54,13.62,12.07,13.01,0
24/07/2018 15:30:00,13.01,13.08,12.15,12.47,0
25/07/2018 15:30:00,12.47,13.26,11.22,12.21,0
26/07/2018 15:30:00,12.21,13.05,11.61,12.03,0
27/07/2018 15:30:00,12.03,12.5,11.25,12.31,0
30/07/2018 15:30:00,12.31,13.06,12.31,12.59,0
31/07/2018 15:30:00,12.59,12.8,12.29,12.48,0
01/08/2018 15:30:00,12.48,12.77,12,12.53,0
02/08/2018 15:30:00,12.53,12.8,10.89,12.56,0
03/08/2018 15:30:00,12.56,12.56,10.91,12.08,0
06/08/2018 15:30:00,12.08,12.74,11.85,12.56,0
07/08/2018 15:30:00,12.56,12.82,10.58,12.58,0
08/08/2018 15:30:00,12.58,12.78,10.48,12.54,0
09/08/2018 15:30:00,12.54,12.76,10.88,12.68,0
10/08/2018 15:30:00,12.68,12.99,10.06,12.85,0
13/08/2018 15:30:00,12.85,13.5,11.29,13.4,0
14/08/2018 15:30:00,13.4,13.42,10.76,13.28,0
16/08/2018 15:30:00,13.28,13.87,11.47,13.65,0
17/08/2018 15:30:00,13.65,13.65,10.3,13.16,0
20/08/2018 15:30:00,13.16,13.55,11.35,13.03,0
21/08/2018 15:30:00,13.03,13.64,9.93,12.9,0
23/08/2018 15:30:00,12.9,13.12,9.53,12.76,0
24/08/2018 15:30:00,12.76,12.84,9.43,12.41,0
27/08/2018 15:30:00,12.41,12.53,9.52,12.24,0
28/08/2018 15:30:00,12.24,12.6,10.38,12.43,0
29/08/2018 15:30:00,12.43,12.67,10.73,12.44,0
30/08/2018 15:30:00,12.44,12.63,10.62,12.41,0
31/08/2018 15:30:00,12.41,12.8,11.6,12.6,0
03/09/2018 15:30:00,12.6,13.72,11.17,13.39,0
04/09/2018 15:30:00,13.39,13.88,12.2,13.78,0
05/09/2018 15:30:00,13.78,14.15,11.95,13.65,0
06/09/2018 15:30:00,13.65,14.2,12.06,13.72,0
07/09/2018 15:30:00,13.72,14.14,11.09,13.89,0
10/09/2018 15:30:00,13.89,15.32,12.61,15.2,0
11/09/2018 15:30:00,15.2,15.45,13.44,15.33,0
12/09/2018 15:30:00,15.33,15.33,12.98,14.25,0
14/09/2018 15:30:00,14.25,14.25,12.32,13.84,0
17/09/2018 15:30:00,13.84,14.64,11.73,14.5,0
18/09/2018 15:30:00,14.5,14.62,11.87,14.42,0
19/09/2018 15:30:00,14.42,14.48,11.75,14.01,0
21/09/2018 15:30:00,14.01,16.92,10.98,15.54,0
24/09/2018 15:30:00,15.54,17.86,13.8,17.43,0
25/09/2018 15:30:00,17.43,18.31,16.22,16.68,0
26/09/2018 15:30:00,16.68,17.58,15.1,17.09,0
27/09/2018 15:30:00,17.09,17.37,15.6,16.92,0
28/09/2018 15:30:00,16.92,17.69,15.93,17,0
01/10/2018 15:30:00,17,18.86,16.27,16.84,0
03/10/2018 15:30:00,16.84,18.65,15.58,18.12,0
04/10/2018 15:30:00,18.12,19.68,17.49,18.92,0
05/10/2018 15:30:00,18.92,20.48,18.45,19.73,0
08/10/2018 15:30:00,19.73,21.77,18.48,20.15,0
09/10/2018 15:30:00,20.15,20.36,17.47,19.76,0
10/10/2018 15:30:00,19.76,19.76,17.73,17.91,0
11/10/2018 15:30:00,17.91,20.85,17.63,20.55,0
12/10/2018 15:30:00,20.55,20.55,16.67,18.63,0
15/10/2018 15:30:00,18.63,19.82,15.98,18.89,0
16/10/2018 15:30:00,18.89,18.89,14.28,17.37,0
17/10/2018 15:30:00,17.37,18.2,14.84,17.98,0
19/10/2018 15:30:00,17.98,20.05,17.45,19.79,0
22/10/2018 15:30:00,19.79,21.67,17.08,21.36,0
23/10/2018 15:30:00,21.36,22.35,18.76,19.04,0
24/10/2018 15:30:00,19.04,19.81,17.71,18.88,0
25/10/2018 15:30:00,18.88,20.33,18.5,18.96,0
26/10/2018 15:30:00,18.96,21.04,18.66,19.23,0
29/10/2018 15:30:00,19.23,20.81,19.23,19.83,0
30/10/2018 15:30:00,19.83,20.77,19.55,20.5,0
31/10/2018 15:30:00,20.5,22.82,19.58,19.8,0
01/11/2018 15:30:00,19.8,20.13,18.9,19.19,0
02/11/2018 15:30:00,19.19,19.19,17.49,18.23,0
05/11/2018 19:00:00,18.23,19.82,17.74,19.48,0
06/11/2018 15:30:00,19.48,19.48,16.18,18.51,0
09/11/2018 15:30:00,17.88,18.76,16.76,17.77,0
12/11/2018 15:30:00,17.77,19.46,16.48,19.37,0
13/11/2018 15:30:00,19.37,19.68,17.12,18.7,0
14/11/2018 15:30:00,18.7,19.51,14.77,18.83,0
15/11/2018 15:30:00,18.83,18.92,15.5,18.45,0
16/11/2018 15:30:00,18.45,18.87,16.9,18.35,0
19/11/2018 15:30:00,18.35,19.65,13.52,19.26,0
20/11/2018 15:30:00,19.26,19.65,18.25,19.33,0
21/11/2018 15:30:00,19.33,20.1,15.54,19.56,0
22/11/2018 15:30:00,19.56,20,17.09,19.16,0
26/11/2018 15:30:00,19.16,20.53,15.02,20.4,0
27/11/2018 15:30:00,20.4,20.4,16.61,18.32,0
28/11/2018 15:30:00,18.32,19.36,16.67,17.96,0
29/11/2018 15:30:00,17.96,18.85,14.93,18.7,0
30/11/2018 15:30:00,18.7,19.92,16.81,19.16,0
03/12/2018 15:30:00,19.16,19.61,16.31,18.22,0
04/12/2018 15:30:00,18.22,19.62,16.91,18.11,0
05/12/2018 15:30:00,18.11,18.83,16.62,18.39,0
06/12/2018 15:30:00,18.39,19.55,15.91,19.31,0
07/12/2018 15:30:00,19.31,19.63,15.98,18.59,0
10/12/2018 15:30:00,18.59,20.65,16.89,20.44,0
11/12/2018 15:30:00,20.44,20.44,17.2,17.95,0
12/12/2018 15:30:00,17.95,17.95,15.42,15.81,0
13/12/2018 15:30:00,15.81,15.91,11.91,15.55,0
14/12/2018 15:30:00,15.55,15.6,12.67,15.16,0
17/12/2018 15:30:00,15.16,15.91,13.87,14.54,0
18/12/2018 15:30:00,14.54,15.31,11.98,14.58,0
19/12/2018 15:30:00,14.58,14.87,11.87,14.66,0
20/12/2018 15:30:00,14.66,14.92,13.72,14.33,0
21/12/2018 15:30:00,14.33,16.23,12.94,15.99,0
24/12/2018 15:30:00,15.99,17.13,14.9,15.75,0
26/12/2018 15:30:00,15.75,17.48,14.81,15.92,0
27/12/2018 15:30:00,15.92,16.38,12.56,16.07,0
28/12/2018 15:30:00,16.07,16.07,15.02,15.27,0
31/12/2018 15:30:00,15.27,16.15,14.65,16,0
01/01/2019 15:30:00,16,16.4,15.15,15.33,0
02/01/2019 15:30:00,15.33,16.95,14.84,16.39,0
03/01/2019 15:30:00,16.39,17.15,15.44,16.79,0
04/01/2019 15:30:00,16.79,16.97,15.49,16.16,0
07/01/2019 15:30:00,16.16,16.45,15.3,16.3,0
08/01/2019 15:30:00,16.3,16.57,14.74,15.7,0
09/01/2019 15:30:00,15.7,16.32,13.9,15.27,0
10/01/2019 15:30:00,15.27,15.61,14.15,15.35,0
11/01/2019 15:30:00,15.35,15.83,14.36,15.35,0
14/01/2019 15:30:00,15.35,16.55,15.35,16.16,0
15/01/2019 15:30:00,16.16,16.16,12.99,15.58,0
16/01/2019 15:30:00,15.58,16.31,12.8,16.08,0
17/01/2019 15:30:00,16.08,16.43,12.99,16.24,0
18/01/2019 15:30:00,16.24,16.91,12.31,16.62,0
21/01/2019 15:30:00,16.62,18.34,14.36,18.15,0
22/01/2019 15:30:00,18.15,18.47,15.51,17.99,0
23/01/2019 15:30:00,17.99,18.29,12.02,18.09,0
24/01/2019 15:30:00,18.09,18.38,14.54,17.43,0
25/01/2019 15:30:00,17.43,18.14,14.37,17.69,0
28/01/2019 15:30:00,17.69,19.28,14.59,18.9,0
29/01/2019 15:30:00,18.9,19.8,18.04,18.43,0
30/01/2019 15:30:00,18.43,18.43,15.98,17.85,0
31/01/2019 15:30:00,17.85,17.85,16.45,17.12,0
01/02/2019 15:30:00,17.12,17.18,15.55,15.72,0
04/02/2019 15:30:00,15.72,16.45,14.97,15.72,0
05/02/2019 15:30:00,15.72,15.98,14.61,15.78,0
06/02/2019 15:30:00,15.78,15.97,12.83,15.63,0
07/02/2019 15:30:00,15.63,16.22,13.6,15.44,0
08/02/2019 15:30:00,15.44,15.82,12.97,15.57,0
11/02/2019 15:30:00,15.57,16.36,13.46,15.84,0
12/02/2019 15:30:00,15.84,15.98,13.23,15.75,0
13/02/2019 15:30:00,15.75,15.9,11.81,15.73,0
14/02/2019 15:30:00,15.73,16.58,12.09,15.77,0
15/02/2019 15:30:00,15.77,17.54,12.45,16.46,0
19/02/2019 15:30:00,18,18.61,15.26,18.47,0
20/02/2019 15:30:00,18.47,18.47,15.24,17.06,0
21/02/2019 15:30:00,17.06,17.17,12.13,16.05,0
22/02/2019 15:30:00,16.05,16.05,12.32,15.45,0
25/02/2019 15:30:00,15.45,16.04,11.7,15.36,0
26/02/2019 15:30:00,15.36,18.1,13.12,17.11,0
27/02/2019 15:30:00,17.11,19.98,14.13,18.9,0
28/02/2019 15:30:00,18.9,18.9,17.07,18.28,0
01/03/2019 15:30:00,18.28,18.28,15.9,16.27,0
05/03/2019 15:30:00,16.27,16.86,15.45,15.66,0
06/03/2019 15:30:00,15.66,15.74,14.29,15.61,0
07/03/2019 15:30:00,15.61,15.69,14.31,15.29,0
08/03/2019 15:30:00,15.29,15.41,12.92,14.94,0
11/03/2019 15:30:00,14.94,15.38,13.67,14.9,0
12/03/2019 15:30:00,14.9,15.2,13.84,15.1,0
13/03/2019 15:30:00,15.1,15.6,12.3,15.28,0
14/03/2019 15:30:00,15.28,15.52,13.76,15.15,0
15/03/2019 15:30:00,15.15,16.39,11.85,15.87,0
18/03/2019 15:30:00,15.87,17.19,14.27,16.9,0
19/03/2019 15:30:00,16.9,17.18,14.55,16.49,0
20/03/2019 15:30:00,16.49,16.49,14.49,16.03,0
22/03/2019 15:30:00,16.03,16.81,12.68,16.27,0
25/03/2019 15:30:00,16.27,17.03,14.26,16.67,0
26/03/2019 15:30:00,16.67,16.67,15.52,16.49,0
27/03/2019 15:30:00,16.49,17.42,14.55,17.05,0
28/03/2019 15:30:00,17.05,17.33,15.75,16.65,0
29/03/2019 15:30:00,16.65,17.43,16.24,17.18,0
01/04/2019 15:30:00,17.18,18.22,17.18,18.01,0
02/04/2019 15:30:00,18.01,18.55,17.44,18.08,0
03/04/2019 15:30:00,18.08,18.88,17.29,18.78,0
04/04/2019 15:30:00,18.78,19.33,18.25,18.65,0
05/04/2019 15:30:00,18.65,19.08,16.76,18.39,0
08/04/2019 15:30:00,18.39,20.46,18.39,20.15,0
09/04/2019 15:30:00,20.15,20.66,16.55,20.28,0
10/04/2019 15:30:00,20.28,21.28,18.7,21.13,0
11/04/2019 15:30:00,21.13,21.34,19.41,20.96,0
12/04/2019 15:30:00,20.96,21.3,18.68,21,0
15/04/2019 15:30:00,21,22.24,18.76,21.39,0
16/04/2019 15:30:00,21.39,21.89,19.67,21.69,0
18/04/2019 15:30:00,21.69,23.05,18.5,22.74,0
22/04/2019 15:30:00,22.74,24.56,20.41,24.05,0
23/04/2019 15:30:00,24.05,26.32,22.78,24.65,0
24/04/2019 15:30:00,24.65,25.13,23.45,23.71,0
25/04/2019 15:30:00,23.71,25.54,22.73,23.23,0
26/04/2019 15:30:00,23.23,23.96,21.43,21.72,0
30/04/2019 15:30:00,21.72,22.78,20.76,21.83,0
02/05/2019 15:30:00,21.83,23.27,21.77,22.98,0
03/05/2019 15:30:00,22.98,24.15,21.1,24.03,0
06/05/2019 15:30:00,24.03,27.84,19.74,26.43,0
07/05/2019 19:00:00,26.43,26.81,23.09,26.48,0
08/05/2019 15:30:00,26.48,27.03,23.25,26.37,0
09/05/2019 15:30:00,26.37,26.5,23.49,25.49,0
10/05/2019 15:30:00,25.49,26.53,24.54,26.34,0
13/05/2019 15:30:00,26.34,28.06,23.71,27.38,0
14/05/2019 15:30:00,27.38,27.76,22.39,27.13,0
15/05/2019 15:30:00,27.13,29.08,23.18,28.66,0
16/05/2019 15:30:00,28.66,29.33,23.78,28.37,0
17/05/2019 15:30:00,28.37,29.23,25.5,28.08,0
20/05/2019 15:30:00,28.08,28.08,19.76,23.68,0
21/05/2019 15:30:00,23.68,28.1,20.24,25.65,0
22/05/2019 15:30:00,25.65,30.18,19.04,27.63,0
23/05/2019 15:30:00,27.63,27.63,18.96,19.41,0
24/05/2019 15:30:00,19.41,19.41,14.49,16.47,0
27/05/2019 15:30:00,16.47,17.34,13.48,16.19,0
28/05/2019 15:30:00,16.19,16.54,15.38,15.92,0
29/05/2019 15:30:00,15.92,16.51,14.48,16.41,0
30/05/2019 15:30:00,16.41,16.41,14.85,15.61,0
31/05/2019 15:30:00,15.61,16.79,14.19,16.07,0
03/06/2019 15:30:00,16.07,16.23,14.08,15.97,0
04/06/2019 15:30:00,15.97,15.97,14.67,15.63,0
06/06/2019 15:30:00,15.63,15.93,13.98,15.53,0
07/06/2019 15:30:00,15.53,15.73,13.63,14.86,0
10/06/2019 15:30:00,14.86,15.45,13.45,14.98,0
11/06/2019 15:30:00,14.98,14.98,13.48,14.49,0
12/06/2019 15:30:00,14.49,14.71,13.31,14.12,0
13/06/2019 15:30:00,14.12,14.29,13.28,13.66,0
14/06/2019 15:30:00,13.66,14.12,12.64,13.9,0
17/06/2019 15:30:00,13.9,14.96,13.52,14.65,0
18/06/2019 15:30:00,14.65,14.97,11.74,14.6,0
19/06/2019 15:30:00,14.6,15.3,10.79,14.73,0
20/06/2019 15:30:00,14.73,15.19,12.84,14,0
21/06/2019 15:30:00,14,14.83,10.6,14.61,0
24/06/2019 15:30:00,14.61,15.67,11.86,15.22,0
25/06/2019 15:30:00,15.22,15.59,14.93,15.01,0
26/06/2019 15:30:00,15.01,15.2,14.39,14.75,0
27/06/2019 15:30:00,14.75,14.89,13.65,14.65,0
28/06/2019 15:30:00,14.65,15.07,14,14.95,0
01/07/2019 15:30:00,14.95,15.02,14.47,14.6,0
02/07/2019 15:30:00,14.6,14.83,14.03,14.25,0
03/07/2019 15:30:00,14.25,14.32,13.52,13.7,0
04/07/2019 15:30:00,13.7,13.7,13.01,13.53,0
05/07/2019 15:30:00,13.53,13.97,12.67,13.07,0
08/07/2019 15:30:00,13.07,14.04,12.11,13.85,0
09/07/2019 15:30:00,13.85,14.22,13.35,13.69,0
10/07/2019 15:30:00,13.69,13.96,12.4,13.64,0
11/07/2019 15:30:00,13.64,13.64,12.18,12.47,0
12/07/2019 15:30:00,12.47,12.55,11.55,12,0
15/07/2019 15:30:00,12,12.52,10.64,12.02,0
16/07/2019 15:30:00,12.02,12.02,11.06,11.56,0
17/07/2019 15:30:00,11.56,11.91,9.16,11.8,0
18/07/2019 15:30:00,11.8,11.98,9.22,11.75,0
19/07/2019 15:30:00,11.75,12.68,10.59,12.52,0
22/07/2019 15:30:00,12.52,13.4,11.56,13.01,0
23/07/2019 15:30:00,13.01,13.78,11.59,13.43,0
24/07/2019 15:30:00,13.43,14.48,11.85,12.76,0
25/07/2019 15:30:00,12.76,13.55,12,12.64,0
26/07/2019 15:30:00,12.64,13.31,11.92,12.13,0
29/07/2019 15:30:00,12.13,13.53,12.04,13.06,0
30/07/2019 15:30:00,13.06,13.87,12.5,13.61,0
31/07/2019 15:30:00,13.61,14.55,13.42,13.59,0
01/08/2019 15:30:00,13.59,15.28,13.27,14.56,0
02/08/2019 15:30:00,14.56,16.16,14.44,15.19,0
05/08/2019 15:30:00,15.19,17.82,15.19,16.59,0
06/08/2019 15:30:00,16.59,16.79,15.59,16.12,0
07/08/2019 15:30:00,16.12,16.91,15.74,16.74,0
08/08/2019 15:30:00,16.74,16.74,15.52,16.09,0
09/08/2019 15:30:00,16.09,16.16,15.03,15.85,0
13/08/2019 15:30:00,15.85,18.01,15.12,17.78,0
14/08/2019 15:30:00,17.78,17.78,16.11,16.36,0
16/08/2019 15:30:00,16.36,17.43,15.99,16.65,0
19/08/2019 15:30:00,16.65,17.02,14.71,16.75,0
20/08/2019 15:30:00,16.75,17.1,15.11,16.63,0
21/08/2019 15:30:00,16.63,17.33,14,17.02,0
22/08/2019 15:30:00,17.02,18.12,14.49,17.85,0
23/08/2019 15:30:00,17.85,18.26,13.7,17.35,0
26/08/2019 15:30:00,17.35,19.15,13.7,16.66,0
27/08/2019 15:30:00,16.66,16.83,14.42,16.01,0
28/08/2019 15:30:00,16.01,17.38,14.12,16.84,0
29/08/2019 15:30:00,16.84,17.45,13.87,16.43,0
30/08/2019 15:30:00,16.43,17.38,15.19,16.28,0
03/09/2019 15:30:00,16.28,18.27,16.28,18.06,0
04/09/2019 15:30:00,18.06,18.31,17.13,17.24,0
05/09/2019 15:30:00,17.24,17.7,16.06,17.27,0
06/09/2019 15:30:00,17.27,17.27,15.89,16.27,0
09/09/2019 15:30:00,16.27,16.64,13.67,15.85,0
11/09/2019 15:30:00,15.85,15.85,14.65,15.37,0
12/09/2019 15:30:00,15.37,15.37,14.61,14.9,0
13/09/2019 15:30:00,14.9,15.2,13.89,14.12,0
16/09/2019 15:30:00,14.12,15.31,14.12,14.95,0
17/09/2019 15:30:00,14.95,16.31,13.28,16.02,0
18/09/2019 15:30:00,16.02,16.19,13.91,15.35,0
19/09/2019 15:30:00,15.35,15.97,14.18,15.55,0
20/09/2019 15:30:00,15.55,17.05,13.83,15.4,0
23/09/2019 15:30:00,15.4,17.64,14.21,16.79,0
24/09/2019 15:30:00,16.79,18.53,15.9,16.73,0
25/09/2019 15:30:00,16.73,17.42,14.1,16.17,0
26/09/2019 15:30:00,16.17,17.01,13.64,16.34,0
27/09/2019 15:30:00,16.34,16.82,15.93,16.11,0
30/09/2019 15:30:00,16.11,16.51,15.8,15.87,0
01/10/2019 15:30:00,15.87,18.22,14.95,16.76,0
03/10/2019 15:30:00,16.76,18.05,16.42,17.7,0
04/10/2019 15:30:00,17.7,17.95,16.35,17.58,0
07/10/2019 15:30:00,17.58,18.43,16.99,17.83,0
09/10/2019 15:30:00,17.83,18.33,16.34,17.16,0
10/10/2019 15:30:00,17.16,17.54,15.73,17.23,0
11/10/2019 15:30:00,17.23,18.28,15.78,17.14,0
14/10/2019 15:30:00,17.14,17.96,17.06,17.43,0
15/10/2019 15:30:00,17.43,17.43,16.69,16.85,0
16/10/2019 15:30:00,16.85,16.95,15.5,16.36,0
17/10/2019 15:30:00,16.36,16.36,15.52,15.88,0
18/10/2019 15:30:00,15.88,16.15,14.99,15.93,0
22/10/2019 15:30:00,15.93,17.12,13.57,16.81,0
23/10/2019 15:30:00,16.81,16.85,14.83,16.54,0
24/10/2019 15:30:00,16.54,16.78,14.71,16.24,0
25/10/2019 19:00:00,16.24,16.24,15.2,15.32,0
27/10/2019 19:25:00,16.24,16.24,13.98,15.59,0
29/10/2019 15:30:00,15.59,16.55,15.5,16.42,0
30/10/2019 15:30:00,16.42,16.85,16.25,16.66,0
31/10/2019 15:30:00,16.66,16.8,15.5,16.28,0
01/11/2019 15:30:00,16.28,16.47,15.17,15.73,0
04/11/2019 15:30:00,15.73,16.36,13.5,15.93,0
05/11/2019 15:30:00,15.93,16.34,13.51,15.92,0
06/11/2019 15:30:00,15.92,16.15,13.38,15.78,0
07/11/2019 15:30:00,15.78,15.92,13.53,15.21,0
08/11/2019 15:30:00,15.21,15.99,13.71,15.86,0
11/11/2019 15:30:00,15.86,16.77,15.2,16.25,0
13/11/2019 15:30:00,16.25,16.67,14.47,16.46,0
14/11/2019 15:30:00,16.46,16.46,14.09,15.65,0
15/11/2019 15:30:00,15.65,15.65,12.52,15.03,0
18/11/2019 15:30:00,15.03,16.07,12.67,15.76,0
19/11/2019 15:30:00,15.76,15.76,12.61,15.41,0
20/11/2019 15:30:00,15.41,15.41,11.61,15.16,0
21/11/2019 15:30:00,15.16,15.6,12.61,14.98,0
22/11/2019 15:30:00,14.98,15.88,12.24,14.87,0
25/11/2019 15:30:00,14.87,15.21,13,15,0
26/11/2019 15:30:00,15,15.13,13.11,14.84,0
27/11/2019 15:30:00,14.84,14.84,12.36,14.62,0
28/11/2019 15:30:00,14.62,14.62,12.89,13.99,0
29/11/2019 15:30:00,13.99,14.29,13.14,13.9,0
02/12/2019 15:30:00,13.9,15.85,13.5,14.06,0
03/12/2019 15:30:00,14.2,16.34,12.07,14.56,0
04/12/2019 15:30:00,14.56,15.87,12.26,13.32,0
05/12/2019 15:30:00,13.32,15.12,12.83,14.31,0
06/12/2019 15:30:00,14.31,14.72,11.41,13.64,0
09/12/2019 15:30:00,13.64,15.36,12.47,14.6,0
10/12/2019 15:30:00,14.6,15.66,11.74,14.29,0
11/12/2019 15:30:00,14.29,14.45,11.71,13.38,0
12/12/2019 15:30:00,13.38,13.77,11.83,13.35,0
13/12/2019 15:30:00,13.35,14.67,12.19,13.3,0
16/12/2019 15:30:00,13.3,14.11,12.5,13.42,0
17/12/2019 15:30:00,13.42,13.43,11.96,12.52,0
18/12/2019 15:30:00,12.52,12.72,11.39,12.34,0
19/12/2019 15:30:00,12.34,12.42,11.33,12.12,0
20/12/2019 15:30:00,12.12,12.73,11.9,12.33,0
23/12/2019 15:30:00,12.33,14.51,10.7,11.96,0
24/12/2019 15:30:00,11.96,13.31,10.89,11.63,0
26/12/2019 15:30:00,11.63,12.35,10.84,11.12,0
27/12/2019 15:30:00,11.12,11.47,10.43,10.53,0
30/12/2019 15:30:00,10.53,11.45,9.62,11.01,0
31/12/2019 15:30:00,11.01,11.79,10.44,11.67,0
01/01/2020 15:30:00,11.67,11.73,11.09,11.6,0
02/01/2020 15:30:00,11.6,11.7,10.73,11.49,0
03/01/2020 15:30:00,11.49,12.94,10.69,12.7,0
06/01/2020 15:30:00,12.7,15.1,12.7,14.78,0
07/01/2020 15:30:00,14.78,14.91,14.46,14.61,0
08/01/2020 15:30:00,14.61,16.39,13.79,15.64,0
09/01/2020 15:30:00,15.64,15.64,13,14,0
10/01/2020 15:30:00,14,14.25,13.18,14.08,0
13/01/2020 15:30:00,14.08,14.5,13.58,14.28,0
14/01/2020 15:30:00,14.28,14.28,13.06,13.91,0
15/01/2020 15:30:00,13.91,14.46,13.59,14.12,0
16/01/2020 15:30:00,14.12,14.37,12.6,14.18,0
17/01/2020 15:30:00,14.18,14.53,12.5,14.13,0
20/01/2020 15:30:00,14.13,15.5,12.47,15.41,0
21/01/2020 15:30:00,15.41,16.04,15.07,15.86,0
22/01/2020 15:30:00,15.86,16.61,15.36,16.36,0
23/01/2020 15:30:00,16.36,16.71,15.78,15.86,0
24/01/2020 15:30:00,15.86,16.22,14.59,15.56,0
27/01/2020 15:30:00,15.56,17.34,14.68,17.18,0
28/01/2020 15:30:00,17.18,17.61,16.96,17.3,0
29/01/2020 15:30:00,17.3,17.3,15.65,16.5,0
30/01/2020 15:30:00,16.5,17.14,15.38,16.8,0
31/01/2020 15:30:00,16.8,17.59,14.9,17.37,0
01/02/2020 17:00:00,17.37,17.93,16.03,17.04,0
03/02/2020 15:30:00,16.84,17.03,15.48,15.78,0
04/02/2020 15:30:00,15.78,15.78,14.31,14.38,0
05/02/2020 15:30:00,14.38,14.53,13.82,14.17,0
06/02/2020 15:30:00,14.17,14.24,12.65,13.78,0
07/02/2020 15:30:00,13.78,13.99,12.98,13.75,0
10/02/2020 15:30:00,13.75,14.6,12.97,14.21,0
11/02/2020 15:30:00,14.21,14.21,11.38,13.88,0
12/02/2020 15:30:00,13.88,13.88,13.15,13.62,0
13/02/2020 15:30:00,13.62,13.67,11.8,13.37,0
14/02/2020 15:30:00,13.37,13.99,11.9,13.62,0
17/02/2020 15:30:00,13.62,14.62,13.38,14.42,0
18/02/2020 15:30:00,14.42,14.82,11.38,14.51,0
19/02/2020 15:30:00,14.51,14.51,13.48,14.02,0
20/02/2020 15:30:00,14.02,14.03,10.16,13.7,0
24/02/2020 15:30:00,13.7,17.38,12.3,17,0
25/02/2020 15:30:00,17,17.32,15.62,16.9,0
26/02/2020 15:30:00,16.9,18.86,16.5,18.26,0
27/02/2020 15:30:00,18.26,19.16,16.83,17.77,0
28/02/2020 15:30:00,17.77,23.7,17.48,23.24,0
02/03/2020 15:30:00,23.24,26.34,19.92,25.2,0
03/03/2020 15:30:00,25.2,26.49,21.54,24.54,0
04/03/2020 15:30:00,24.54,26.29,22.43,24.23,0
05/03/2020 15:30:00,24.23,24.23,22.13,23.25,0
06/03/2020 15:30:00,23.25,27.55,23.25,25.64,0
09/03/2020 15:30:00,25.64,34.35,21.43,30.8,0
11/03/2020 15:30:00,30.8,33.24,29.65,31.56,0
12/03/2020 15:30:00,31.56,42.33,29.81,41.16,0
13/03/2020 15:30:00,41.16,59.48,41.16,51.47,0
16/03/2020 15:30:00,51.47,59.87,51.47,58.88,0
17/03/2020 15:30:00,58.88,63.44,57.25,62.93,0
18/03/2020 15:30:00,62.93,64.58,61.15,63.96,0
19/03/2020 15:30:00,63.96,73.34,63.1,72.2,0
20/03/2020 15:30:00,72.2,72.97,65.38,67.1,0
23/03/2020 15:30:00,67.1,73.37,66.32,71.99,0
24/03/2020 15:30:00,71.99,86.64,71.99,83.61,0
25/03/2020 15:30:00,83.61,84.6,75.97,77.63,0
26/03/2020 15:30:00,77.63,79.41,70.68,71.53,0
27/03/2020 15:30:00,71.53,73.03,65.63,70.39,0
30/03/2020 15:30:00,70.39,73.36,70.28,71.89,0
31/03/2020 15:30:00,71.89,71.89,63.61,64.41,0
01/04/2020 15:30:00,64.41,64.41,59.78,60.05,0
03/04/2020 15:30:00,60.05,60.59,54.9,55.3,0
07/04/2020 15:30:00,55.3,55.3,49.94,51.8,0
08/04/2020 15:30:00,51.8,53.73,46.98,52.24,0
09/04/2020 15:30:00,52.24,52.24,46.9,49.75,0
13/04/2020 15:30:00,49.75,52.49,43.64,51.46,0
15/04/2020 15:30:00,51.46,51.46,44.65,49.74,0
16/04/2020 15:30:00,49.74,49.74,42.26,46.1,0
17/04/2020 15:30:00,46.1,46.1,40.31,42.59,0
20/04/2020 15:30:00,42.59,44.04,40.3,43.46,0
21/04/2020 15:30:00,43.46,45.96,36.22,45.2,0
22/04/2020 15:30:00,45.2,45.43,40.47,42.82,0
23/04/2020 15:30:00,42.82,42.82,37,39.23,0
24/04/2020 15:30:00,39.23,39.95,34.98,39.12,0
27/04/2020 15:30:00,39.12,40.17,35.21,38.04,0
28/04/2020 15:30:00,38.04,41.91,35.07,35.35,0
29/04/2020 15:30:00,35.35,35.35,31.48,33.84,0
30/04/2020 15:30:00,33.84,34.25,32.53,33.99,0
04/05/2020 15:30:00,33.99,43.92,33.99,43.67,0
05/05/2020 15:30:00,43.67,43.87,38.15,43.61,0
06/05/2020 15:30:00,43.61,43.63,40.2,41.25,0
07/05/2020 15:30:00,41.25,41.72,39.66,39.93,0
08/05/2020 15:30:00,39.93,39.93,36.55,38.41,0
11/05/2020 15:30:00,38.41,38.49,36.95,38.04,0
12/05/2020 15:30:00,38.04,38.81,35.24,38.21,0
13/05/2020 15:30:00,38.21,39.05,33.44,38.84,0
14/05/2020 15:30:00,38.84,38.84,35.8,38.18,0
15/05/2020 15:30:00,38.18,38.46,34.06,38.02,0
18/05/2020 15:30:00,38.02,41.25,27.94,40.92,0
19/05/2020 15:30:00,40.92,40.92,37.95,39.45,0
20/05/2020 15:30:00,39.45,39.45,34.1,35.81,0
21/05/2020 15:30:00,35.81,35.81,32.58,32.99,0
22/05/2020 15:30:00,32.99,34.36,26.34,32.38,0
26/05/2020 15:30:00,32.38,33.21,30.97,31.47,0
27/05/2020 15:30:00,31.47,32.02,28.86,31.27,0
28/05/2020 15:30:00,31.27,31.27,29.2,30.02,0
29/05/2020 15:30:00,30.02,30.57,27.41,30.22,0
01/06/2020 15:30:00,30.22,32.17,28.83,30.74,0
02/06/2020 15:30:00,30.74,30.92,27.9,30.12,0
03/06/2020 15:30:00,30.12,30.4,29.34,30.04,0
04/06/2020 15:30:00,30.04,30.27,28.45,29.69,0
05/06/2020 15:30:00,29.69,29.69,25.92,28.68,0
08/06/2020 15:30:00,28.68,30.15,27.8,29.65,0
09/06/2020 15:30:00,29.65,30.34,27.24,30.21,0
10/06/2020 15:30:00,30.21,30.21,28.73,29.44,0
11/06/2020 15:30:00,29.44,30.42,28.39,29.66,0
12/06/2020 15:30:00,29.66,32.88,29.66,30.82,0
15/06/2020 15:30:00,30.82,33.78,29.92,32.58,0
16/06/2020 15:30:00,32.58,35.31,30.41,32.97,0
17/06/2020 15:30:00,32.97,34.02,29.05,33.35,0
18/06/2020 15:30:00,33.35,33.42,31.22,31.46,0
19/06/2020 15:30:00,31.46,31.91,29.68,29.97,0
22/06/2020 15:30:00,29.97,30.98,29.97,30.46,0
23/06/2020 15:30:00,30.46,31.15,29.24,29.34,0
24/06/2020 15:30:00,29.34,30.53,27.79,29.58,0
25/06/2020 15:30:00,29.58,31.29,29.06,29.73,0
26/06/2020 15:30:00,29.73,30.07,28.32,28.74,0
29/06/2020 15:30:00,28.74,30.45,27.98,28.91,0
30/06/2020 15:30:00,28.91,29.63,28.41,29.12,0
01/07/2020 15:30:00,29.12,29.16,27.94,28.12,0
02/07/2020 15:30:00,28.12,28.12,26.32,26.51,0
03/07/2020 15:30:00,26.51,26.78,25.63,25.77,0
06/07/2020 15:30:00,25.77,26.18,24.54,25.2,0
07/07/2020 15:30:00,25.2,25.65,24.24,25.1,0
08/07/2020 15:30:00,25.1,26.36,25.03,26.1,0
09/07/2020 15:30:00,26.1,27.66,24.74,24.91,0
10/07/2020 15:30:00,24.91,25.48,23.49,24.94,0
13/07/2020 15:30:00,24.94,25.91,22.81,25.25,0
14/07/2020 15:30:00,25.25,27.27,25.25,26.64,0
15/07/2020 15:30:00,26.64,26.64,23.74,26.29,0
16/07/2020 15:30:00,26.29,26.6,25.25,25.36,0
17/07/2020 15:30:00,25.36,25.5,23.77,24.16,0
20/07/2020 15:30:00,24.16,25.12,24.16,24.71,0
21/07/2020 15:30:00,24.71,24.71,23.73,24.43,0
22/07/2020 15:30:00,24.43,25.8,23.73,24.89,0
23/07/2020 15:30:00,24.89,24.94,24.01,24.64,0
24/07/2020 15:30:00,24.64,25.3,22.74,24.54,0
27/07/2020 15:30:00,24.54,25.72,23.29,25.02,0
28/07/2020 15:30:00,25.02,25.22,23.55,23.64,0
29/07/2020 15:30:00,23.64,24.5,23.64,24.11,0
30/07/2020 15:30:00,24.11,25.14,22.09,24.73,0
31/07/2020 15:30:00,24.73,25.37,23.97,24.19,0
03/08/2020 15:30:00,24.19,25.69,23.26,25.19,0
04/08/2020 15:30:00,25.19,25.19,23.56,23.82,0
05/08/2020 15:30:00,23.82,23.93,21.83,23.57,0
06/08/2020 15:30:00,23.57,23.71,22.53,23.15,0
07/08/2020 15:30:00,23.15,23.31,21.76,22.58,0
10/08/2020 15:30:00,22.58,23.02,21.45,22.51,0
11/08/2020 15:30:00,22.51,22.51,20.22,21.36,0
12/08/2020 15:30:00,21.36,21.92,16.85,20.85,0
13/08/2020 15:30:00,20.85,21.19,19.46,20.57,0
14/08/2020 15:30:00,20.57,22.97,16.34,21.67,0
17/08/2020 15:30:00,21.67,22.88,19.56,21.31,0
18/08/2020 15:30:00,21.31,21.31,18.25,20.43,0
19/08/2020 15:30:00,20.43,20.43,17.84,19.96,0
20/08/2020 15:30:00,19.96,21.08,17.66,20.62,0
21/08/2020 15:30:00,20.62,20.62,14.89,19.94,0
24/08/2020 15:30:00,19.94,20.07,17.89,19.23,0
25/08/2020 15:30:00,19.23,19.81,15.42,19.32,0
26/08/2020 15:30:00,19.32,19.59,17.22,19.3,0
27/08/2020 15:30:00,19.3,19.47,17.45,18.9,0
28/08/2020 15:30:00,18.9,18.9,16.66,18.35,0
31/08/2020 15:30:00,18.35,23.87,16.4,22.84,0
01/09/2020 15:30:00,22.84,23.24,21.11,21.8,0
02/09/2020 15:30:00,21.8,22.5,19.85,21.11,0
03/09/2020 15:30:00,21.11,21.11,18.16,20.5,0
04/09/2020 15:30:00,20.5,22.65,19.86,22.15,0
07/09/2020 15:30:00,22.15,23.25,17.25,22.01,0
08/09/2020 15:30:00,22.01,23.07,17.57,22.72,0
09/09/2020 15:30:00,22.72,23.27,20.2,22.23,0
10/09/2020 15:30:00,22.23,22.23,17.7,21.26,0
11/09/2020 15:30:00,21.26,21.35,18.17,20.71,0
14/09/2020 15:30:00,20.71,21.74,17.53,21.19,0
15/09/2020 15:30:00,21.19,21.19,18.9,20.6,0
16/09/2020 15:30:00,20.6,20.6,16.33,19.66,0
17/09/2020 15:30:00,19.66,20.68,17.55,20.1,0
18/09/2020 15:30:00,20.1,20.77,17.58,20.05,0
21/09/2020 15:30:00,20.05,22.99,18.27,22.19,0
22/09/2020 15:30:00,22.19,23.28,15.76,21.41,0
23/09/2020 15:30:00,21.41,22.48,19.37,20.99,0
24/09/2020 15:30:00,20.99,23.82,20.93,23.51,0
25/09/2020 15:30:00,23.51,23.51,18.67,20.68,0
28/09/2020 15:30:00,20.68,21.1,19.35,19.57,0
29/09/2020 15:30:00,19.57,20.2,18.43,19.77,0
30/09/2020 15:30:00,19.77,20.22,17.68,19.53,0
01/10/2020 15:30:00,19.53,19.53,17.38,18.35,0
05/10/2020 15:30:00,18.35,20.02,18.35,19.7,0
06/10/2020 15:30:00,19.7,19.89,18.36,19.64,0
07/10/2020 15:30:00,19.64,20.34,19.07,20.06,0
08/10/2020 15:30:00,20.06,20.86,18.98,20.38,0
09/10/2020 15:30:00,20.38,21.01,17.51,20.38,0
12/10/2020 15:30:00,20.38,22.1,19.39,21.13,0
13/10/2020 15:30:00,21.13,21.65,20.53,20.72,0
14/10/2020 15:30:00,20.72,20.96,18.43,20.21,0
15/10/2020 15:30:00,20.21,22.28,19.04,22.06,0
16/10/2020 15:30:00,22.06,22.42,20.49,21.65,0
19/10/2020 15:30:00,21.65,22.32,15.47,21.82,0
20/10/2020 15:30:00,21.82,22.79,18.79,22.69,0
21/10/2020 15:30:00,22.69,23.55,18.38,22.92,0
22/10/2020 15:30:00,22.92,23.52,17.44,22.64,0
23/10/2020 15:30:00,22.64,22.78,19.83,21.83,0
26/10/2020 15:30:00,21.83,23.41,21.32,22.83,0
27/10/2020 15:30:00,22.83,23.17,22.12,22.2,0
28/10/2020 15:30:00,22.2,23.47,20.08,23.28,0
29/10/2020 15:30:00,23.28,24.36,22.28,24.02,0
30/10/2020 15:30:00,24.02,26.3,21.73,24.75,0
02/11/2020 15:30:00,24.75,25.92,24.22,25.21,0
03/11/2020 15:30:00,25.21,25.33,22.92,24.24,0
04/11/2020 15:30:00,24.24,24.24,20.67,23.2,0
05/11/2020 15:30:00,23.2,23.2,19.99,20.97,0
06/11/2020 15:30:00,20.97,20.97,19.28,20.5,0
09/11/2020 15:30:00,20.5,21.05,17.58,20.11,0
10/11/2020 15:30:00,20.11,21.85,19.9,21.58,0
11/11/2020 15:30:00,21.58,22.38,19,22.03,0
12/11/2020 15:30:00,22.03,22.03,19.79,20.62,0
13/11/2020 15:30:00,20.62,29.53,19.56,19.7,0
17/11/2020 15:30:00,19.13,20.41,18.4,19.8,0
18/11/2020 15:30:00,19.8,19.8,15.72,19.12,0
19/11/2020 15:30:00,19.12,19.98,16.33,19.57,0
20/11/2020 15:30:00,19.57,19.81,17,19.62,0
23/11/2020 15:30:00,19.62,20.86,16.91,20.8,0
24/11/2020 15:30:00,20.8,22,20.02,21.06,0
25/11/2020 15:30:00,21.06,23.5,20.68,23.13,0
26/11/2020 15:30:00,23.13,23.13,19.44,20.02,0
27/11/2020 15:30:00,20.02,21.28,17.63,19.82,0
01/12/2020 15:30:00,19.82,21.24,19.25,20.18,0
02/12/2020 15:30:00,20.18,20.55,17.96,19.91,0
03/12/2020 15:30:00,19.91,19.91,17.72,19,0
04/12/2020 15:30:00,19,19.04,16.53,18.03,0
07/12/2020 15:30:00,18.03,18.32,16.95,18.02,0
08/12/2020 15:30:00,18.02,18.8,16.27,18.62,0
09/12/2020 15:30:00,18.62,19.63,16.22,18.92,0
10/12/2020 15:30:00,18.92,19.39,17.42,18.71,0
11/12/2020 15:30:00,18.71,19.29,17.36,18.79,0
14/12/2020 15:30:00,18.79,19.64,15.33,19.4,0
15/12/2020 15:30:00,19.4,19.83,15.69,19.35,0
16/12/2020 15:30:00,19.35,19.4,18.61,19.2,0
17/12/2020 15:30:00,19.2,21.62,14.05,19.16,0
18/12/2020 15:30:00,19.16,19.49,14.56,18.62,0
21/12/2020 15:30:00,18.62,23.68,18.62,23.19,0
22/12/2020 15:30:00,23.19,24.48,16.59,21.99,0
23/12/2020 15:30:00,21.99,22.08,19.4,20.5,0
24/12/2020 15:30:00,20.5,20.95,15.65,19.97,0
28/12/2020 15:30:00,19.97,21.02,18.6,20.43,0
29/12/2020 15:30:00,20.43,21.21,17.63,20.79,0
30/12/2020 15:30:00,20.79,21.59,20.79,21.11,0
31/12/2020 15:30:00,21.11,21.51,19.19,21.1,0
01/01/2021 15:30:00,21.1,21.33,19.26,19.56,0
04/01/2021 15:30:00,19.56,21.03,19.34,20.03,0
05/01/2021 15:30:00,20.03,21.01,20.03,20.46,0
06/01/2021 15:30:00,20.46,21.63,20.43,21,0
07/01/2021 15:30:00,21,21,20.14,20.62,0
08/01/2021 15:30:00,20.62,20.85,17.38,20.64,0
11/01/2021 15:30:00,20.64,22.75,20.64,22.38,0
12/01/2021 15:30:00,22.38,23.26,22.29,22.85,0
13/01/2021 15:30:00,22.85,24.05,22.37,23.29,0
14/01/2021 15:30:00,23.29,23.7,22.81,23.03,0
15/01/2021 15:30:00,23.03,24.68,23.03,24.01,0
18/01/2021 15:30:00,24.01,25.41,23.57,24.4,0
19/01/2021 15:30:00,24.4,24.4,20.36,22.9,0
20/01/2021 15:30:00,22.9,23.19,19.33,21.55,0
21/01/2021 15:30:00,21.55,22.78,18.62,22.18,0
22/01/2021 15:30:00,22.18,23.04,18.73,22.42,0
25/01/2021 15:30:00,22.42,23.81,20.34,23.25,0
27/01/2021 15:30:00,23.25,24.75,20.83,24.39,0
28/01/2021 15:30:00,24.39,25.3,23.44,24.29,0
29/01/2021 15:30:00,24.29,25.99,22.08,25.34,0
01/02/2021 15:30:00,25.34,25.93,22.6,23.32,0
02/02/2021 15:30:00,23.32,23.61,21,23.35,0
03/02/2021 15:30:00,23.35,24.2,20.95,23.75,0
04/02/2021 15:30:00,23.75,23.93,22.09,23.12,0
05/02/2021 15:30:00,23.12,23.94,20.08,23.42,0
08/02/2021 15:30:00,23.42,24.35,22.18,23.96,0
09/02/2021 15:30:00,23.96,24.47,21.43,24.27,0
10/02/2021 15:30:00,24.27,24.96,20.91,23.95,0
11/02/2021 15:30:00,23.95,24.22,21.02,23.05,0
12/02/2021 15:30:00,23.05,23.07,20.89,22.04,0
15/02/2021 15:30:00,22.04,22.39,20.82,21.48,0
16/02/2021 15:30:00,21.48,22.12,20.54,21.78,0
17/02/2021 15:30:00,21.78,21.88,21.1,21.51,0
18/02/2021 15:30:00,21.51,22.09,19.96,21.54,0
19/02/2021 15:30:00,21.54,22.87,19.35,22.25,0
22/02/2021 15:30:00,22.25,25.82,20.02,25.47,0
23/02/2021 15:30:00,25.47,25.64,23.86,25.23,0
24/02/2021 15:30:00,25.23,25.23,23.48,24.17,0
25/02/2021 15:30:00,24.17,24.17,22.63,22.89,0
26/02/2021 15:30:00,22.89,29.65,22.89,28.14,0
01/03/2021 15:30:00,28.14,28.14,24.95,25.63,0
02/03/2021 15:30:00,25.63,25.63,23.21,23.61,0
03/03/2021 15:30:00,23.61,23.61,21.82,22.09,0
04/03/2021 15:30:00,22.09,24.58,22.09,24.15,0
05/03/2021 15:30:00,24.15,26.41,22.86,25.56,0
08/03/2021 15:30:00,25.56,25.65,21.2,24.68,0
09/03/2021 15:30:00,24.68,24.68,21.44,22.5,0
10/03/2021 15:30:00,22.5,22.5,19.32,20.75,0
12/03/2021 15:30:00,20.75,22.67,18.54,21.71,0
15/03/2021 15:30:00,21.71,22.93,21,21.23,0
16/03/2021 15:30:00,21.23,21.23,18.06,20.19,0
17/03/2021 15:30:00,20.19,20.42,18.62,20.16,0
18/03/2021 15:30:00,20.16,20.95,16.68,20.08,0
19/03/2021 15:30:00,20.08,21.87,18.73,19.99,0
22/03/2021 15:30:00,19.99,21.23,18.97,20.49,0
23/03/2021 15:30:00,20.49,22.14,20.49,20.67,0
24/03/2021 15:30:00,20.67,22.69,19.75,22.46,0
25/03/2021 15:30:00,22.46,23.31,21.12,22.7,0
26/03/2021 15:30:00,22.7,22.92,18.23,20.65,0
30/03/2021 15:30:00,20.65,20.65,19.57,20.49,0
31/03/2021 15:30:00,20.49,20.83,20,20.65,0
01/04/2021 15:30:00,20.65,20.68,19.73,19.99,0
05/04/2021 15:30:00,19.99,23.31,19.99,21.22,0
06/04/2021 15:30:00,21.22,22.24,19.81,20.84,0
07/04/2021 15:30:00,20.84,21.3,19.43,20.25,0
08/04/2021 15:30:00,20.25,20.59,19.17,20.31,0
09/04/2021 15:30:00,20.31,20.97,19.68,19.79,0
12/04/2021 15:30:00,19.79,23.3,19.79,23,0
13/04/2021 15:30:00,23,23,20.3,20.46,0
15/04/2021 15:30:00,20.46,21.55,18.25,20.89,0
16/04/2021 15:30:00,20.89,21.09,19.48,20.4,0
19/04/2021 15:30:00,20.4,23.11,19.81,22.49,0
20/04/2021 15:30:00,22.49,22.75,21.24,22.43,0
22/04/2021 15:30:00,22.43,23.61,22.43,23.03,0
23/04/2021 15:30:00,23.03,23.05,20.21,22.69,0
26/04/2021 15:30:00,22.69,23.56,22.62,23.5,0
27/04/2021 15:30:00,23.5,23.63,22.32,23.08,0
28/04/2021 15:30:00,23.08,23.11,20.97,22.58,0
29/04/2021 15:30:00,22.58,23.42,22.11,23.31,0
30/04/2021 15:30:00,23.31,23.77,22.6,23.03,0
03/05/2021 15:30:00,23.03,24.54,21.84,23.69,0
04/05/2021 15:30:00,23.69,23.69,22.18,23.01,0
05/05/2021 15:30:00,23.01,23.19,21.14,21.96,0
06/05/2021 15:30:00,21.96,22.61,20.12,22.04,0
07/05/2021 15:30:00,22.04,22.04,20.31,20.82,0
10/05/2021 15:30:00,20.82,21.15,20.14,20.23,0
11/05/2021 15:30:00,20.23,21.12,19.72,19.83,0
12/05/2021 15:30:00,19.83,20.91,18.36,20.08,0
14/05/2021 15:30:00,20.08,21.15,18.23,20.27,0
17/05/2021 15:30:00,20.27,20.43,18.36,19.61,0
18/05/2021 15:30:00,19.61,19.61,18.31,19.24,0
19/05/2021 15:30:00,19.24,19.57,17.23,19.32,0
20/05/2021 15:30:00,19.32,19.84,18.09,19.65,0
21/05/2021 15:30:00,19.65,19.65,17.13,19.08,0
24/05/2021 15:30:00,19.08,19.89,18.72,19.13,0
25/05/2021 15:30:00,19.13,21.05,17.69,18.84,0
26/05/2021 15:30:00,18.84,21.3,17.23,20.87,0
27/05/2021 15:30:00,20.87,21.32,18.35,19.91,0
28/05/2021 15:30:00,19.91,19.91,17.36,17.4,0
31/05/2021 15:30:00,17.4,17.99,16.43,16.89,0
01/06/2021 15:30:00,16.89,17.96,15.31,17.39,0
02/06/2021 15:30:00,17.39,17.65,15.17,17.21,0
03/06/2021 15:30:00,17.21,17.21,14.15,15.75,0
04/06/2021 15:30:00,15.75,16.38,14.94,15.94,0
07/06/2021 15:30:00,15.94,15.94,14.74,15.57,0
08/06/2021 15:30:00,15.57,15.6,13.57,15.23,0
09/06/2021 15:30:00,15.23,15.74,11.95,14.75,0
10/06/2021 15:30:00,14.75,15.2,14.18,15,0
11/06/2021 15:30:00,15,15,13.94,14.1,0
14/06/2021 15:30:00,14.1,15.31,13.74,14.72,0
15/06/2021 15:30:00,14.72,15.16,13.28,14.61,0
16/06/2021 15:30:00,14.61,15.32,13.62,14.87,0
17/06/2021 15:30:00,14.87,16.05,14.53,15.29,0
18/06/2021 15:30:00,15.29,16.62,10.6,14.8,0
21/06/2021 15:30:00,14.8,16.46,14.38,15.06,0
22/06/2021 15:30:00,15.06,15.11,14.43,14.74,0
23/06/2021 15:30:00,14.74,15.54,13.63,15.37,0
24/06/2021 15:30:00,15.37,15.64,14.93,15.1,0
25/06/2021 15:30:00,15.1,15.27,13.28,13.37,0
28/06/2021 15:30:00,13.37,13.77,13.12,13.4,0
29/06/2021 15:30:00,13.4,13.4,12.9,13,0
30/06/2021 15:30:00,13,13.14,12.6,13.05,0
01/07/2021 15:30:00,13.05,13.28,12.33,12.84,0
02/07/2021 15:30:00,12.84,13.02,12.02,12.09,0
05/07/2021 15:30:00,12.09,12.62,11.99,12.07,0
06/07/2021 15:30:00,12.07,12.36,11.29,12.28,0
07/07/2021 15:30:00,12.28,12.59,11.15,12.21,0
08/07/2021 15:30:00,12.21,14.01,12.06,13.56,0
09/07/2021 15:30:00,13.56,14,12.18,12.94,0
12/07/2021 15:30:00,12.94,13.61,11.81,12.99,0
13/07/2021 15:30:00,12.99,12.99,10.67,12.62,0
14/07/2021 15:30:00,12.62,12.96,10.49,12.59,0
15/07/2021 15:30:00,12.59,12.95,11.08,12.27,0
16/07/2021 15:30:00,12.27,12.37,11.63,11.71,0
19/07/2021 15:30:00,11.71,13.2,11.71,12.68,0
20/07/2021 15:30:00,12.68,14.09,11.79,13.21,0
22/07/2021 15:30:00,13.21,13.21,11.72,11.89,0
23/07/2021 15:30:00,11.89,12.12,11.57,11.76,0
26/07/2021 15:30:00,11.76,12.54,10.4,12.45,0
27/07/2021 15:30:00,12.45,13.53,12.1,13.23,0
28/07/2021 15:30:00,13.23,15.98,11.36,13.69,0
29/07/2021 15:30:00,13.69,13.69,12.44,12.95,0
30/07/2021 15:30:00,12.95,13.32,12.18,12.8,0
02/08/2021 15:30:00,12.8,13.09,11.52,12.81,0
03/08/2021 15:30:00,12.81,13.91,11.96,13.75,0
04/08/2021 15:30:00,13.75,14.06,12.65,13.21,0
05/08/2021 15:30:00,13.21,13.42,11.2,12.87,0
06/08/2021 15:30:00,12.87,13.16,11.64,12.61,0
09/08/2021 15:30:00,12.61,13.11,12.03,12.61,0
10/08/2021 15:30:00,12.61,13.07,9.98,12.71,0
11/08/2021 15:30:00,12.71,13.33,10.47,12.71,0
12/08/2021 15:30:00,12.71,12.82,11.36,12.37,0
13/08/2021 15:30:00,12.37,13.16,11.4,12.99,0
16/08/2021 15:30:00,12.99,13.66,11.38,13.46,0
17/08/2021 15:30:00,13.46,13.61,12.03,13.41,0
18/08/2021 15:30:00,13.41,13.41,11.12,12.91,0
20/08/2021 15:30:00,12.91,14.14,12.35,14.02,0
23/08/2021 15:30:00,14.02,14.44,12.73,13.69,0
24/08/2021 15:30:00,13.69,14.51,13.1,13.19,0
25/08/2021 15:30:00,13.19,13.97,12.27,13.5,0
26/08/2021 15:30:00,13.5,14.2,12.11,13.54,0
27/08/2021 15:30:00,13.54,13.76,12.94,13.41,0
30/08/2021 15:30:00,13.41,13.69,12.4,13.32,0
31/08/2021 15:30:00,13.32,14.77,12.64,14.52,0
01/09/2021 15:30:00,14.52,15.63,13.9,14.19,0
02/09/2021 15:30:00,14.19,14.39,13.61,14.24,0
03/09/2021 15:30:00,14.24,14.65,13.58,14.54,0
06/09/2021 15:30:00,14.54,15.28,14.06,15.11,0
07/09/2021 15:30:00,15.11,15.23,14.59,14.9,0
08/09/2021 15:30:00,14.9,15.06,12.49,14.41,0
09/09/2021 15:30:00,14.41,14.41,13.64,13.94,0
13/09/2021 15:30:00,13.94,14.78,11.92,14.03,0
14/09/2021 15:30:00,14.03,14.03,10.87,13.58,0
15/09/2021 15:30:00,13.58,13.88,12.37,13.73,0
16/09/2021 15:30:00,13.73,14.53,9.03,14.41,0
17/09/2021 15:30:00,14.41,15.65,12.14,15.23,0
20/09/2021 15:30:00,15.23,17.81,10.23,17.49,0
21/09/2021 15:30:00,17.49,18,13,16.52,0
22/09/2021 15:30:00,16.52,16.86,13.28,16.49,0
23/09/2021 15:30:00,16.49,16.94,10.31,16.6,0
24/09/2021 15:30:00,16.6,17.33,12.77,16.92,0
27/09/2021 15:30:00,16.92,18.14,13.52,18.05,0
28/09/2021 15:30:00,18.05,18.57,15.37,18.54,0
29/09/2021 15:30:00,18.54,19.43,16.76,18.84,0
30/09/2021 15:30:00,18.84,19.14,17.15,18.4,0
01/10/2021 15:30:00,18.4,19.08,17,17.21,0
04/10/2021 15:30:00,17.21,17.53,15.32,16.74,0
05/10/2021 15:30:00,16.74,17.13,16.3,16.4,0
06/10/2021 15:30:00,16.4,17.59,16.11,17.33,0
07/10/2021 15:30:00,17.33,17.33,14.45,16.16,0
08/10/2021 15:30:00,16.16,16.4,15.53,15.65,0
11/10/2021 15:30:00,15.65,16.41,12.23,16.09,0
12/10/2021 15:30:00,16.09,16.4,13.94,15.85,0
13/10/2021 15:30:00,15.85,16.22,13.38,16.1,0
14/10/2021 15:30:00,16.1,16.29,12.61,15.77,0
18/10/2021 15:30:00,15.77,17.32,14.16,17.18,0
19/10/2021 15:30:00,17.18,17.54,14.24,17.38,0
20/10/2021 15:30:00,17.38,18.86,15.23,18.31,0
21/10/2021 15:30:00,18.31,18.8,14.91,18.04,0
22/10/2021 15:30:00,18.04,18.04,14.36,17.55,0
25/10/2021 15:30:00,17.55,18.76,14.51,17.61,0
26/10/2021 15:30:00,17.61,17.73,16.65,16.75,0
27/10/2021 15:30:00,16.75,17.03,15.4,16.83,0
28/10/2021 15:30:00,16.83,18.43,16.81,17.91,0
29/10/2021 15:30:00,17.91,19.64,16.28,17.43,0
01/11/2021 15:30:00,17.43,18.1,15.38,17.24,0
02/11/2021 15:30:00,17.24,17.79,16.36,17.06,0
03/11/2021 15:30:00,17.06,17.06,15.7,16.13,0
04/11/2021 19:15:00,16.13,16.41,14.31,15.75,0
08/11/2021 15:30:00,15.75,16.93,13.99,16.34,0
09/11/2021 15:30:00,16.34,16.61,14.64,16,0
10/11/2021 15:30:00,16,16.68,15.14,16.31,0
11/11/2021 15:30:00,16.31,17.29,14.65,16.35,0
12/11/2021 15:30:00,16.35,16.35,14.65,15.22,0
15/11/2021 15:30:00,15.22,15.84,13.43,15.47,0
16/11/2021 15:30:00,15.47,15.68,13.58,15.2,0
17/11/2021 15:30:00,15.2,15.41,13.92,14.98,0
18/11/2021 15:30:00,14.98,16.15,12.08,14.86,0
22/11/2021 15:30:00,14.86,18.08,13.56,17.52,0
23/11/2021 15:30:00,17.52,20.02,16.79,18.02,0
24/11/2021 15:30:00,18.02,18.02,15.58,17.1,0
25/11/2021 15:30:00,17.1,18.07,16,16.66,0
26/11/2021 15:30:00,16.66,21.39,16.05,20.8,0
29/11/2021 15:30:00,20.8,23.82,18.89,20.83,0
30/11/2021 15:30:00,20.83,21.97,18.81,21.17,0
01/12/2021 15:30:00,21.17,21.17,18.93,19.45,0
02/12/2021 15:30:00,19.45,22.97,18,18.09,0
03/12/2021 15:30:00,18.09,18.83,17.21,18.45,0
06/12/2021 15:30:00,18.45,20.48,18.3,20.08,0
07/12/2021 15:30:00,20.08,20.08,18.24,18.46,0
08/12/2021 15:30:00,18.46,18.46,16.57,17.27,0
09/12/2021 15:30:00,17.27,17.43,15.54,16.6,0
10/12/2021 15:30:00,16.6,16.93,15.21,16.06,0
13/12/2021 15:30:00,16.06,16.86,14.68,16.57,0
14/12/2021 15:30:00,16.57,17.33,13.94,16.95,0
15/12/2021 15:30:00,16.95,17.71,15.77,17.22,0
16/12/2021 15:30:00,17.22,17.22,15.26,15.9,0
17/12/2021 15:30:00,15.9,16.91,13.76,16.34,0
20/12/2021 15:30:00,16.34,20.14,16.34,18.97,0
21/12/2021 15:30:00,18.97,18.97,16.63,17.54,0
22/12/2021 15:30:00,17.54,17.54,15.69,16.58,0
23/12/2021 15:30:00,16.58,16.58,15.68,15.83,0
24/12/2021 15:30:00,15.83,16.65,15.33,16.15,0
27/12/2021 15:30:00,16.15,17.28,15.26,17.12,0
28/12/2021 15:30:00,17.12,17.12,15.21,16.48,0
29/12/2021 15:30:00,16.48,16.86,15.8,16.24,0
30/12/2021 15:30:00,16.24,16.79,15.29,16.57,0
31/12/2021 15:30:00,16.57,16.77,15.4,16.22,0
03/01/2022 15:30:00,16.22,16.81,15.45,16.45,0
04/01/2022 15:30:00,16.45,16.68,15.71,16.12,0
05/01/2022 15:30:00,16.12,17.38,15.09,17.23,0
06/01/2022 15:30:00,17.23,18.42,16.4,17.98,0
07/01/2022 15:30:00,17.98,18.09,16.86,17.6,0
10/01/2022 15:30:00,17.6,18.39,15.84,17.68,0
11/01/2022 15:30:00,17.68,18.25,16.44,17.76,0
12/01/2022 15:30:00,17.76,17.93,16.55,17.18,0
13/01/2022 15:30:00,17.18,17.52,16.61,16.7,0
14/01/2022 15:30:00,16.7,17.1,15.34,16.56,0
17/01/2022 15:30:00,16.56,17.55,16.27,16.77,0
18/01/2022 15:30:00,16.77,17.88,16.77,17.78,0
19/01/2022 15:30:00,17.78,18.45,15.94,17.82,0
20/01/2022 15:30:00,17.82,18.45,17.32,17.79,0
21/01/2022 15:30:00,17.79,19.61,16.98,18.89,0
24/01/2022 15:30:00,18.89,23.9,18.89,22.83,0
25/01/2022 15:30:00,22.83,24.14,21.18,21.36,0
27/01/2022 15:30:00,21.36,23.87,20.44,21.07,0
28/01/2022 15:30:00,21.07,21.32,20.28,20.7,0
31/01/2022 15:30:00,20.7,22.11,20.7,21.95,0
01/02/2022 15:30:00,21.95,22.07,19.75,19.98,0
02/02/2022 15:30:00,19.98,19.98,18.55,18.65,0
03/02/2022 15:30:00,18.65,19.6,17.41,19.16,0
04/02/2022 15:30:00,19.16,19.78,18.6,18.9,0
07/02/2022 15:30:00,18.9,21.08,18.18,20.44,0
08/02/2022 15:30:00,20.44,20.94,19.56,19.68,0
09/02/2022 15:30:00,19.68,19.68,17.89,18.56,0
10/02/2022 15:30:00,18.56,18.93,16.8,17.71,0
11/02/2022 15:30:00,17.71,19.53,16.86,18.68,0
14/02/2022 15:30:00,18.68,23.54,18.68,22.98,0
15/02/2022 15:30:00,22.98,23.14,20.43,20.61,0
16/02/2022 15:30:00,20.61,21.02,19.35,20.59,0
17/02/2022 15:30:00,20.59,22.37,19.46,22.01,0
18/02/2022 15:30:00,22.01,23.21,21.64,22.17,0
21/02/2022 15:30:00,22.17,23.76,20.57,22.9,0
22/02/2022 15:30:00,22.9,27.82,22.9,26.66,0
23/02/2022 15:30:00,26.66,26.66,23.91,24.54,0
24/02/2022 15:30:00,24.54,33.97,24.54,31.98,0
25/02/2022 15:30:00,31.98,31.98,26.15,26.74,0
28/02/2022 15:30:00,26.74,29.79,26.74,28.57,0
02/03/2022 15:30:00,28.57,30.84,28.57,29.23,0
03/03/2022 15:30:00,29.23,29.23,27.22,28.16,0
04/03/2022 15:30:00,28.16,29.93,27.22,27.96,0
07/03/2022 15:30:00,27.96,30.28,27.96,29.33,0
08/03/2022 15:30:00,29.33,30.06,27.11,28.59,0
09/03/2022 15:30:00,28.59,28.59,27.31,27.47,0
10/03/2022 15:30:00,27.47,27.47,22.96,25.58,0
11/03/2022 15:30:00,25.58,25.87,24.58,25.35,0
14/03/2022 15:30:00,25.35,26.21,25.09,25.68,0
15/03/2022 15:30:00,25.68,27.54,23.66,26.73,0
16/03/2022 15:30:00,26.73,26.73,24.01,24.12,0
17/03/2022 15:30:00,24.12,24.12,20.77,22.61,0
21/03/2022 15:30:00,22.61,24.71,22.61,24.62,0
22/03/2022 15:30:00,24.62,25.16,23.76,24.07,0
23/03/2022 15:30:00,24.07,24.98,20.45,24.75,0
24/03/2022 15:30:00,24.75,25.53,23.81,23.93,0
25/03/2022 15:30:00,23.93,24.27,22.91,23.43,0
28/03/2022 15:30:00,23.43,24.21,19.59,22.61,0
29/03/2022 15:30:00,22.61,22.61,21.1,21.3,0
30/03/2022 15:30:00,21.3,21.3,19.73,20.61,0
31/03/2022 15:30:00,20.61,20.94,20.21,20.56,0
01/04/2022 15:30:00,20.56,20.86,18.12,18.43,0
04/04/2022 15:30:00,18.43,18.83,17.59,17.91,0
05/04/2022 15:30:00,17.91,18.63,16.79,18.49,0
06/04/2022 15:30:00,18.49,19.28,16.81,19.02,0
07/04/2022 15:30:00,19.02,19.49,17.72,19,0
08/04/2022 15:30:00,19,20.09,17.53,17.69,0
11/04/2022 15:30:00,17.69,19.15,16.64,18.27,0
12/04/2022 15:30:00,18.27,18.67,15.09,18.16,0
13/04/2022 15:30:00,18.16,18.4,16.19,17.79,0
18/04/2022 15:30:00,17.79,20.48,17.79,19.34,0
19/04/2022 15:30:00,19.34,20.81,14.63,19.77,0
20/04/2022 15:30:00,19.77,20.27,17.84,18.67,0
21/04/2022 15:30:00,18.67,18.67,13.35,17.85,0
22/04/2022 15:30:00,17.85,18.76,17.81,18.35,0
25/04/2022 15:30:00,18.35,21.76,18.35,21.26,0
26/04/2022 15:30:00,21.26,21.26,19.01,19.19,0
27/04/2022 15:30:00,19.19,21.37,19.19,20.61,0
28/04/2022 15:30:00,20.61,20.61,19.02,19.38,0
29/04/2022 15:30:00,19.38,19.65,18.21,19.42,0
02/05/2022 15:30:00,19.42,21.06,19.42,20.28,0
04/05/2022 15:30:00,20.28,22.39,18.43,21.88,0
05/05/2022 15:30:00,21.88,21.88,19.61,20.29,0
06/05/2022 15:30:00,20.29,21.81,19.33,21.25,0
09/05/2022 15:30:00,21.25,22.52,18.96,22.03,0
10/05/2022 15:30:00,22.03,22.52,21.22,22.3,0
11/05/2022 15:30:00,22.3,24.19,20.48,22.8,0
12/05/2022 15:30:00,22.8,25.32,21.15,24.27,0
13/05/2022 15:30:00,24.27,24.27,20.97,23.49,0
16/05/2022 15:30:00,23.49,24.71,21.28,24.53,0
17/05/2022 15:30:00,24.53,24.84,17.1,22.74,0
18/05/2022 15:30:00,22.74,23.06,21.34,22.3,0
19/05/2022 15:30:00,22.3,25.15,22.3,24.56,0
20/05/2022 15:30:00,24.56,24.56,22.44,23.1,0
23/05/2022 15:30:00,23.1,23.98,20.5,23.4,0
24/05/2022 15:30:00,23.4,25.99,23.16,25.64,0
25/05/2022 15:30:00,25.64,25.64,24.36,25.28,0
26/05/2022 15:30:00,25.28,25.28,22.54,22.72,0
27/05/2022 15:30:00,22.72,22.72,21.2,21.48,0
30/05/2022 15:30:00,21.48,21.48,19.72,19.98,0
31/05/2022 15:30:00,19.98,20.75,19.68,20.48,0
01/06/2022 15:30:00,20.48,21.34,18.23,20.85,0
02/06/2022 15:30:00,20.85,21,18.38,20.32,0
03/06/2022 15:30:00,20.32,20.32,18.74,19.98,0
06/06/2022 15:30:00,19.98,20.68,18.65,20.2,0
07/06/2022 15:30:00,20.2,21.07,19.43,20.43,0
08/06/2022 15:30:00,20.43,20.69,19.39,19.84,0
09/06/2022 15:30:00,19.84,19.84,18.16,19.14,0
10/06/2022 15:30:00,19.14,19.76,18.26,19.58,0
13/06/2022 15:30:00,19.58,22.8,19.58,22.37,0
14/06/2022 15:30:00,22.37,22.64,18.95,21.89,0
15/06/2022 15:30:00,21.89,22.37,20.95,22.15,0
16/06/2022 15:30:00,22.15,28.13,19.75,22.87,0
17/06/2022 15:30:00,22.87,23.69,18.02,22.76,0
20/06/2022 15:30:00,22.76,23.64,16,22.41,0
21/06/2022 15:30:00,22.41,22.41,20.48,21.14,0
22/06/2022 15:30:00,21.14,21.79,19.32,21.3,0
23/06/2022 15:30:00,21.3,21.71,18.36,20.88,0
24/06/2022 15:30:00,20.88,21.27,18.68,20.55,0
27/06/2022 15:30:00,20.55,21.12,19.55,21.01,0
28/06/2022 15:30:00,21.01,21.68,20.51,21.45,0
29/06/2022 15:30:00,21.45,22.09,21.45,21.9,0
30/06/2022 15:30:00,21.9,22.27,21.54,21.84,0
01/07/2022 15:30:00,21.84,22.43,21.14,21.25,0
04/07/2022 15:30:00,21.25,22.25,20.92,20.97,0
05/07/2022 15:30:00,20.97,20.99,20.24,20.79,0
06/07/2022 15:30:00,20.79,20.79,19.82,20.27,0
07/07/2022 15:30:00,20.27,20.27,19.01,19.2,0
08/07/2022 15:30:00,19.2,19.2,18.22,18.4,0
11/07/2022 15:30:00,18.4,19.22,16.65,18.37,0
12/07/2022 15:30:00,18.37,18.64,17.3,18.55,0
13/07/2022 15:30:00,18.55,18.76,17.74,18.52,0
14/07/2022 15:30:00,18.52,18.69,17.75,18.34,0
15/07/2022 15:30:00,18.34,18.34,17.53,17.6,0
18/07/2022 15:30:00,17.6,18.18,16.47,17.16,0
19/07/2022 15:30:00,17.16,17.67,16.35,17.2,0
20/07/2022 15:30:00,17.2,17.27,15.66,16.82,0
21/07/2022 15:30:00,16.82,17.21,15.97,16.86,0
22/07/2022 15:30:00,16.86,16.96,16.16,16.65,0
25/07/2022 15:30:00,16.65,17.91,16.18,17.68,0
26/07/2022 15:30:00,17.68,18.27,17.36,18.17,0
27/07/2022 15:30:00,18.17,18.64,17.75,18.13,0
28/07/2022 15:30:00,18.13,18.13,16.84,17.01,0
29/07/2022 15:30:00,17.01,18.65,16.49,16.55,0
01/08/2022 15:30:00,16.55,17.63,15.89,17.49,0
02/08/2022 15:30:00,17.49,18.76,17.49,18.53,0
03/08/2022 15:30:00,18.53,19.17,17.95,18.45,0
04/08/2022 15:30:00,18.45,21.06,17.63,19.26,0
05/08/2022 15:30:00,19.26,19.39,18.01,18.92,0
08/08/2022 15:30:00,18.92,20.18,17.78,19.3,0
10/08/2022 15:30:00,19.3,20.77,18.86,19.59,0
11/08/2022 15:30:00,19.59,19.59,18.2,18.36,0
12/08/2022 15:30:00,18.36,18.52,17.41,17.61,0
16/08/2022 15:30:00,17.61,18.36,17.01,17.68,0
17/08/2022 15:30:00,17.68,17.79,16.55,17.68,0
18/08/2022 15:30:00,17.68,18.44,16.72,17.35,0
19/08/2022 15:30:00,17.35,18.57,16.88,18.29,0
22/08/2022 15:30:00,18.29,19.3,17.2,19.04,0
23/08/2022 15:30:00,19.04,19.59,18.18,19.05,0
24/08/2022 15:30:00,19.05,19.34,17.99,18.43,0
25/08/2022 15:30:00,18.43,20.22,17.27,19.57,0
26/08/2022 15:30:00,19.57,19.57,15.83,18.22,0
29/08/2022 15:30:00,18.22,21.21,18.22,19.82,0
30/08/2022 15:30:00,19.82,19.82,17.26,18.7,0
01/09/2022 15:30:00,18.7,20.99,18.11,19.87,0
02/09/2022 15:30:00,19.87,20.14,17.4,19.55,0
05/09/2022 15:30:00,19.55,20.29,19.45,19.66,0
06/09/2022 15:30:00,19.66,20,18.65,19.52,0
07/09/2022 15:30:00,19.52,20.18,18.28,19.37,0
08/09/2022 15:30:00,19.37,19.37,17.3,18.31,0
09/09/2022 15:30:00,18.31,18.51,16.55,17.72,0
13/09/2022 15:30:00,17.94,17.94,16.86,17.47,0
14/09/2022 15:30:00,17.47,18.57,17.26,18.28,0
15/09/2022 15:30:00,18.28,19.22,16.78,18.39,0
16/09/2022 15:30:00,18.39,20.24,18.3,19.82,0
19/09/2022 15:30:00,19.82,21.21,16.47,19.94,0
20/09/2022 15:30:00,19.94,19.94,18.11,18.8,0
21/09/2022 15:30:00,18.8,20.29,18.31,19.33,0
22/09/2022 15:30:00,19.33,20.14,17.41,18.82,0
23/09/2022 15:30:00,18.82,20.81,17.35,20.59,0
26/09/2022 15:30:00,20.59,22.9,18.81,21.89,0
27/09/2022 15:30:00,21.89,22.29,20.79,21.57,0
28/09/2022 15:30:00,21.57,22.36,21.49,22.1,0
29/09/2022 15:30:00,22.1,22.29,21.07,21.3,0
30/09/2022 15:30:00,21.3,21.99,19.7,19.97,0
03/10/2022 15:30:00,19.97,21.68,19.97,21.37,0
04/10/2022 15:30:00,21.37,21.37,19.45,19.57,0
06/10/2022 15:30:00,19.57,20.02,18.59,19.32,0
07/10/2022 15:30:00,19.32,19.73,18.69,18.81,0
10/10/2022 15:30:00,18.81,20.34,18.81,19.62,0
11/10/2022 15:30:00,19.62,20.82,19.09,20.49,0
12/10/2022 15:30:00,20.49,20.89,19.89,20.18,0
13/10/2022 15:30:00,20.18,20.94,18.4,20.29,0
14/10/2022 15:30:00,20.29,20.63,18.08,18.26,0
17/10/2022 15:30:00,18.26,19.08,18.26,18.42,0
18/10/2022 15:30:00,18.42,18.42,16.58,17.45,0
19/10/2022 15:30:00,17.45,17.56,16.23,17.49,0
20/10/2022 15:30:00,17.49,17.76,15.57,17.23,0
21/10/2022 15:30:00,17.23,17.43,16.59,17.28,0
25/10/2022 15:30:00,17.42,17.62,16.49,16.88,0
27/10/2022 15:30:00,16.88,17.07,14.79,16.6,0
28/10/2022 15:30:00,16.6,17.04,15.85,15.92,0
31/10/2022 15:30:00,15.92,16.63,15.07,15.8,0
01/11/2022 15:30:00,15.8,16.2,15.11,16.13,0
02/11/2022 15:30:00,16.13,16.86,14.68,16.66,0
03/11/2022 15:30:00,16.66,16.73,14.99,15.94,0
04/11/2022 15:30:00,15.94,16.21,15.48,15.66,0
07/11/2022 15:30:00,15.66,16.36,15.28,15.59,0
09/11/2022 15:30:00,15.59,16.07,15.02,15.92,0
10/11/2022 15:30:00,15.92,16.29,15.49,15.57,0
11/11/2022 15:30:00,15.57,15.57,14.28,14.41,0
14/11/2022 15:30:00,14.41,15.27,12.56,14.91,0
15/11/2022 15:30:00,14.91,15.02,13.83,14.64,0
16/11/2022 15:30:00,14.64,15.53,13.93,15.1,0
17/11/2022 15:30:00,15.1,16.26,13.09,14.88,0
18/11/2022 15:30:00,14.88,15.69,13.86,14.39,0
21/11/2022 15:30:00,14.39,15.55,13.36,14.8,0
22/11/2022 15:30:00,14.8,16.27,13.32,13.84,0
23/11/2022 15:30:00,13.84,14.33,11.88,14.04,0
24/11/2022 15:30:00,14.04,14.04,13,13.48,0
25/11/2022 15:30:00,13.48,15.77,12.77,13.33,0
28/11/2022 15:30:00,13.33,14.06,12.41,13.57,0
29/11/2022 15:30:00,13.57,14.62,12.41,13.62,0
30/11/2022 15:30:00,13.62,14.05,12.75,13.81,0
01/12/2022 15:30:00,13.81,14.23,12.99,13.36,0
02/12/2022 15:30:00,13.36,14.09,12.96,13.45,0
05/12/2022 15:30:00,13.45,14.42,13.45,13.73,0
06/12/2022 15:30:00,13.73,14.25,12.18,14.04,0
07/12/2022 15:30:00,14.04,14.46,13.8,14.08,0
08/12/2022 15:30:00,14.08,14.89,13.26,13.4,0
09/12/2022 15:30:00,13.4,13.96,11.91,13.48,0
12/12/2022 15:30:00,13.48,14.15,12.53,13.32,0
13/12/2022 15:30:00,13.32,13.58,11.43,12.88,0
14/12/2022 15:30:00,12.88,13.08,11.53,12.89,0
15/12/2022 15:30:00,12.89,13.88,12.59,13.73,0
16/12/2022 15:30:00,13.73,14.22,12.49,14.07,0
19/12/2022 15:30:00,14.07,14.49,13.5,13.55,0
20/12/2022 15:30:00,13.55,14.92,13.04,13.78,0
21/12/2022 15:30:00,13.78,16.01,12.46,15.56,0
22/12/2022 15:30:00,15.56,16.3,14.44,15.19,0
23/12/2022 15:30:00,15.19,16.48,14.48,16.16,0
26/12/2022 15:30:00,16.16,17.23,14.31,15.93,0
27/12/2022 15:30:00,15.93,16.13,14.93,15.29,0
28/12/2022 15:30:00,15.29,15.65,15.27,15.4,0
29/12/2022 15:30:00,15.4,15.77,14.71,14.81,0
30/12/2022 15:30:00,14.81,15.12,14.28,14.87,0
02/01/2023 15:30:00,14.87,15.45,14.57,14.69,0
03/01/2023 15:30:00,14.69,14.99,14.31,14.39,0
04/01/2023 15:30:00,14.39,15.68,14.33,15.2,0
05/01/2023 15:30:00,15.2,15.6,14.81,14.98,0
06/01/2023 15:30:00,14.98,15.44,14.62,15.03,0
09/01/2023 15:30:00,15.03,15.38,14.53,14.65,0
10/01/2023 15:30:00,14.65,15.94,14.56,15.51,0
11/01/2023 15:30:00,15.51,16.23,15.12,15.44,0
12/01/2023 15:30:00,15.44,16.04,14.42,15.28,0
13/01/2023 15:30:00,15.28,15.6,14.4,14.46,0
16/01/2023 15:30:00,14.46,15.36,14.46,15.02,0
17/01/2023 15:30:00,15.02,15.31,13.84,14.59,0
18/01/2023 15:30:00,14.59,14.75,12.47,14.37,0
19/01/2023 15:30:00,14.37,14.83,13.89,13.96,0
20/01/2023 15:30:00,13.96,14.19,11.64,13.79,0
23/01/2023 15:30:00,13.79,14.26,13.48,13.62,0
24/01/2023 15:30:00,13.62,13.81,13.3,13.66,0
25/01/2023 15:30:00,13.66,15.42,13.52,14.66,0
27/01/2023 15:30:00,14.66,18.01,14.58,17.32,0
30/01/2023 15:30:00,17.32,19.39,17.29,17.71,0
31/01/2023 15:30:00,17.71,18.37,16.57,16.88,0
01/02/2023 15:30:00,16.88,18.54,14.85,16.78,0
02/02/2023 15:30:00,16.78,17.77,15.51,15.73,0
03/02/2023 15:30:00,15.73,15.76,14.27,14.4,0
06/02/2023 15:30:00,14.4,15.21,14.19,14.69,0
07/02/2023 15:30:00,14.69,14.88,13.67,14.13,0
08/02/2023 15:30:00,14.13,14.25,13.54,13.6,0
09/02/2023 15:30:00,13.6,13.82,12.06,13.04,0
10/02/2023 15:30:00,13.04,13.28,12.21,12.75,0
13/02/2023 15:30:00,12.75,14.1,11.83,13.68,0
14/02/2023 15:30:00,13.68,13.68,12.45,13.45,0
15/02/2023 15:30:00,13.45,13.45,11.28,12.86,0
16/02/2023 15:30:00,12.86,13.16,10.17,12.89,0
17/02/2023 15:30:00,12.89,13.52,10.8,13.09,0
20/02/2023 15:30:00,13.09,13.71,10.92,13.38,0
21/02/2023 15:30:00,13.38,14.3,13.38,14.01,0
22/02/2023 15:30:00,14.01,15.92,12.38,15.59,0
23/02/2023 15:30:00,15.59,16.01,14.52,15.08,0
24/02/2023 15:30:00,15.08,15.14,14.01,14.19,0
27/02/2023 15:30:00,14.19,15.1,13.75,13.88,0
28/02/2023 15:30:00,13.88,14.57,13.5,14.02,0
01/03/2023 15:30:00,14.02,14.02,12.28,13,0
02/03/2023 15:30:00,13,13.55,11.1,12.97,0
03/03/2023 15:30:00,12.97,12.97,11.98,12.18,0
06/03/2023 15:30:00,12.18,12.47,11.84,12.27,0
08/03/2023 15:30:00,12.27,12.85,11.9,12.45,0
09/03/2023 15:30:00,12.45,12.84,11.78,12.73,0
10/03/2023 15:30:00,12.73,13.82,12.73,13.41,0
13/03/2023 15:30:00,13.41,16.43,13.41,16.22,0
14/03/2023 15:30:00,16.22,16.64,15,16.22,0
15/03/2023 15:30:00,16.22,16.51,14.52,16.3,0
16/03/2023 15:30:00,16.3,17.36,13.95,16.22,0
17/03/2023 15:30:00,16.22,16.22,14.6,14.77,0
20/03/2023 15:30:00,14.77,17.22,14.52,16.01,0
21/03/2023 15:30:00,16.01,16.04,14.08,15.08,0
22/03/2023 15:30:00,15.08,15.09,14.24,14.81,0
23/03/2023 15:30:00,14.81,15.06,13.9,14.49,0
24/03/2023 15:30:00,14.49,15.43,14.2,15.24,0
27/03/2023 15:30:00,15.24,16.09,15.1,15.45,0
28/03/2023 15:30:00,15.45,15.61,14.87,15.1,0
29/03/2023 15:30:00,15.1,15.1,13.32,13.63,0
31/03/2023 15:30:00,13.63,13.63,12.07,12.94,0
03/04/2023 15:30:00,12.94,13.49,12.47,12.59,0
05/04/2023 15:30:00,12.59,12.81,12.05,12.41,0
06/04/2023 15:30:00,12.41,12.57,11.65,11.8,0
10/04/2023 15:30:00,11.8,12.56,11.8,12.27,0
11/04/2023 15:30:00,12.27,12.27,11.67,11.98,0
12/04/2023 15:30:00,11.98,12.4,11.98,12.27,0
13/04/2023 15:30:00,12.27,12.51,11.84,11.91,0
17/04/2023 15:30:00,11.91,13.27,11.91,12.27,0
18/04/2023 15:30:00,12.27,12.53,11.86,12.08,0
19/04/2023 15:30:00,12.08,12.47,11.11,12.15,0
20/04/2023 15:30:00,12.15,12.4,11.58,11.94,0
21/04/2023 15:30:00,11.94,12.04,11.52,11.63,0
24/04/2023 15:30:00,11.63,12.21,11.58,11.67,0
25/04/2023 15:30:00,11.67,11.81,11.43,11.52,0
26/04/2023 15:30:00,11.52,11.9,11.3,11.65,0
27/04/2023 15:30:00,11.65,12.02,10.96,11.43,0
28/04/2023 15:30:00,11.43,11.54,10.79,10.95,0
02/05/2023 15:30:00,10.95,12.06,10.95,11.9,0
03/05/2023 15:30:00,11.9,12.25,11.13,11.84,0
04/05/2023 15:30:00,11.84,12.03,11.19,11.73,0
05/05/2023 15:30:00,11.73,12.38,11.53,12.3,0
08/05/2023 15:30:00,12.3,12.91,11.72,12.64,0
09/05/2023 15:30:00,12.64,12.82,11.66,12.68,0
10/05/2023 15:30:00,12.68,13.3,11.54,13.08,0
11/05/2023 15:30:00,13.08,13.74,12.82,13.22,0
12/05/2023 15:30:00,13.22,13.51,12.74,12.85,0
15/05/2023 15:30:00,12.85,13.62,12.54,13.17,0
16/05/2023 15:30:00,13.17,13.49,11.71,13.29,0
17/05/2023 15:30:00,13.29,13.58,11.9,13.11,0
18/05/2023 15:30:00,13.11,13.11,11.14,12.8,0
19/05/2023 15:30:00,12.8,12.82,11.69,12.3,0
22/05/2023 15:30:00,12.3,12.82,11.56,12.57,0
23/05/2023 15:30:00,12.57,13.08,12.32,12.61,0
24/05/2023 15:30:00,12.61,13.44,12.41,13.11,0
25/05/2023 15:30:00,13.11,13.13,8.18,12.52,0
26/05/2023 15:30:00,12.52,12.86,11.7,11.9,0
29/05/2023 15:30:00,11.9,12.49,8.81,12.3,0
30/05/2023 15:30:00,12.3,12.38,11.77,12.01,0
31/05/2023 15:30:00,12.01,12.47,11.58,11.97,0
01/06/2023 15:30:00,11.97,11.97,11.22,11.6,0
02/06/2023 15:30:00,11.6,11.74,10.86,11.13,0
05/06/2023 15:30:00,11.13,11.34,10.32,11.14,0
06/06/2023 15:30:00,11.14,11.62,10.47,11.38,0
07/06/2023 15:30:00,11.38,11.54,9.64,11.44,0
08/06/2023 15:30:00,11.44,11.57,10.13,11.26,0
09/06/2023 15:30:00,11.26,11.3,10.31,11.12,0
12/06/2023 15:30:00,11.12,11.8,10.58,11.25,0
13/06/2023 15:30:00,11.25,11.25,9.99,11.11,0
14/06/2023 15:30:00,11.11,11.37,10.63,11.16,0
15/06/2023 15:30:00,11.16,11.37,9.69,11.08,0
16/06/2023 15:30:00,11.08,11.08,10.56,10.84,0
19/06/2023 15:30:00,10.84,11.5,10.33,11.23,0
20/06/2023 15:30:00,11.23,11.44,10.57,11.13,0
21/06/2023 15:30:00,11.13,11.43,10.77,11.29,0
22/06/2023 15:30:00,11.29,11.71,10.69,11.55,0
23/06/2023 15:30:00,11.55,11.84,11.14,11.24,0
26/06/2023 15:30:00,11.24,11.93,11.24,11.4,0
27/06/2023 15:30:00,11.4,11.42,10.69,10.78,0
30/06/2023 15:30:00,10.89,11.22,10.07,10.8,0
03/07/2023 15:30:00,10.8,12.03,10.8,11.54,0
04/07/2023 15:30:00,11.54,11.99,11.52,11.7,0
05/07/2023 15:30:00,11.7,12.21,11.57,11.88,0
06/07/2023 15:30:00,11.88,12.21,11.78,11.84,0
07/07/2023 15:30:00,11.84,12.07,11.08,11.53,0
10/07/2023 15:30:00,11.53,12.01,11.36,11.46,0
11/07/2023 15:30:00,11.46,11.46,10.95,11.01,0
12/07/2023 15:30:00,11.01,11.2,10.72,10.94,0
13/07/2023 15:30:00,10.94,11.17,10.7,10.94,0
14/07/2023 15:30:00,10.94,10.94,10.61,10.68,0
17/07/2023 15:30:00,10.68,11.4,9.86,11.32,0
18/07/2023 15:30:00,11.32,12.02,11.07,11.71,0
19/07/2023 15:30:00,11.71,11.94,11.54,11.6,0
20/07/2023 15:30:00,11.6,12.26,11.37,11.79,0
21/07/2023 15:30:00,11.79,12.03,11.06,11.49,0
24/07/2023 15:30:00,11.49,12,10.54,11.65,0
25/07/2023 15:30:00,11.65,11.65,10.11,10.24,0
26/07/2023 15:30:00,10.24,10.86,10.22,10.46,0
27/07/2023 15:30:00,10.46,10.98,9.89,10.51,0
28/07/2023 15:30:00,10.51,10.81,10.04,10.14,0
31/07/2023 15:30:00,10.14,11.19,10.14,10.41,0
01/08/2023 15:30:00,10.41,10.7,10.2,10.28,0
02/08/2023 15:30:00,10.28,11.81,9.95,11.28,0
03/08/2023 15:30:00,11.28,11.96,10.98,11.19,0
04/08/2023 15:30:00,11.19,11.19,10.48,10.57,0
07/08/2023 15:30:00,10.57,11.42,10.4,11.1,0
08/08/2023 15:30:00,11.1,11.53,11.1,11.33,0
09/08/2023 15:30:00,11.33,11.77,10.49,11.14,0
10/08/2023 15:30:00,11.14,11.91,10.63,11.4,0
11/08/2023 15:30:00,11.4,11.87,11.36,11.52,0
14/08/2023 15:30:00,11.52,12.76,10.48,12,0
16/08/2023 15:30:00,12,12.68,12,12.13,0
17/08/2023 15:30:00,12.13,12.67,12.11,12.24,0
18/08/2023 15:30:00,12.24,12.49,10.79,12.14,0
21/08/2023 15:30:00,12.14,12.59,11.17,11.96,0
22/08/2023 15:30:00,11.96,12.09,11.59,11.75,0
23/08/2023 15:30:00,11.75,11.89,10.31,11.73,0
24/08/2023 15:30:00,11.73,12.24,10.2,11.7,0
25/08/2023 15:30:00,11.7,12.24,9.98,12.08,0
28/08/2023 15:30:00,12.08,12.72,9.5,12.4,0
29/08/2023 15:30:00,12.4,12.46,10.65,12.23,0
30/08/2023 15:30:00,12.23,12.24,11.46,11.8,0
31/08/2023 15:30:00,11.8,12.28,11.76,12.06,0
01/09/2023 15:30:00,12.06,12.18,10.41,11.37,0
04/09/2023 15:30:00,11.37,11.54,10.86,10.96,0
05/09/2023 15:30:00,10.96,11.09,9.37,10.82,0
06/09/2023 15:30:00,10.82,10.98,9.81,10.68,0
07/09/2023 15:30:00,10.68,11.03,9.8,10.87,0
08/09/2023 15:30:00,10.87,10.97,10.08,10.78,0
11/09/2023 15:30:00,10.78,11.5,10.34,11.35,0
12/09/2023 15:30:00,11.35,12.02,10.71,11.69,0
13/09/2023 15:30:00,11.69,12.05,11.54,11.83,0
14/09/2023 15:30:00,11.83,12.04,11.21,11.32,0
15/09/2023 15:30:00,11.32,11.32,10.07,10.9,0
18/09/2023 15:30:00,10.9,11.41,10.45,10.84,0
20/09/2023 15:30:00,10.84,11.47,10.84,11.13,0
21/09/2023 15:30:00,11.13,11.39,10.62,10.82,0
22/09/2023 15:30:00,10.82,11.07,10.39,10.66,0
25/09/2023 15:30:00,10.66,11.31,10.27,10.9,0
26/09/2023 15:30:00,10.9,11.29,9.25,11.19,0
27/09/2023 15:30:00,11.19,11.82,9.39,11.59,0
28/09/2023 15:30:00,11.59,13.02,9.4,12.82,0
29/09/2023 15:30:00,12.82,12.82,11.31,11.45,0
03/10/2023 15:30:00,11.45,12.41,10.78,11.79,0
04/10/2023 15:30:00,11.79,12.22,11.12,11.66,0
05/10/2023 15:30:00,11.66,11.66,10.84,10.94,0
06/10/2023 15:30:00,10.94,10.94,9.73,10.3,0
09/10/2023 15:30:00,10.3,11.63,10.12,11.4,0
10/10/2023 15:30:00,11.4,11.4,10.86,11.27,0
11/10/2023 15:30:00,11.27,11.32,10.39,10.99,0
12/10/2023 15:30:00,10.99,11.12,10.57,10.62,0
13/10/2023 15:30:00,10.62,11.03,10.4,10.62,0
16/10/2023 15:30:00,10.62,11.15,9.15,11.07,0
17/10/2023 15:30:00,11.07,11.07,10.43,10.7,0
18/10/2023 15:30:00,10.7,11.17,10.49,10.97,0
19/10/2023 15:30:00,10.97,11.21,10.05,10.9,0
20/10/2023 15:30:00,10.9,11.09,10.07,10.82,0
23/10/2023 15:30:00,10.82,11.36,8.82,10.91,0
25/10/2023 15:30:00,10.91,12.18,9.97,11.31,0
26/10/2023 15:30:00,11.31,12.7,11.31,11.73,0
27/10/2023 15:30:00,11.73,12.31,10.67,10.91,0
30/10/2023 15:30:00,10.91,12.19,10.91,11.49,0
31/10/2023 15:30:00,11.49,12.29,11.26,11.83,0
01/11/2023 15:30:00,11.83,12.2,11.83,12.05,0
02/11/2023 15:30:00,12.05,12.05,10.95,11.08,0
03/11/2023 15:30:00,11.08,11.08,10.64,10.88,0
06/11/2023 15:30:00,10.88,11.28,10.38,11.11,0
07/11/2023 15:30:00,11.11,12.18,11,11.19,0
08/11/2023 15:30:00,11.19,11.33,10.63,11.04,0
09/11/2023 15:30:00,11.04,11.25,10.37,10.98,0
10/11/2023 15:30:00,10.98,11.36,9.86,11.11,0
13/11/2023 15:30:00,11.35,11.63,10.5,11.19,0
15/11/2023 15:30:00,11.19,11.42,8.4,11.14,0
16/11/2023 15:30:00,11.14,11.81,10.62,11.65,0
17/11/2023 15:30:00,11.65,12.09,10.19,11.83,0
20/11/2023 15:30:00,11.83,12.67,11.2,12.15,0
21/11/2023 15:30:00,12.15,12.44,10.76,12.23,0
22/11/2023 15:30:00,12.23,12.71,11.02,11.87,0
23/11/2023 15:30:00,11.87,12.14,10.98,11.32,0
24/11/2023 15:30:00,11.32,11.47,8.68,11.33,0
28/11/2023 15:30:00,11.33,12.49,11.07,12.18,0
29/11/2023 15:30:00,12.18,14.46,11.33,12.71,0
30/11/2023 15:30:00,12.71,13.35,11.76,12.69,0
01/12/2023 15:30:00,12.69,12.76,11.78,12.38,0
04/12/2023 15:30:00,12.38,13.16,11.34,12.99,0
05/12/2023 15:30:00,12.99,13.88,11.48,13.46,0
06/12/2023 15:30:00,13.46,14.09,12.69,13.74,0
07/12/2023 15:30:00,13.74,13.74,12.55,12.67,0
08/12/2023 15:30:00,12.67,12.88,12.14,12.47,0
11/12/2023 15:30:00,12.47,13.12,12.23,12.76,0
12/12/2023 15:30:00,12.76,12.87,11.69,12.71,0
13/12/2023 15:30:00,12.71,12.82,11.54,12.07,0
14/12/2023 15:30:00,12.07,12.51,11,12.32,0
15/12/2023 15:30:00,12.32,13.34,10.8,13.13,0
18/12/2023 15:30:00,13.13,14.12,13.13,13.9,0
19/12/2023 15:30:00,13.9,14.12,13.55,13.87,0
20/12/2023 15:30:00,13.87,14.87,12.78,14.45,0
21/12/2023 15:30:00,14.45,15.01,12.28,13.76,0
22/12/2023 15:30:00,13.76,13.99,12.23,13.71,0
26/12/2023 15:30:00,13.71,14.95,13.71,14.68,0
27/12/2023 15:30:00,14.68,15.73,14.47,15.56,0
28/12/2023 15:30:00,15.56,16.47,14.96,15.14,0
29/12/2023 15:30:00,15.14,15.43,14.37,14.5,0
01/01/2024 15:30:00,14.5,14.87,14.33,14.68,0
02/01/2024 15:30:00,14.68,15.08,14.24,14.58,0
03/01/2024 15:30:00,14.58,14.78,14.02,14.1,0
04/01/2024 15:30:00,14.1,14.21,13.21,13.33,0
05/01/2024 15:30:00,13.33,13.47,12.49,12.63,0
08/01/2024 15:30:00,12.63,13.6,12.63,13.46,0
09/01/2024 15:30:00,13.46,13.51,12.78,13.26,0
10/01/2024 15:30:00,13.26,14.56,12.81,12.97,0
11/01/2024 15:30:00,12.97,13.19,12.63,12.77,0
12/01/2024 15:30:00,12.77,13.29,12.42,13.1,0
15/01/2024 15:30:00,13.1,13.89,11.79,13.79,0
16/01/2024 15:30:00,13.79,14.04,12.49,13.57,0
17/01/2024 15:30:00,13.57,15.23,12.72,15.08,0
18/01/2024 15:30:00,15.08,15.71,12.98,14.07,0
19/01/2024 15:30:00,14.07,14.11,13.68,13.88,0
23/01/2024 15:30:00,13.8,15.41,12.2,14.85,0
24/01/2024 15:30:00,14.85,15.65,14.03,14.38,0
25/01/2024 15:30:00,14.38,15.34,13.36,13.87,0
29/01/2024 15:30:00,13.87,15.85,13.8,15.68,0
30/01/2024 15:30:00,15.68,16.58,14.99,16.1,0
31/01/2024 15:30:00,16.1,16.53,15.8,16.05,0
01/02/2024 15:30:00,16.05,16.11,14.36,14.46,0
02/02/2024 15:30:00,14.46,15.13,14.03,14.7,0
05/02/2024 15:30:00,14.7,16.05,14.7,15.62,0
06/02/2024 15:30:00,15.62,15.98,15.09,15.79,0
07/02/2024 15:30:00,15.79,16.02,14.74,15.51,0
08/02/2024 15:30:00,15.51,16.03,15.24,15.83,0
09/02/2024 15:30:00,15.83,16.33,15.27,15.45,0
12/02/2024 15:30:00,15.45,16.54,15.45,16.06,0
13/02/2024 15:30:00,16.06,16.57,15.75,15.81,0
14/02/2024 15:30:00,15.81,16.2,15.34,15.44,0
15/02/2024 15:30:00,15.44,15.66,15.11,15.23,0
16/02/2024 15:30:00,15.23,15.55,14.9,15.22,0
19/02/2024 15:30:00,15.22,16.12,13.7,16.02,0
20/02/2024 15:30:00,16.02,16.36,14.21,16.07,0
21/02/2024 15:30:00,16.07,16.31,15.68,15.93,0
22/02/2024 15:30:00,15.93,16.15,15.13,15.2,0
23/02/2024 15:30:00,15.2,15.44,14.84,14.97,0
26/02/2024 15:30:00,14.97,15.96,13.76,15.6,0
27/02/2024 15:30:00,15.6,16,15.53,15.73,0
28/02/2024 15:30:00,15.73,16.74,15.31,16.33,0
29/02/2024 15:30:00,16.33,16.55,15.37,15.57,0
01/03/2024 15:30:00,15.57,15.64,15,15.24,0
04/03/2024 15:30:00,14.99,15.3,14.82,14.92,0
05/03/2024 15:30:00,14.92,15.17,14.18,14.38,0
06/03/2024 15:30:00,14.38,14.71,13.91,14.3,0
07/03/2024 15:30:00,14.3,14.43,13.56,13.61,0
11/03/2024 15:30:00,13.61,14.55,13.61,14,0
12/03/2024 15:30:00,14,14.2,13.58,13.64,0
13/03/2024 15:30:00,13.64,15.01,13.53,14.43,0
14/03/2024 15:30:00,14.43,14.68,13.52,13.62,0
15/03/2024 15:30:00,13.62,14.33,13.59,13.69,0
18/03/2024 15:30:00,13.69,14.62,13.69,13.9,0
19/03/2024 15:30:00,13.9,14.45,13.88,14.11,0
20/03/2024 15:30:00,14.11,14.28,13.09,13.47,0
21/03/2024 15:30:00,13.47,13.47,12.34,12.51,0
22/03/2024 15:30:00,12.51,13.05,11.81,12.22,0
26/03/2024 15:30:00,12.22,13.1,12.09,12.82,0
27/03/2024 15:30:00,12.82,13.01,12.53,12.7,0
28/03/2024 15:30:00,12.7,13.18,12.26,12.83,0
01/04/2024 15:30:00,12.83,13.36,12.01,12.08,0
02/04/2024 15:30:00,12.08,12.31,11.6,11.65,0
03/04/2024 15:30:00,11.65,11.83,11.31,11.37,0
04/04/2024 15:30:00,11.37,11.84,10.86,11.22,0
05/04/2024 15:30:00,11.22,11.68,11.04,11.34,0
08/04/2024 15:30:00,11.34,11.74,11.13,11.61,0
09/04/2024 15:30:00,11.61,11.61,10.62,11.36,0
10/04/2024 15:30:00,11.36,11.36,10.99,11.11,0
12/04/2024 15:30:00,11.11,11.61,11.11,11.53,0
15/04/2024 15:30:00,11.53,12.74,11.31,12.47,0
16/04/2024 15:30:00,12.47,12.93,12.34,12.62,0
18/04/2024 15:30:00,12.62,13.39,12.03,13.04,0
19/04/2024 15:30:00,13.04,14.41,11.92,13.46,0
22/04/2024 15:30:00,13.46,13.46,12.61,12.7,0
23/04/2024 15:30:00,12.7,12.7,9.86,10.2,0
24/04/2024 15:30:00,10.2,11.13,9.95,10.28,0
25/04/2024 15:30:00,10.28,11.46,10.26,10.73,0
26/04/2024 15:30:00,10.73,11.32,10.59,10.93,0
29/04/2024 15:30:00,10.93,12.49,10.93,12.24,0
30/04/2024 15:30:00,12.24,13.21,12.24,12.87,0
02/05/2024 15:30:00,12.87,13.95,12.87,13.45,0
03/05/2024 15:30:00,13.45,15.31,13.45,14.62,0
06/05/2024 15:30:00,14.62,16.96,14.62,16.6,0
07/05/2024 15:30:00,16.6,17.64,16.6,17.01,0
08/05/2024 15:30:00,17.01,18.32,16.46,17.08,0
09/05/2024 15:30:00,17.08,19.17,17.08,18.2,0
10/05/2024 15:30:00,18.2,19.01,18,18.47,0
13/05/2024 15:30:00,18.47,21.49,18.47,20.6,0
14/05/2024 15:30:00,20.6,21.88,20.11,20.2,0
15/05/2024 15:30:00,20.2,20.66,19.87,20.27,0
16/05/2024 15:30:00,20.27,21.11,18.97,20,0
17/05/2024 15:30:00,20,20.37,18.98,19.8,0
21/05/2024 15:30:00,20.53,22.3,20.53,21.81,0
22/05/2024 15:30:00,21.81,22.29,18.18,21.47,0
23/05/2024 15:30:00,21.47,24.22,18.84,21.38,0
24/05/2024 15:30:00,21.38,21.9,20.59,21.71,0
27/05/2024 15:30:00,21.71,26.2,18.43,23.19,0
28/05/2024 15:30:00,23.19,24.48,22.03,24.2,0
29/05/2024 15:30:00,24.2,24.77,23.55,24.18,0
30/05/2024 15:30:00,24.18,24.52,22.75,24.18,0
31/05/2024 15:30:00,24.18,24.81,22.6,24.6,0
03/06/2024 15:30:00,24.6,24.6,19.11,20.94,0
04/06/2024 15:30:00,20.94,31.71,18.8,26.75,0
05/06/2024 15:30:00,26.75,26.93,18.66,18.89,0
06/06/2024 15:30:00,18.89,18.89,16.56,16.8,0
07/06/2024 15:30:00,16.8,17.15,16.37,16.88,0
10/06/2024 15:30:00,16.88,17.25,16.17,16.4,0
11/06/2024 15:30:00,16.4,16.4,14.68,14.77,0
12/06/2024 15:30:00,14.77,14.77,13.17,14.39,0
13/06/2024 15:30:00,14.39,14.39,13.31,13.49,0
14/06/2024 15:30:00,13.49,13.49,12.66,12.82,0
18/06/2024 15:30:00,12.82,13.42,12.63,12.97,0
19/06/2024 15:30:00,12.97,13.82,11.63,13.71,0
20/06/2024 15:30:00,13.71,14.06,13.1,13.35,0
21/06/2024 15:30:00,13.35,13.59,12.48,13.18,0
24/06/2024 15:30:00,13.18,14.27,13.15,14.06,0
25/06/2024 15:30:00,14.06,14.46,13.84,14.31,0
26/06/2024 15:30:00,14.31,14.55,13.99,14.05,0
27/06/2024 15:30:00,14.05,14.61,13.92,14.15,0
28/06/2024 15:30:00,14.15,14.29,13.69,13.8,0
01/07/2024 15:30:00,13.8,14.23,13.79,13.83,0
02/07/2024 15:30:00,13.83,14.01,13.32,13.64,0
03/07/2024 15:30:00,13.64,13.72,12.87,13.21,0
04/07/2024 15:30:00,13.21,13.21,12.26,12.86,0
05/07/2024 15:30:00,12.86,12.99,12.08,12.7,0
08/07/2024 15:30:00,12.7,13.76,12.7,13.6,0
09/07/2024 15:30:00,13.6,14.4,12.79,14.28,0
10/07/2024 15:30:00,14.28,14.92,13.41,14.43,0
11/07/2024 15:30:00,14.43,14.43,12.68,14,0
12/07/2024 15:30:00,14,14.05,13.22,13.73,0
15/07/2024 15:30:00,13.73,14.34,13.57,14.19,0
16/07/2024 15:30:00,14.19,14.59,13.8,14.22,0
18/07/2024 15:30:00,14.22,14.71,13.75,14.51,0
19/07/2024 15:30:00,14.51,14.97,12.74,14.83,0
22/07/2024 15:30:00,14.83,15.63,13.12,15.44,0
23/07/2024 15:30:00,15.44,16.07,12.59,12.75,0
24/07/2024 15:30:00,12.75,14.04,11.62,11.76,0
25/07/2024 15:30:00,11.76,13.22,11.28,12.62,0
26/07/2024 15:30:00,12.62,13.14,11.98,12.25,0
29/07/2024 15:30:00,12.25,13.26,12.03,12.95,0
30/07/2024 15:30:00,12.95,13.26,11.72,12.88,0
31/07/2024 15:30:00,12.88,13.39,11.62,13.25,0
01/08/2024 15:30:00,13.25,13.31,11.98,12.93,0
02/08/2024 15:30:00,12.93,14.51,11.69,14.32,0
05/08/2024 15:30:00,14.32,23.15,13.91,20.37,0
06/08/2024 15:30:00,20.37,20.37,14.87,18.74,0
07/08/2024 15:30:00,18.74,18.74,13.72,16.17,0
08/08/2024 15:30:00,16.17,17.23,14.38,16.6,0
09/08/2024 15:30:00,16.6,16.6,13.43,15.34,0
12/08/2024 15:30:00,15.34,16.56,13.4,15.87,0
13/08/2024 15:30:00,15.87,16.38,14.22,16.17,0
14/08/2024 15:30:00,16.17,16.22,13.82,15.44,0
16/08/2024 15:30:00,15.44,15.44,12.95,14.4,0
19/08/2024 15:30:00,14.4,14.83,13.2,14.32,0
20/08/2024 15:30:00,14.32,14.32,11.43,13.82,0
21/08/2024 15:30:00,13.82,14.05,11.82,13.33,0
22/08/2024 15:30:00,13.33,13.78,10.96,13,0
23/08/2024 15:30:00,13,13.62,10.84,13.55,0
26/08/2024 15:30:00,13.55,13.99,12.01,13.8,0
27/08/2024 15:30:00,13.8,14.01,12.71,13.63,0
28/08/2024 15:30:00,13.63,14.09,12.04,13.95,0
29/08/2024 15:30:00,13.95,14.14,12.48,13.79,0
30/08/2024 15:30:00,13.79,13.91,12.54,13.39,0
02/09/2024 15:30:00,13.39,14.25,12.63,14.06,0
03/09/2024 15:30:00,14.06,14.15,12.69,13.84,0
04/09/2024 15:30:00,13.84,14.56,12.81,14.38,0
05/09/2024 15:30:00,14.38,14.38,13.34,14.21,0
06/09/2024 15:30:00,14.21,15.67,12.35,15.22,0
09/09/2024 15:30:00,15.22,15.56,14.11,14.24,0
10/09/2024 15:30:00,14.24,14.24,12.17,13.36,0
11/09/2024 15:30:00,13.36,13.77,11.33,13.63,0
12/09/2024 15:30:00,13.63,13.63,11.14,13.18,0
13/09/2024 15:30:00,13.18,13.18,12.47,12.55,0
16/09/2024 15:30:00,12.55,12.96,12.31,12.46,0
17/09/2024 15:30:00,12.46,12.75,11.88,12.59,0
18/09/2024 15:30:00,12.59,13.85,12.26,13.37,0
19/09/2024 15:30:00,13.37,13.37,12.1,12.47,0
20/09/2024 15:30:00,12.47,13.11,10.9,12.79,0
23/09/2024 15:30:00,12.79,14.03,12.43,13.79,0
24/09/2024 15:30:00,13.79,14.11,12.74,13.39,0
25/09/2024 15:30:00,13.39,13.61,8.98,12.74,0
26/09/2024 15:30:00,12.74,12.74,11.35,12,0
27/09/2024 15:30:00,12,12.08,10.5,11.96,0
30/09/2024 15:30:00,11.96,13.24,11.6,12.79,0
01/10/2024 15:30:00,12.79,12.79,11.71,11.99,0
03/10/2024 15:30:00,11.99,13.93,11.69,13.17,0
04/10/2024 15:30:00,13.17,14.48,12.29,14.13,0
07/10/2024 15:30:00,14.13,15.5,13.62,15.08,0
08/10/2024 15:30:00,15.08,15.56,13.88,14.59,0
09/10/2024 15:30:00,14.59,14.59,12.7,14.12,0
10/10/2024 15:30:00,14.12,14.12,11.73,13.5,0
11/10/2024 15:30:00,13.5,13.7,11.54,13.22,0
14/10/2024 15:30:00,13.22,13.74,12.92,13,0
15/10/2024 15:30:00,13,13.36,10.92,13,0
16/10/2024 15:30:00,13,13.56,11.44,13.05,0
17/10/2024 15:30:00,13.05,13.47,11.06,13.39,0
18/10/2024 15:30:00,13.39,14.06,12.87,13.04,0
21/10/2024 15:30:00,13.04,14.2,12.55,13.76,0
22/10/2024 15:30:00,13.76,14.52,9.47,14.4,0
23/10/2024 15:30:00,14.4,15.03,11.74,14.62,0
24/10/2024 15:30:00,14.62,14.9,12.7,13.97,0
25/10/2024 15:30:00,13.97,15.08,13.35,14.63,0
28/10/2024 15:30:00,14.63,15.48,13.54,14.29,0
29/10/2024 15:30:00,14.29,15.03,13.56,14.52,0
30/10/2024 15:30:00,14.52,15.7,14.28,15.51,0
31/10/2024 15:30:00,15.51,16.24,14.65,15.55,0
04/11/2024 15:30:00,15.9,17.6,14.78,16.69,0
05/11/2024 15:30:00,16.69,19.02,15.8,16.12,0
06/11/2024 15:30:00,16.12,20.75,14.71,14.87,0
07/11/2024 15:30:00,14.87,15.52,14.27,14.94,0
08/11/2024 15:30:00,14.94,15.73,14.39,14.47,0
11/11/2024 15:30:00,14.47,15.47,13.12,14.27,0
12/11/2024 15:30:00,14.27,14.84,12.74,14.59,0
13/11/2024 15:30:00,14.59,15.87,13.93,15.44,0
14/11/2024 15:30:00,15.44,15.69,13.41,14.78,0
18/11/2024 15:30:00,14.78,16.58,13.76,15.17,0
19/11/2024 15:30:00,15.17,16.18,12.73,15.66,0
21/11/2024 15:30:00,15.66,16.78,14.84,15.99,0
22/11/2024 15:30:00,15.99,18.67,12.75,16.1,0
25/11/2024 15:30:00,16.1,16.86,13.63,15.3,0
26/11/2024 15:30:00,15.3,16.26,13.87,15.31,0
27/11/2024 15:30:00,15.31,15.31,13.25,14.63,0
28/11/2024 15:30:00,14.63,15.56,14.27,15.21,0
29/11/2024 15:30:00,15.21,15.46,14.33,14.43,0
02/12/2024 15:30:00,14.43,15.08,13.31,14.7,0
03/12/2024 15:30:00,14.7,14.89,14.24,14.37,0
04/12/2024 15:30:00,14.37,14.8,14.11,14.45,0
05/12/2024 15:30:00,14.45,15.71,14.06,14.53,0
06/12/2024 15:30:00,14.53,15.02,14.05,14.14,0
09/12/2024 15:30:00,14.14,14.64,13.45,14.11,0
10/12/2024 15:30:00,14.11,14.67,13.7,13.78,0
11/12/2024 15:30:00,13.78,14.11,13.18,13.27,0
12/12/2024 15:30:00,13.27,13.4,12.95,13.19,0
13/12/2024 15:30:00,13.19,14.72,12.47,13.05,0
16/12/2024 15:30:00,13.05,14.51,13.05,14.02,0
17/12/2024 15:30:00,14.02,14.98,13.18,14.49,0
18/12/2024 15:30:00,14.49,15.24,14.27,14.37,0
19/12/2024 15:30:00,14.37,15.44,13.87,14.51,0
20/12/2024 15:30:00,14.51,15.55,14.4,15.07,0
23/12/2024 15:30:00,15.07,16.88,13.42,13.52,0
24/12/2024 15:30:00,13.52,15.03,12.98,13.18,0
26/12/2024 15:30:00,13.18,14.39,13.08,14.04,0
27/12/2024 15:30:00,14.04,14.24,13.04,13.24,0
30/12/2024 15:30:00,13.24,14.37,13.24,13.97,0
31/12/2024 15:30:00,13.97,14.64,13.97,14.45,0
01/01/2025 15:30:00,14.45,14.84,14.31,14.51,0
02/01/2025 15:30:00,14.51,14.8,13.63,13.74,0
03/01/2025 15:30:00,13.74,13.98,13.23,13.54,0
06/01/2025 15:30:00,13.54,15.92,13.54,15.65,0
07/01/2025 15:30:00,15.65,15.65,14.35,14.66,0
08/01/2025 15:30:00,14.66,14.88,14.1,14.47,0
09/01/2025 15:30:00,14.47,14.89,13.75,14.66,0
10/01/2025 15:30:00,14.66,15.52,14.66,14.92,0
13/01/2025 15:30:00,14.92,16.18,14.45,16,0
14/01/2025 15:30:00,16,16,15.12,15.47,0
15/01/2025 15:30:00,15.47,15.66,15.2,15.26,0
16/01/2025 15:30:00,15.26,15.57,13.96,15.47,0
17/01/2025 15:30:00,15.47,16.38,14.05,15.75,0
20/01/2025 15:30:00,15.75,17.02,15.18,16.42,0
21/01/2025 15:30:00,16.42,17.45,15.2,17.06,0
22/01/2025 15:30:00,17.06,17.3,15.91,16.77,0
23/01/2025 15:30:00,16.77,17.08,15.67,16.7,0
24/01/2025 15:30:00,16.7,17.31,16.12,16.75,0
27/01/2025 15:30:00,16.75,18.52,16.75,18.13,0
28/01/2025 15:30:00,18.13,18.5,16.83,18.2,0
29/01/2025 15:30:00,18.2,19.01,17.29,18.64,0
30/01/2025 15:30:00,18.64,18.99,17.22,17.39,0
31/01/2025 15:30:00,17.39,17.94,16.11,16.25,0
03/02/2025 15:30:00,14.1,15.11,14.1,14.35,0
04/02/2025 15:30:00,14.35,15.13,13.67,14.02,0
05/02/2025 15:30:00,14.02,14.3,13.5,14.08,0
06/02/2025 15:30:00,14.08,14.64,13.15,14.18,0
07/02/2025 15:30:00,14.18,14.51,13.55,13.69,0
10/02/2025 15:30:00,13.69,14.72,13.69,14.45,0
11/02/2025 15:30:00,14.45,15.43,13.85,14.87,0
12/02/2025 15:30:00,14.87,15.62,14.61,14.9,0
13/02/2025 15:30:00,14.9,15.47,12.2,14.96,0
14/02/2025 15:30:00,14.96,15.68,14.36,15.02,0
17/02/2025 15:30:00,15.02,16.31,14.5,15.72,0
18/02/2025 15:30:00,15.72,16.32,14.78,15.67,0
19/02/2025 15:30:00,15.67,16.02,14.75,15.42,0
20/02/2025 15:30:00,15.42,15.9,14.64,14.68,0
21/02/2025 15:30:00,14.68,15.24,12.08,14.53,0
24/02/2025 15:30:00,14.53,15.58,14.37,14.44,0
25/02/2025 15:30:00,14.44,15.08,13.61,13.72,0
27/02/2025 15:30:00,13.72,14.01,12.91,13.31,0
28/02/2025 15:30:00,13.31,14.12,13.23,13.91,0
03/03/2025 15:30:00,13.91,14.36,13.57,13.76,0
04/03/2025 15:30:00,13.76,14.2,13.37,13.83,0
05/03/2025 15:30:00,13.83,14.13,13.1,13.67,0
06/03/2025 15:30:00,13.67,14.18,13.28,13.73,0
07/03/2025 15:30:00,13.73,13.86,13.33,13.47,0
10/03/2025 15:30:00,13.47,14.21,13.47,13.99,0
11/03/2025 15:30:00,13.99,14.5,13.68,14.07,0
12/03/2025 15:30:00,14.07,14.37,13.64,13.69,0
13/03/2025 15:30:00,13.69,13.93,13.22,13.28,0
17/03/2025 15:30:00,13.28,14.1,13.28,13.42,0
18/03/2025 15:30:00,13.42,13.65,11.34,13.21,0
19/03/2025 15:30:00,13.21,13.57,12.59,13.3,0
20/03/2025 15:30:00,13.3,13.3,12.51,12.6,0
21/03/2025 15:30:00,12.6,12.84,10.7,12.58,0
24/03/2025 15:30:00,12.58,13.95,12.58,13.7,0
25/03/2025 15:30:00,13.7,14.48,13.49,13.64,0
26/03/2025 15:30:00,13.64,13.92,13.31,13.47,0
27/03/2025 15:30:00,13.47,13.85,12.98,13.3,0
28/03/2025 15:30:00,13.3,13.61,12.57,12.72,0
01/04/2025 15:30:00,12.72,14.05,12.72,13.78,0
02/04/2025 15:30:00,13.78,14.14,13.51,13.72,0
03/04/2025 15:30:00,13.72,14.11,13.41,13.6,0
04/04/2025 15:30:00,13.6,14.25,13.4,13.76,0
07/04/2025 15:30:00,13.76,23.19,13.76,22.79,0
08/04/2025 15:30:00,22.79,22.79,19.38,20.44,0
09/04/2025 15:30:00,20.44,21.75,19.7,21.43,0
11/04/2025 15:30:00,21.43,21.43,18.86,20.11,0
15/04/2025 15:30:00,20.11,20.11,15.97,16.13,0
16/04/2025 15:30:00,16.13,16.13,15.12,15.87,0
17/04/2025 15:30:00,15.87,16.46,15.09,15.47,0
21/04/2025 15:30:00,15.47,16.33,14.22,15.52,0
22/04/2025 15:30:00,15.52,16.01,14.54,15.23,0
23/04/2025 15:30:00,15.23,16.52,12.84,15.96,0
24/04/2025 15:30:00,15.96,16.76,15.55,16.25,0
25/04/2025 15:30:00,16.25,17.58,15.92,17.16,0
28/04/2025 15:30:00,17.16,18.07,16.62,16.94,0
29/04/2025 15:30:00,16.94,17.59,16.07,17.37,0
30/04/2025 15:30:00,17.37,18.56,15.99,18.22,0
02/05/2025 15:30:00,18.22,18.86,17.35,18.26,0
05/05/2025 15:30:00,18.26,18.8,18.07,18.34,0
06/05/2025 15:30:00,18.34,19.3,17.99,19,0
07/05/2025 15:30:00,19,19.73,18.36,19.06,0
08/05/2025 15:30:00,19.06,21.89,18.15,21.01,0
09/05/2025 15:30:00,21.01,22.75,21,21.63,0
12/05/2025 15:30:00,21.63,21.63,17.21,18.39,0
13/05/2025 15:30:00,18.39,18.9,17.89,18.2,0
14/05/2025 15:30:00,18.2,19.24,17.08,17.23,0
15/05/2025 15:30:00,17.23,17.67,16.72,16.89,0
16/05/2025 15:30:00,16.89,17.06,16.22,16.55,0
19/05/2025 15:30:00,16.55,17.45,15.83,17.36,0
20/05/2025 15:30:00,17.36,17.66,15.97,17.39,0
21/05/2025 15:30:00,17.39,18,17.04,17.55,0
22/05/2025 15:30:00,17.55,18.2,16.7,17.26,0
23/05/2025 15:30:00,17.26,17.52,15.49,17.28,0
26/05/2025 15:30:00,17.28,18.41,16.06,18.02,0
27/05/2025 15:30:00,18.02,19.18,17.42,18.54,0
28/05/2025 15:30:00,18.54,19.04,17.88,18.02,0
29/05/2025 15:30:00,18.02,18.02,16.21,16.42,0
30/05/2025 15:30:00,16.42,16.55,15.29,16.08,0
02/06/2025 15:30:00,16.08,17.73,16.08,17.16,0
03/06/2025 15:30:00,17.16,17.73,16.26,16.56,0
04/06/2025 15:30:00,16.56,17.06,15.63,15.75,0
05/06/2025 15:30:00,15.75,15.93,14.98,15.08,0
06/06/2025 15:30:00,15.08,15.61,14.37,14.63,0
09/06/2025 15:30:00,14.63,15.52,14.63,14.69,0
10/06/2025 15:30:00,14.69,14.74,13.93,14.02,0
11/06/2025 15:30:00,14.02,14.16,13.56,13.67,0
12/06/2025 15:30:00,13.67,14.27,13.13,14.02,0
13/06/2025 15:30:00,14.02,15.98,14.02,15.08,0
16/06/2025 15:30:00,15.08,15.47,14.55,14.84,0
17/06/2025 15:30:00,14.84,15.02,14.3,14.4,0
18/06/2025 15:30:00,14.4,14.82,14.11,14.28,0
19/06/2025 15:30:00,14.28,14.37,13.74,14.26,0
20/06/2025 15:30:00,14.26,14.26,13.32,13.67,0
23/06/2025 15:30:00,13.67,14.52,13.66,14.05,0
24/06/2025 15:30:00,14.05,14.34,13.31,13.64,0
25/06/2025 15:30:00,13.64,13.64,12.9,12.96,0
26/06/2025 15:30:00,12.96,13.33,12.52,12.59,0
27/06/2025 15:30:00,12.59,12.92,12.32,12.39,0
30/06/2025 15:30:00,12.39,13.03,12.39,12.79,0
01/07/2025 15:30:00,12.79,12.99,12.44,12.53,0
02/07/2025 15:30:00,12.53,12.66,12.34,12.45,0
03/07/2025 15:30:00,12.45,12.66,12.19,12.39,0
04/07/2025 15:30:00,12.39,12.7,12.24,12.32,0
07/07/2025 15:30:00,12.32,12.79,11.94,12.56,0
08/07/2025 15:30:00,12.56,12.71,12.06,12.2,0
09/07/2025 15:30:00,12.2,12.36,11.75,11.94,0
10/07/2025 15:30:00,11.94,12.19,11.61,11.67,0
11/07/2025 15:30:00,11.67,12.12,11.54,11.82,0
14/07/2025 15:30:00,11.82,12.42,11.82,11.98,0
15/07/2025 15:30:00,11.98,12.03,11.41,11.48,0
16/07/2025 15:30:00,11.48,11.67,11.2,11.24,0
17/07/2025 15:30:00,11.24,11.54,10.73,11.24,0
18/07/2025 15:30:00,11.24,11.86,9.9,11.39,0
21/07/2025 15:30:00,11.39,11.94,11.09,11.2,0
22/07/2025 15:30:00,11.2,11.23,10.69,10.75,0
23/07/2025 15:30:00,10.75,10.75,10.22,10.52,0
24/07/2025 15:30:00,10.52,11.11,9.87,10.72,0
25/07/2025 15:30:00,10.72,11.58,10.61,11.28,0
28/07/2025 15:30:00,11.28,12.23,10.33,12.06,0
29/07/2025 15:30:00,12.06,12.3,11.4,11.53,0
30/07/2025 15:30:00,11.53,11.78,10.61,11.21,0
31/07/2025 15:30:00,11.21,12.12,11.21,11.54,0
01/08/2025 15:30:00,11.54,12.11,11.4,11.98,0
04/08/2025 15:30:00,11.98,12.63,11.8,11.97,0
05/08/2025 15:30:00,11.97,12.18,11.64,11.71,0
06/08/2025 15:30:00,11.71,12.05,10.66,11.96,0
07/08/2025 15:30:00,11.96,12.31,11.56,11.69,0
08/08/2025 15:30:00,11.69,12.2,10.9,12.03,0
11/08/2025 15:30:00,12.03,12.73,12.03,12.22,0
12/08/2025 15:30:00,12.22,12.42,11.6,12.23,0
13/08/2025 15:30:00,12.23,12.35,10.78,12.14,0
14/08/2025 15:30:00,12.14,12.47,11.47,12.36,0
18/08/2025 15:30:00,12.36,13.47,11.75,12.34,0
19/08/2025 15:30:00,12.34,12.34,11.76,11.79,0
20/08/2025 15:30:00,11.79,11.99,10.19,11.79,0
21/08/2025 15:30:00,11.79,11.89,10.09,11.37,0
22/08/2025 15:30:00,11.37,11.79,10.7,11.73,0
25/08/2025 15:30:00,11.73,12.35,11.55,11.76,0
26/08/2025 15:30:00,11.76,12.55,10.93,12.19,0
28/08/2025 15:30:00,12.19,13.15,11.58,12.18,0
29/08/2025 15:30:00,12.18,12.2,11.59,11.75,0
01/09/2025 15:30:00,11.75,12.2,11.24,11.29,0
02/09/2025 15:30:00,11.29,11.78,10.78,11.4,0
03/09/2025 15:30:00,11.4,11.58,10.85,10.93,0
04/09/2025 15:30:00,10.93,11.24,10.49,10.85,0
05/09/2025 15:30:00,10.85,11.44,9.95,10.78,0
08/09/2025 15:30:00,10.78,11.08,10.42,10.84,0
09/09/2025 15:30:00,10.84,11.45,9.85,10.69,0
10/09/2025 15:30:00,10.69,10.84,10.25,10.54,0
11/09/2025 15:30:00,10.54,10.78,10.18,10.36,0
12/09/2025 15:30:00,10.36,10.36,9.85,10.12,0
15/09/2025 15:30:00,10.12,10.68,9.9,10.4,0
16/09/2025 15:30:00,10.4,10.5,9.76,10.27,0
17/09/2025 15:30:00,10.27,10.36,9.62,10.25,0
18/09/2025 15:30:00,10.25,10.25,9.49,9.89,0
19/09/2025 15:30:00,9.89,10.26,9.4,9.97,0
22/09/2025 15:30:00,9.97,10.73,9.97,10.56,0
23/09/2025 15:30:00,10.56,10.9,9.96,10.63,0
24/09/2025 15:30:00,10.63,10.89,10.11,10.52,0
25/09/2025 15:30:00,10.52,10.9,10.29,10.78,0
26/09/2025 15:30:00,10.78,11.68,10.17,11.43,0
29/09/2025 15:30:00,11.43,11.73,10.62,11.37,0
30/09/2025 15:30:00,11.37,11.79,10.93,11.07,0
01/10/2025 15:30:00,11.07,11.26,10.15,10.29,0
03/10/2025 15:30:00,10.29,10.62,9.95,10.06,0
06/10/2025 15:30:00,10.06,10.54,9.66,10.19,0
07/10/2025 15:30:00,10.19,10.45,10,10.05,0
08/10/2025 15:30:00,10.05,10.52,9.69,10.31,0
09/10/2025 15:30:00,10.31,10.57,10,10.12,0
10/10/2025 15:30:00,10.12,10.34,9.71,10.1,0
13/10/2025 15:30:00,10.1,11.26,9.78,11.01,0
14/10/2025 15:30:00,11.01,11.67,10.01,11.16,0
15/10/2025 15:30:00,11.16,11.16,10.43,10.53,0
16/10/2025 15:30:00,10.53,11.06,10.38,10.87,0
17/10/2025 15:30:00,10.87,11.81,9.78,11.63,0
20/10/2025 15:30:00,11.63,11.88,10.67,11.36,0
21/10/2025 15:30:00,11.36,11.6,10.7,11.3,0
23/10/2025 15:30:00,11.3,12.05,10.74,11.73,0
24/10/2025 15:30:00,11.73,11.94,11.44,11.59,0
27/10/2025 15:30:00,11.59,12.73,11.28,11.86,0
28/10/2025 15:30:00,11.86,12.64,10.71,11.95,0
29/10/2025 15:30:00,11.95,12.1,11.23,11.97,0
30/10/2025 15:30:00,11.97,12.27,11.71,12.07,0
31/10/2025 15:30:00,12.07,12.29,11.77,12.15,0
03/11/2025 15:30:00,12.15,12.94,11.79,12.67,0
04/11/2025 15:30:00,12.67,12.94,10.98,12.65,0
06/11/2025 15:30:00,12.65,12.87,12.06,12.41,0
07/11/2025 15:30:00,12.41,12.67,11.96,12.56,0
10/11/2025 15:30:00,12.56,12.93,11.41,12.3,0
11/11/2025 15:30:00,12.3,13.01,11.99,12.49,0
12/11/2025 15:30:00,12.49,12.71,11.44,12.11,0
13/11/2025 15:30:00,12.11,12.27,11.23,12.16,0
14/11/2025 15:30:00,12.16,12.45,11.8,11.94,0
17/11/2025 15:30:00,11.94,12.28,10.9,11.79,0
18/11/2025 15:30:00,11.79,12.29,10.94,12.1,0
19/11/2025 15:30:00,12.1,12.38,10.77,11.97,0
20/11/2025 15:30:00,11.97,12.38,11.06,12.14,0
21/11/2025 15:30:00,12.14,13.85,12.14,13.63,0
24/11/2025 15:30:00,13.63,13.63,11.94,13.24,0
25/11/2025 15:30:00,13.24,13.24,10.86,12.24,0
26/11/2025 15:30:00,12.24,12.57,11.59,11.97,0
27/11/2025 15:30:00,11.97,12.24,11.51,11.79,0
28/11/2025 15:30:00,11.79,11.79,10.82,11.62,0
01/12/2025 15:30:00,11.62,12.01,10.9,11.63,0
02/12/2025 15:30:00,11.63,11.94,11.03,11.23,0
03/12/2025 15:30:00,11.23,11.37,10.92,11.21,0
04/12/2025 15:30:00,11.21,11.27,10.58,10.82,0
05/12/2025 15:30:00,10.82,10.87,10.16,10.32,0
08/12/2025 15:30:00,10.32,11.61,10.14,11.13,0
09/12/2025 15:30:00,11.13,11.88,10.46,10.95,0
10/12/2025 15:30:00,10.95,11.42,10.49,10.91,0
11/12/2025 15:30:00,10.91,11.19,10.32,10.4,0
12/12/2025 15:30:00,10.4,10.4,9.96,10.11,0
15/12/2025 15:30:00,10.11,10.84,10.05,10.25,0
16/12/2025 15:30:00,10.25,10.43,9.66,10.06,0
17/12/2025 15:30:00,10.06,10.18,9.48,9.84,0
18/12/2025 15:30:00,9.84,9.95,9.61,9.71,0
19/12/2025 15:30:00,9.71,10.31,9.44,9.52,0
22/12/2025 15:30:00,9.52,9.9,8.86,9.68,0
23/12/2025 15:30:00,9.68,9.79,9.32,9.38,0
24/12/2025 15:30:00,9.38,9.68,8.88,9.19,0
26/12/2025 15:30:00,9.19,9.4,9.02,9.15,0
29/12/2025 15:30:00,9.15,9.77,9.05,9.72,0
30/12/2025 15:30:00,9.72,9.99,9.59,9.68,0
31/12/2025 15:30:00,9.68,9.73,9.31,9.48,0
01/01/2026 15:30:00,9.48,9.48,8.72,9.19,0
02/01/2026 15:30:00,9.19,9.56,8.97,9.45,0
05/01/2026 15:30:00,9.45,10.22,9.29,10.02,0
06/01/2026 15:30:00,10.02,10.29,9.65,10.02,0
07/01/2026 15:30:00,10.02,10.24,9.74,9.95,0
08/01/2026 15:30:00,9.95,10.99,9.48,10.6,0
09/01/2026 15:30:00,10.6,11.04,10.22,10.93,0
12/01/2026 15:30:00,10.93,11.95,10.52,11.37,0
13/01/2026 15:30:00,11.37,11.68,10.64,11.2,0
14/01/2026 15:30:00,11.2,11.47,11.01,11.32,0
16/01/2026 15:30:00,11.32,11.58,10.88,11.37,0
19/01/2026 15:30:00,11.37,12.13,10.39,11.83,0
20/01/2026 15:30:00,11.83,12.9,11,12.73,0
21/01/2026 15:30:00,12.73,14.43,12.43,13.78,0
22/01/2026 15:30:00,13.78,14.33,12.91,13.35,0
23/01/2026 15:30:00,13.35,14.43,12.28,14.19,0
27/01/2026 15:30:00,14.19,16.06,13.92,14.45,0
28/01/2026 15:30:00,14.45,14.51,13.44,13.53,0
29/01/2026 15:30:00,13.53,14.19,13.07,13.37,0
30/01/2026 15:30:00,13.37,14.23,12.88,13.63,0
02/02/2026 15:30:00,15.1,15.55,13.58,13.87,0
03/02/2026 15:30:00,13.87,15.47,11.85,12.9,0
04/02/2026 15:30:00,12.9,13.15,12.06,12.25,0
05/02/2026 15:30:00,12.25,12.55,10.94,12.17,0
06/02/2026 15:30:00,12.17,12.35,11.16,11.94,0
09/02/2026 15:30:00,11.94,12.28,10.67,12.19,0
10/02/2026 15:30:00,12.19,12.19,10.36,11.67,0
11/02/2026 15:30:00,11.67,11.71,10.56,11.55,0
12/02/2026 15:30:00,11.55,12.11,10.85,11.73,0
13/02/2026 15:30:00,11.73,13.58,10.96,13.29,0
16/02/2026 15:30:00,13.29,13.83,13.24,13.33,0
17/02/2026 15:30:00,13.33,13.48,11.63,12.67,0
18/02/2026 15:30:00,12.67,12.77,11.35,12.22,0
19/02/2026 15:30:00,12.22,13.68,9.73,13.46,0
20/02/2026 15:30:00,13.46,14.78,13.1,14.36,0
23/02/2026 15:30:00,14.36,14.48,12.77,14.17,0
24/02/2026 15:30:00,14.17,14.95,12.35,14.15,0
25/02/2026 15:30:00,14.15,14.15,12.84,13.49,0
26/02/2026 15:30:00,13.49,13.61,11.81,13.06,0
27/02/2026 15:30:00,13.06,14.04,11.2,13.7,0
02/03/2026 15:30:00,13.7,17.81,12.83,17.13,0
04/03/2026 15:30:00,17.13,21.37,16.97,21.14,0
05/03/2026 15:30:00,21.14,21.14,17.3,17.86,0
06/03/2026 15:30:00,17.86,20.14,17.2,19.88,0
09/03/2026 15:30:00,19.88,24.49,19.22,23.36,0
10/03/2026 15:30:00,23.36,23.36,18.78,18.91,0
11/03/2026 15:30:00,18.91,21.39,17.24,21.06,0
12/03/2026 15:30:00,21.06,22.36,20.82,21.52,0
13/03/2026 15:30:00,21.52,22.88,21.25,22.65,0
16/03/2026 15:30:00,22.65,22.88,19.82,21.6,0
17/03/2026 15:30:00,21.6,21.6,19.63,19.79,0
18/03/2026 15:30:00,19.79,19.79,18.59,18.72,0
19/03/2026 15:30:00,18.72,23.2,18.72,22.8,0
20/03/2026 15:30:00,22.8,23.14,21.69,22.81,0
23/03/2026 15:30:00,22.81,27.17,22.81,26.73,0
24/03/2026 15:30:00,26.73,26.73,24.63,24.74,0
25/03/2026 15:30:00,24.74,25.23,24.14,24.64,0
27/03/2026 15:30:00,24.64,27.09,23.39,26.8,0
30/03/2026 15:30:00,26.8,28.91,26.8,27.89,0
01/04/2026 15:30:00,27.89,27.89,23.65,25.01,0
02/04/2026 15:30:00,25.01,26.6,25.01,25.52,0
06/04/2026 15:30:00,25.52,26.56,25.08,25.47,0
07/04/2026 15:30:00,25.47,26.26,24.55,24.7,0
08/04/2026 15:30:00,24.7,24.7,19.31,19.7,0
09/04/2026 15:30:00,19.7,20.94,19.17,20.43,0
10/04/2026 15:30:00,20.43,20.43,18.37,18.85,0
13/04/2026 15:30:00,18.85,21.51,18.18,20.5,0
15/04/2026 15:30:00,20.5,20.5,17.34,18.67,0
16/04/2026 15:30:00,18.67,18.67,16.83,18.09,0
17/04/2026 15:30:00,18.09,18.47,16.59,17.2,0
20/04/2026 15:30:00,17.2,19.01,16.48,18.79,0
21/04/2026 15:30:00,18.79,18.79,17.45,17.53,0
22/04/2026 15:30:00,17.53,18.73,17.25,18.3,0
23/04/2026 15:30:00,18.3,19.12,17.49,18.59,0
24/04/2026 15:30:00,18.59,19.9,18.06,19.71,0
27/04/2026 15:30:00,19.71,19.71,18.27,18.38,0
28/04/2026 15:30:00,18.38,18.41,17.27,18.05,0
29/04/2026 15:30:00,18.05,18.05,16.75,17.44,0
30/04/2026 15:30:00,17.44,19.48,17.18,18.46,0