Date,Open,High,Low,Close,Volume
03/01/2005 15:30:00,2080,2118.6,2080,2115,0
04/01/2005 15:30:00,2116.95,2120.15,2100.55,2103.75,0
05/01/2005 15:30:00,2103.75,2105.1,1990.15,2032.2,0
06/01/2005 15:30:00,2031.55,2035.65,1984.25,1998.35,0
07/01/2005 15:30:00,1998.25,2021.45,1992.55,2015.5,0
10/01/2005 15:30:00,2016.75,2025.9,1974.8,1982,0
11/01/2005 15:30:00,1982.7,1988.9,1947.35,1952.05,0
12/01/2005 15:30:00,1953.6,1966.65,1900.85,1913.6,0
13/01/2005 15:30:00,1922.5,1963.4,1916.95,1954.55,0
14/01/2005 15:30:00,1954.9,1961.4,1922.85,1931.1,0
17/01/2005 15:30:00,1931.75,1944.55,1902.45,1932.9,0
18/01/2005 15:30:00,1933.05,1956.95,1925.35,1934.05,0
19/01/2005 15:30:00,1934.1,1945.65,1922.35,1926.65,0
20/01/2005 15:30:00,1928.1,1940.95,1900.05,1925.3,0
24/01/2005 15:30:00,1925.3,1932.75,1902.9,1909,0
25/01/2005 15:30:00,1908.85,1934.25,1894.4,1931.85,0
27/01/2005 15:30:00,1931.9,1961.75,1929,1955,0
28/01/2005 15:30:00,1955.25,2014.25,1950.85,2008.3,0
31/01/2005 15:30:00,2008.45,2060.4,2006.35,2057.6,0
01/02/2005 15:30:00,2057.75,2072.5,2045.25,2059.85,0
02/02/2005 15:30:00,2062.15,2074.5,2045.5,2052.25,0
03/02/2005 15:30:00,2052.35,2083.75,2052.35,2079.45,0
04/02/2005 15:30:00,2079.4,2099.2,2060.8,2077.95,0
07/02/2005 15:30:00,2097.45,2098,2049.85,2055.1,0
08/02/2005 15:30:00,2055,2065,2043.6,2055.15,0
09/02/2005 15:30:00,2055.2,2077.7,2055.2,2070,0
10/02/2005 15:30:00,2070.1,2075.1,2049.85,2063.35,0
11/02/2005 15:30:00,2063.35,2084.5,2063.35,2082.05,0
14/02/2005 15:30:00,2083.05,2110.15,2083.05,2098.25,0
15/02/2005 15:30:00,2098.25,2101.6,2081.2,2089.95,0
16/02/2005 15:30:00,2090,2103.4,2059.45,2068.8,0
17/02/2005 15:30:00,2069.1,2069.15,2045.85,2061.9,0
18/02/2005 15:30:00,2062.45,2076.7,2048.85,2055.55,0
21/02/2005 15:30:00,2055.15,2065.75,2039.9,2043.2,0
22/02/2005 15:30:00,2043.4,2061.65,2036.6,2058.4,0
23/02/2005 15:30:00,2058.7,2065.15,2051.35,2057.1,0
24/02/2005 15:30:00,2057.75,2070.5,2052.4,2055.3,0
25/02/2005 15:30:00,2057.3,2081.85,2051.2,2060.9,0
28/02/2005 15:30:00,2061.2,2106.2,2047.7,2103.25,0
01/03/2005 15:30:00,2103.1,2115.1,2073.8,2084.4,0
02/03/2005 15:30:00,2084.6,2096.35,2080.55,2093.25,0
03/03/2005 15:30:00,2093.4,2132.75,2093.35,2128.85,0
04/03/2005 15:30:00,2129.1,2152.75,2129.1,2148.15,0
07/03/2005 15:30:00,2148.25,2166.85,2143.05,2160.1,0
08/03/2005 15:30:00,2160.65,2173.85,2154,2168.95,0
09/03/2005 15:30:00,2169.1,2183.45,2141.35,2160.8,0
10/03/2005 15:30:00,2160.85,2170.2,2145.75,2167.4,0
11/03/2005 15:30:00,2167.7,2182.1,2148.7,2154,0
14/03/2005 15:30:00,2153.8,2164.15,2140.9,2146.35,0
15/03/2005 15:30:00,2146.55,2151.35,2122,2128.95,0
16/03/2005 15:30:00,2129.35,2158.9,2121.1,2125.55,0
17/03/2005 15:30:00,2123.95,2126.55,2090.45,2098.5,0
18/03/2005 15:30:00,2097.75,2112.25,2077.2,2109.15,0
21/03/2005 15:30:00,2117.95,2124.8,2089.35,2096.6,0
22/03/2005 15:30:00,2096.75,2099,2056.5,2061.6,0
23/03/2005 15:30:00,2061.2,2067.45,2019.85,2026.4,0
24/03/2005 15:30:00,2026.6,2042.45,2007.35,2015.4,0
28/03/2005 15:30:00,2015.75,2046.85,2015.25,2029.45,0
29/03/2005 15:30:00,2029.4,2032.65,1971.55,1983.85,0
30/03/2005 15:30:00,1983.65,2000.45,1971.15,1993.7,0
31/03/2005 15:30:00,1994.5,2043.6,1994.5,2035.65,0
01/04/2005 15:30:00,2035.9,2071.2,2024.25,2067.65,0
04/04/2005 15:30:00,2067.65,2076.6,2054.9,2063.4,0
05/04/2005 15:30:00,2063.2,2077.95,2043.7,2052.55,0
06/04/2005 15:30:00,2054,2073.1,2051.3,2069.3,0
07/04/2005 15:30:00,2069.15,2084.9,2048.05,2052.85,0
08/04/2005 15:30:00,2053.05,2057.5,2024.8,2031.2,0
11/04/2005 15:30:00,2032.75,2033,2001.85,2008.2,0
12/04/2005 15:30:00,2002.75,2027.8,2002.75,2024.95,0
13/04/2005 15:30:00,2024.9,2038.85,2018.1,2025.45,0
15/04/2005 15:30:00,2022.5,2022.5,1952.75,1956.3,0
18/04/2005 15:30:00,1955.5,1959.25,1914.85,1927.8,0
19/04/2005 15:30:00,1927.9,1961.15,1902.8,1909.4,0
20/04/2005 15:30:00,1908.5,1941.85,1902.9,1929.7,0
21/04/2005 15:30:00,1930.5,1950,1911.4,1948.55,0
22/04/2005 15:30:00,1950.6,1972.95,1950,1967.35,0
25/04/2005 15:30:00,1968.45,1974.2,1952.4,1970.95,0
26/04/2005 15:30:00,1971.05,1972.85,1951.8,1957.1,0
27/04/2005 15:30:00,1959.45,1962.2,1930.35,1935.4,0
28/04/2005 15:30:00,1935.65,1950.25,1921.05,1941.3,0
29/04/2005 15:30:00,1943.2,1943.2,1896.3,1902.5,0
02/05/2005 15:30:00,1903.1,1925.6,1898.15,1916.75,0
03/05/2005 15:30:00,1916.95,1940.1,1911,1920.7,0
04/05/2005 15:30:00,1920.5,1944.45,1920.15,1942.6,0
05/05/2005 15:30:00,1942.6,1973.35,1942.05,1963.3,0
06/05/2005 15:30:00,1962.3,1984.4,1947.3,1977.5,0
09/05/2005 15:30:00,1978.05,2003.15,1978.05,2000.75,0
10/05/2005 15:30:00,2001,2007.8,1989.1,1994.3,0
11/05/2005 15:30:00,1990.55,1991.85,1975.05,1985.95,0
12/05/2005 15:30:00,1985.95,1999.85,1981.95,1993.15,0
13/05/2005 15:30:00,1992.5,1992.75,1978.9,1988.3,0
16/05/2005 15:30:00,1991.5,2014.95,1989.7,2012.6,0
17/05/2005 15:30:00,2013.1,2024.6,1984.75,1990.8,0
18/05/2005 15:30:00,1990.65,1990.95,1964.65,1982.75,0
19/05/2005 15:30:00,1983.15,2008.35,1983.15,1990.85,0
20/05/2005 15:30:00,1991.85,1998.2,1975.95,1992.4,0
23/05/2005 15:30:00,1992.1,2019.35,1991.7,2013.9,0
24/05/2005 15:30:00,2016,2031.9,2009.55,2028.6,0
25/05/2005 15:30:00,2028.55,2047.45,2019,2043.85,0
26/05/2005 15:30:00,2043.5,2078.65,2025.65,2074.7,0
27/05/2005 15:30:00,2073.25,2099.35,2069.5,2076.4,0
30/05/2005 15:30:00,2076.55,2086.85,2064.85,2072.4,0
31/05/2005 15:30:00,2072.5,2091.75,2066.55,2087.55,0
01/06/2005 15:30:00,2087.8,2097.6,2081.2,2087.55,0
02/06/2005 15:30:00,2087.85,2093.45,2062.55,2064.65,0
03/06/2005 15:30:00,2064.1,2097.25,2061.35,2094.25,0
06/06/2005 15:30:00,2092,2109.1,2087.4,2092.8,0
07/06/2005 15:30:00,2091.95,2102.85,2084.35,2098.15,0
08/06/2005 15:30:00,2094.7,2115.25,2094.05,2112.4,0
09/06/2005 15:30:00,2112.25,2118.65,2097.55,2103.2,0
10/06/2005 15:30:00,2103.45,2133.1,2086.3,2090.6,0
13/06/2005 15:30:00,2090.7,2106.65,2081.7,2102.75,0
14/06/2005 15:30:00,2103.65,2113.85,2098.7,2112.35,0
15/06/2005 15:30:00,2110.5,2131.95,2110.35,2128.65,0
16/06/2005 15:30:00,2128.3,2135.1,2114.55,2123.7,0
17/06/2005 15:30:00,2123.6,2131.75,2103.9,2123.4,0
20/06/2005 15:30:00,2130.8,2150.25,2124.65,2144.35,0
21/06/2005 15:30:00,2144.75,2173.25,2140.15,2170,0
22/06/2005 15:30:00,2167.8,2196.45,2167.35,2187.35,0
23/06/2005 15:30:00,2187.35,2192.1,2174.05,2183.85,0
24/06/2005 15:30:00,2184,2204.45,2162.95,2194.35,0
27/06/2005 15:30:00,2194.35,2219.65,2188.15,2199.8,0
28/06/2005 15:30:00,2199.8,2206.8,2165.9,2169.85,0
29/06/2005 15:30:00,2170.2,2194.25,2162,2191.65,0
30/06/2005 15:30:00,2191.55,2226.15,2189.45,2220.6,0
01/07/2005 15:30:00,2220.45,2220.55,2198.9,2211.9,0
04/07/2005 15:30:00,2212.05,2232.2,2211.4,2230.65,0
05/07/2005 15:30:00,2231.2,2238.6,2205.1,2210.75,0
06/07/2005 15:30:00,2211.35,2232.65,2211.3,2228.2,0
07/07/2005 15:30:00,2228.3,2235.8,2171.25,2179.4,0
08/07/2005 15:30:00,2183.55,2210.7,2179.05,2196.2,0
11/07/2005 15:30:00,2195.55,2224.65,2195.55,2218.85,0
12/07/2005 15:30:00,2219.1,2233.2,2191.7,2220.8,0
13/07/2005 15:30:00,2221.45,2234.15,2200.05,2204.05,0
14/07/2005 15:30:00,2204.4,2212.55,2178.6,2185.1,0
15/07/2005 15:30:00,2185.1,2216.5,2181.85,2212.55,0
18/07/2005 15:30:00,2212.95,2248.7,2212.95,2234,0
19/07/2005 15:30:00,2234.25,2246.7,2227.2,2237.3,0
20/07/2005 15:30:00,2236.9,2252,2236.9,2241.9,0
21/07/2005 15:30:00,2240.95,2251.85,2221.2,2230.5,0
22/07/2005 15:30:00,2231,2268.55,2223.15,2265.6,0
25/07/2005 15:30:00,2266.65,2293.95,2266.65,2291.75,0
26/07/2005 15:30:00,2289.25,2307.1,2279.8,2303.15,0
27/07/2005 15:30:00,2304.25,2324,2292.85,2319.1,0
29/07/2005 15:30:00,2318.05,2332.55,2280.85,2312.3,0
01/08/2005 15:30:00,2312.05,2329.9,2294.25,2318.05,0
02/08/2005 15:30:00,2321.9,2357.15,2319.75,2353.65,0
03/08/2005 15:30:00,2359.1,2377,2345.2,2357,0
04/08/2005 15:30:00,2357.75,2377.35,2352.05,2367.8,0
05/08/2005 15:30:00,2367.35,2377.1,2355.95,2361.2,0
08/08/2005 15:30:00,2361.95,2386.95,2320.05,2324.4,0
09/08/2005 15:30:00,2324.75,2342.2,2303.1,2318.7,0
10/08/2005 15:30:00,2322.3,2364.8,2322.05,2360.15,0
11/08/2005 15:30:00,2358.9,2387.3,2355.5,2380.9,0
12/08/2005 15:30:00,2381.05,2390.45,2356.9,2361.55,0
16/08/2005 15:30:00,2361.65,2379.4,2356.85,2369.8,0
17/08/2005 15:30:00,2369.8,2406.25,2357.5,2403.15,0
18/08/2005 15:30:00,2404.65,2426.65,2380.7,2388.45,0
19/08/2005 15:30:00,2400.8,2409.35,2378.45,2383.45,0
22/08/2005 15:30:00,2383.45,2403.45,2355.75,2367.85,0
23/08/2005 15:30:00,2369.55,2380.5,2320.35,2326.1,0
24/08/2005 15:30:00,2326.1,2334.9,2300.45,2322.5,0
25/08/2005 15:30:00,2323.1,2359.2,2320.7,2354.55,0
26/08/2005 15:30:00,2354.6,2368.05,2340.2,2357.05,0
29/08/2005 15:30:00,2359.2,2365.85,2312.6,2337.65,0
30/08/2005 15:30:00,2337.8,2373.8,2337.75,2367.75,0
31/08/2005 15:30:00,2369.05,2387,2355,2384.65,0
01/09/2005 15:30:00,2384.7,2412.35,2382.9,2405.75,0
02/09/2005 15:30:00,2406.45,2422.1,2396.1,2415.8,0
05/09/2005 15:30:00,2417.1,2439.55,2414.95,2422.95,0
06/09/2005 15:30:00,2422.4,2436.25,2417,2428.65,0
08/09/2005 15:30:00,2429,2456.9,2429,2454.45,0
09/09/2005 15:30:00,2448.8,2462.8,2441.9,2455.45,0
12/09/2005 15:30:00,2455.85,2486.35,2455.85,2484.15,0
13/09/2005 15:30:00,2484,2503,2477.1,2500.35,0
14/09/2005 15:30:00,2500.4,2514.75,2476,2492.45,0
15/09/2005 15:30:00,2492.85,2527.5,2492.75,2523.95,0
16/09/2005 15:30:00,2524.9,2555.1,2519.05,2552.35,0
19/09/2005 15:30:00,2555.45,2579.7,2550.45,2567.1,0
20/09/2005 15:30:00,2567.2,2582.8,2546.6,2578,0
21/09/2005 15:30:00,2576.7,2585.6,2504.9,2567.3,0
22/09/2005 15:30:00,2567.85,2580.4,2465.85,2476.5,0
23/09/2005 15:30:00,2480.5,2507.9,2453.05,2477.75,0
26/09/2005 15:30:00,2477.85,2560.85,2477.85,2557.35,0
27/09/2005 15:30:00,2558.5,2592.5,2549.85,2574.85,0
28/09/2005 15:30:00,2574.45,2602.95,2559.85,2598.05,0
29/09/2005 15:30:00,2598.6,2633.9,2589.45,2611.2,0
30/09/2005 15:30:00,2607.9,2623.05,2567.75,2601.4,0
03/10/2005 15:30:00,2601,2635,2597.2,2630.05,0
04/10/2005 15:30:00,2630,2667.05,2629.6,2663.35,0
05/10/2005 15:30:00,2663.7,2669.2,2636.6,2644.4,0
06/10/2005 15:30:00,2643.8,2643.8,2571.3,2579.15,0
07/10/2005 15:30:00,2577.2,2603.25,2547.55,2574.05,0
10/10/2005 15:30:00,2577.1,2595.15,2561,2566.85,0
11/10/2005 15:30:00,2569.15,2592,2533.7,2589.55,0
13/10/2005 15:30:00,2584.4,2589.35,2529.05,2537.3,0
14/10/2005 15:30:00,2537.7,2548,2478,2484.4,0
17/10/2005 15:30:00,2488.4,2498.6,2459.5,2485.15,0
18/10/2005 15:30:00,2485.25,2517.7,2452.5,2468.2,0
19/10/2005 15:30:00,2467.8,2467.85,2394.95,2412.45,0
20/10/2005 15:30:00,2421.4,2463.85,2363.55,2395.45,0
21/10/2005 15:30:00,2397.85,2447.85,2384.05,2443.75,0
24/10/2005 15:30:00,2444.2,2460,2388.4,2394.85,0
25/10/2005 15:30:00,2394.95,2444.6,2390.85,2418.2,0
26/10/2005 15:30:00,2418.45,2434,2401.1,2408.5,0
27/10/2005 15:30:00,2408.95,2416.45,2338.6,2352.9,0
28/10/2005 15:30:00,2352.65,2355.15,2307.45,2316.05,0
31/10/2005 15:30:00,2314.85,2373.4,2314.2,2370.95,0
01/11/2005 15:30:00,2366.8,2410.15,2366.8,2386.75,0
02/11/2005 15:30:00,2386.45,2423.8,2367.75,2419.05,0
07/11/2005 15:30:00,2419.25,2464.65,2411.6,2461.6,0
08/11/2005 15:30:00,2463.65,2502.9,2460,2492.65,0
09/11/2005 15:30:00,2493.1,2519.4,2475.7,2489.1,0
10/11/2005 15:30:00,2489.1,2504.75,2480.85,2500.7,0
11/11/2005 15:30:00,2500.85,2551.4,2500.85,2548.65,0
14/11/2005 15:30:00,2548.55,2576.95,2534.4,2558.7,0
16/11/2005 15:30:00,2559.45,2585.95,2559.45,2582.75,0
17/11/2005 15:30:00,2558.45,2608.85,2558.45,2603.95,0
18/11/2005 15:30:00,2604,2632.35,2595.15,2620.05,0
21/11/2005 15:30:00,2620.1,2626.4,2591.75,2602.5,0
22/11/2005 15:30:00,2603.25,2614,2567.05,2572.85,0
23/11/2005 15:30:00,2572.85,2613.4,2563.1,2608.6,0
24/11/2005 15:30:00,2608.9,2643.7,2608.7,2635,0
25/11/2005 15:30:00,2635.35,2668.9,2633.75,2664.3,0
28/11/2005 15:30:00,2683.6,2717.15,2682.65,2712,0
29/11/2005 15:30:00,2712.35,2713.9,2679.9,2698.3,0
30/11/2005 15:30:00,2698.1,2727.05,2647.1,2652.25,0
01/12/2005 15:30:00,2651.6,2705,2641.95,2698.95,0
02/12/2005 15:30:00,2699.55,2730.7,2691.5,2697.95,0
05/12/2005 15:30:00,2697.6,2710.65,2654.35,2660.5,0
06/12/2005 15:30:00,2661.4,2694.4,2647.35,2662.3,0
07/12/2005 15:30:00,2662.3,2697.1,2662.3,2693,0
08/12/2005 15:30:00,2694.95,2711.6,2673.5,2706.7,0
09/12/2005 15:30:00,2706.75,2761.1,2698,2756.45,0
12/12/2005 15:30:00,2756.4,2789.35,2756.4,2776.2,0
13/12/2005 15:30:00,2776.8,2815.3,2764.65,2812.3,0
14/12/2005 15:30:00,2812.8,2825.65,2788.3,2804.55,0
15/12/2005 15:30:00,2805.2,2821.5,2763.35,2778.55,0
16/12/2005 15:30:00,2778.65,2814.9,2766.5,2810.15,0
19/12/2005 15:30:00,2808.35,2846,2803.45,2842.6,0
20/12/2005 15:30:00,2843.15,2853.1,2815.2,2826.2,0
21/12/2005 15:30:00,2826.45,2847.3,2799.45,2822.9,0
22/12/2005 15:30:00,2826.7,2846.65,2818.65,2835.25,0
23/12/2005 15:30:00,2835.7,2857,2799.7,2804.85,0
26/12/2005 15:30:00,2804.3,2804.3,2741.8,2749.6,0
27/12/2005 15:30:00,2746.25,2812.6,2725.7,2805.9,0
28/12/2005 15:30:00,2806.8,2824.3,2780,2794.05,0
29/12/2005 15:30:00,2792.75,2829.4,2792.75,2821.95,0
30/12/2005 15:30:00,2823.95,2845.55,2812.75,2836.55,0
02/01/2006 15:30:00,2836.8,2849.45,2825.4,2835.95,0
03/01/2006 15:30:00,2835.95,2887.2,2832.05,2883.35,0
04/01/2006 15:30:00,2883,2909.35,2883,2904.4,0
05/01/2006 15:30:00,2904.45,2916.2,2884.8,2899.85,0
06/01/2006 15:30:00,2899.85,2921.7,2877.25,2914,0
09/01/2006 15:30:00,2913.35,2927.25,2898.25,2910.1,0
10/01/2006 15:30:00,2910.15,2913.05,2865.6,2870.8,0
12/01/2006 15:30:00,2869.35,2869.35,2824,2850.7,0
13/01/2006 15:30:00,2851.4,2878.35,2846.7,2850.55,0
16/01/2006 15:30:00,2851.35,2855.7,2824.05,2833.1,0
17/01/2006 15:30:00,2833.8,2861.25,2820.65,2829.1,0
18/01/2006 15:30:00,2809.9,2840.1,2783.85,2809.2,0
19/01/2006 15:30:00,2811.1,2875.95,2811.1,2870.85,0
20/01/2006 15:30:00,2870.8,2912.8,2870.8,2900.95,0
23/01/2006 15:30:00,2900.3,2900.3,2870.95,2884.05,0
24/01/2006 15:30:00,2886.35,2914.25,2885.75,2908,0
25/01/2006 15:30:00,2908.75,2949.1,2871.25,2940.35,0
27/01/2006 15:30:00,2941.9,2989.7,2941.9,2982.75,0
30/01/2006 15:30:00,2983.3,3002.2,2963.65,2974.5,0
31/01/2006 15:30:00,2968.95,3005.1,2968.85,3001.1,0
01/02/2006 15:30:00,3001.3,3011.05,2960.9,2971.55,0
02/02/2006 15:30:00,2972.2,2997.25,2957.55,2967.45,0
03/02/2006 15:30:00,2968.1,2973.9,2931.85,2940.6,0
06/02/2006 15:30:00,2940.95,3009.45,2928.1,3000.45,0
07/02/2006 15:30:00,3001.15,3025.1,2991.25,3020.1,0
08/02/2006 15:30:00,3018.2,3021.25,2984.9,3008.95,0
10/02/2006 15:30:00,3009.15,3031.75,3009.1,3027.55,0
13/02/2006 15:30:00,3026.15,3042.75,3018.5,3041.15,0
14/02/2006 15:30:00,3040.25,3051.7,3009.9,3017.55,0
15/02/2006 15:30:00,3001.4,3048.8,2995.3,3022.2,0
16/02/2006 15:30:00,3023.1,3036.65,3013.7,3021.6,0
17/02/2006 15:30:00,3021.65,3038.8,2976.7,2981.5,0
20/02/2006 15:30:00,2982.35,3010.65,2955.85,3005.85,0
21/02/2006 15:30:00,3008.55,3042.05,3008.55,3035.5,0
22/02/2006 15:30:00,3035.65,3055.65,3032.5,3050.8,0
23/02/2006 15:30:00,3050.85,3078.4,3050.85,3062.1,0
24/02/2006 15:30:00,3061.7,3072,3041.6,3050.05,0
27/02/2006 15:30:00,3050.3,3070.35,3050.3,3067.45,0
28/02/2006 15:30:00,3067.9,3090.3,3031.8,3074.7,0
01/03/2006 15:30:00,3074.6,3127.25,3064,3123.1,0
02/03/2006 15:30:00,3124.25,3170.35,3124.25,3150.7,0
03/03/2006 15:30:00,3151.3,3167.2,3132.6,3147.35,0
06/03/2006 15:30:00,3147.25,3194,3147.2,3190.4,0
07/03/2006 15:30:00,3190.45,3192.95,3166.75,3182.8,0
08/03/2006 15:30:00,3183.45,3187.5,3107.9,3116.7,0
09/03/2006 15:30:00,3116.75,3132.65,3069.85,3129.1,0
10/03/2006 15:30:00,3129.05,3189.35,3128.6,3183.9,0
13/03/2006 15:30:00,3184.1,3221.3,3174.05,3202.65,0
14/03/2006 15:30:00,3197.2,3223.45,3184.05,3195.35,0
16/03/2006 15:30:00,3197.3,3230.4,3196.95,3226.6,0
17/03/2006 15:30:00,3226.9,3258.3,3226.9,3234.05,0
20/03/2006 15:30:00,3234.2,3268.25,3234.2,3265.65,0
21/03/2006 15:30:00,3264.65,3292.15,3247.25,3262.3,0
22/03/2006 15:30:00,3263.35,3267.95,3221.95,3240.15,0
23/03/2006 15:30:00,3240.85,3265.6,3225.2,3247.15,0
24/03/2006 15:30:00,3247.15,3286.2,3242.6,3279.8,0
27/03/2006 15:30:00,3283.4,3327.05,3280.8,3321.65,0
28/03/2006 15:30:00,3321.45,3344.5,3311.85,3325,0
29/03/2006 15:30:00,3324.85,3359.8,3324.8,3354.2,0
30/03/2006 15:30:00,3354.25,3433.85,3354.25,3418.95,0
31/03/2006 15:30:00,3420.55,3425.45,3381.9,3402.55,0
03/04/2006 15:30:00,3403.15,3478.25,3402.45,3473.3,0
04/04/2006 15:30:00,3473.1,3508.25,3463.85,3483.15,0
05/04/2006 15:30:00,3483.15,3513.95,3483.15,3510.9,0
07/04/2006 15:30:00,3525.6,3555.5,3445.9,3454.8,0
10/04/2006 15:30:00,3455,3489.05,3430.4,3478.45,0
12/04/2006 15:30:00,3479.1,3484.65,3366.75,3380,0
13/04/2006 15:30:00,3380.4,3391.05,3290.35,3345.5,0
17/04/2006 15:30:00,3342.15,3433.65,3342.15,3425.15,0
18/04/2006 15:30:00,3429,3521.95,3429,3518.1,0
19/04/2006 15:30:00,3523.65,3570.5,3502.75,3535.85,0
20/04/2006 15:30:00,3539.8,3578.35,3527.25,3573.5,0
21/04/2006 15:30:00,3576.75,3592.75,3517.1,3573.05,0
24/04/2006 15:30:00,3572.8,3585.35,3536.3,3548.9,0
25/04/2006 15:30:00,3548.8,3552.65,3433.55,3462.65,0
26/04/2006 15:30:00,3462.65,3562.3,3454.1,3555.75,0
27/04/2006 15:30:00,3554.7,3598.95,3492.75,3508.1,0
28/04/2006 15:30:00,3507.45,3517.65,3342.85,3508.35,0
02/05/2006 15:30:00,3557.55,3622.05,3556.9,3605.45,0
03/05/2006 15:30:00,3604.4,3640.8,3581.4,3634.25,0
04/05/2006 15:30:00,3630.65,3674.5,3621.55,3648.4,0
05/05/2006 15:30:00,3649.45,3676.55,3639.55,3663.95,0
08/05/2006 15:30:00,3668.65,3708.55,3668.65,3693.15,0
09/05/2006 15:30:00,3694.65,3725.4,3655.65,3720.55,0
10/05/2006 15:30:00,3720.75,3758.05,3717.25,3754.25,0
11/05/2006 15:30:00,3755.8,3774.15,3687.9,3701.05,0
12/05/2006 15:30:00,3704.15,3704.15,3633.85,3650.05,0
15/05/2006 15:30:00,3651,3653,3482.85,3502.95,0
16/05/2006 15:30:00,3502.95,3543.5,3382.4,3523.3,0
17/05/2006 15:30:00,3525.05,3641.85,3525.05,3635.1,0
18/05/2006 15:30:00,3636.45,3636.45,3365.9,3388.9,0
19/05/2006 15:30:00,3391.85,3493.05,3205.25,3246.9,0
22/05/2006 15:30:00,3254.3,3313.9,2896.4,3081.35,0
23/05/2006 15:30:00,3068.6,3221.05,2997.35,3199.35,0
24/05/2006 15:30:00,3203.5,3249.75,3091.6,3115.55,0
25/05/2006 15:30:00,3114.7,3198.35,3012.95,3177.7,0
26/05/2006 15:30:00,3177.7,3277.95,3177.7,3209.6,0
29/05/2006 15:30:00,3207.25,3255.25,3193.15,3214.9,0
30/05/2006 15:30:00,3215.5,3252.1,3167.05,3185.3,0
31/05/2006 15:30:00,3181.95,3181.95,2972.9,3071.05,0
01/06/2006 15:30:00,3072.55,3130,2936.6,2962.25,0
02/06/2006 15:30:00,2961.5,3099.35,2940.2,3091.35,0
05/06/2006 15:30:00,3092.6,3125.4,3006.4,3016.65,0
06/06/2006 15:30:00,3015.05,3015.05,2910.3,2937.3,0
07/06/2006 15:30:00,2935.25,2956.9,2819.45,2860.45,0
08/06/2006 15:30:00,2856.9,2859.4,2683.2,2724.35,0
09/06/2006 15:30:00,2721.2,2875.75,2707.85,2866.3,0
12/06/2006 15:30:00,2867.65,2877.8,2761.85,2776.85,0
13/06/2006 15:30:00,2773.6,2773.6,2638.1,2663.3,0
14/06/2006 15:30:00,2665.05,2767.75,2595.65,2632.8,0
15/06/2006 15:30:00,2634.1,2814.15,2634.1,2798.8,0
16/06/2006 15:30:00,2799.85,2960.15,2799.85,2890.35,0
19/06/2006 15:30:00,2892,2932.9,2846.5,2916.9,0
20/06/2006 15:30:00,2919,2919,2837.45,2861.3,0
21/06/2006 15:30:00,2861.4,2930.8,2836.4,2923.45,0
22/06/2006 15:30:00,2923.75,3017.65,2923.75,2994.75,0
23/06/2006 15:30:00,2993.55,3063.2,2920.2,3042.7,0
26/06/2006 15:30:00,3051.8,3059.85,2928,2943.2,0
27/06/2006 15:30:00,2943.6,3004.15,2899.25,2982.45,0
28/06/2006 15:30:00,2982.2,3003.65,2909.6,2981.1,0
29/06/2006 15:30:00,2982.9,3049.25,2982.9,2997.9,0
30/06/2006 15:30:00,2993.5,3134.15,2993.5,3128.2,0
03/07/2006 15:30:00,3128.75,3160.35,3114.85,3150.95,0
04/07/2006 15:30:00,3151.05,3177.4,3130.3,3138.65,0
05/07/2006 15:30:00,3136.95,3201.2,3121.8,3197.1,0
06/07/2006 15:30:00,3197.5,3197.5,3138.4,3156.4,0
07/07/2006 15:30:00,3157.95,3193.1,3056.3,3075.85,0
10/07/2006 15:30:00,3077.1,3147.7,3064.1,3142,0
11/07/2006 15:30:00,3145.3,3146,3100.4,3116.15,0
12/07/2006 15:30:00,3124.95,3201.35,3078.25,3195.9,0
13/07/2006 15:30:00,3196.3,3208.85,3148.95,3169.3,0
14/07/2006 15:30:00,3166.25,3166.25,3089.55,3123.35,0
17/07/2006 15:30:00,3123.65,3125.1,2999.35,3007.55,0
18/07/2006 15:30:00,3007.15,3038.25,2967.95,2993.65,0
19/07/2006 15:30:00,2995.85,3045.35,2919.95,2932.75,0
20/07/2006 15:30:00,2943.65,3041.25,2943.65,3023.05,0
21/07/2006 15:30:00,3025.1,3029.1,2930.15,2945,0
24/07/2006 15:30:00,2944.9,2996.65,2878.25,2985.85,0
25/07/2006 15:30:00,2989.5,3046.95,2987.15,3040.5,0
26/07/2006 15:30:00,3040.45,3121.4,3022.7,3110.15,0
27/07/2006 15:30:00,3109.85,3167.1,3109.85,3156.15,0
28/07/2006 15:30:00,3158,3168.5,3109.45,3130.8,0
31/07/2006 15:30:00,3131.35,3179.7,3110.6,3143.2,0
01/08/2006 15:30:00,3128.2,3154.7,3113.6,3147.8,0
02/08/2006 15:30:00,3129.45,3187.85,3127.9,3182.1,0
03/08/2006 15:30:00,3182.55,3234.25,3175.15,3190,0
04/08/2006 15:30:00,3189.7,3228.15,3161.8,3176.75,0
07/08/2006 15:30:00,3176.7,3178.5,3142.55,3151.1,0
08/08/2006 15:30:00,3151.55,3216.75,3151.55,3212.4,0
09/08/2006 15:30:00,3211.55,3267.2,3187.85,3254.6,0
10/08/2006 15:30:00,3254.6,3274.75,3229.45,3260.1,0
11/08/2006 15:30:00,3260.05,3286.5,3236.95,3274.35,0
14/08/2006 15:30:00,3274.95,3317.8,3269.15,3313.1,0
16/08/2006 15:30:00,3314.75,3377.1,3314.75,3356.05,0
17/08/2006 15:30:00,3359.7,3385.15,3328.6,3353.9,0
18/08/2006 15:30:00,3354.5,3366.25,3332.2,3356.75,0
21/08/2006 15:30:00,3356.8,3374.9,3332.9,3366,0
22/08/2006 15:30:00,3369.6,3398.35,3351.5,3364.6,0
23/08/2006 15:30:00,3363.6,3369.65,3325.1,3335.8,0
24/08/2006 15:30:00,3336.65,3379.55,3304.85,3370.4,0
25/08/2006 15:30:00,3368.55,3402.7,3368.55,3385.95,0
28/08/2006 15:30:00,3386,3405.3,3377.75,3401.1,0
29/08/2006 15:30:00,3405.05,3434.95,3396.1,3425.7,0
30/08/2006 15:30:00,3425.8,3440.2,3407.75,3430.35,0
31/08/2006 15:30:00,3404.5,3452.3,3403.65,3413.9,0
01/09/2006 15:30:00,3414,3439.5,3402.9,3435.45,0
04/09/2006 15:30:00,3435.55,3483.1,3435.55,3476.85,0
05/09/2006 15:30:00,3471.4,3488.6,3457.9,3473.75,0
06/09/2006 15:30:00,3474.4,3490.7,3465.8,3477.25,0
07/09/2006 15:30:00,3477.15,3478.85,3438.8,3454.55,0
08/09/2006 15:30:00,3454.65,3477.95,3442.85,3471.45,0
11/09/2006 15:30:00,3470.35,3486.65,3351.3,3366.15,0
12/09/2006 15:30:00,3363.3,3395.05,3328.45,3389.9,0
13/09/2006 15:30:00,3389.85,3470.65,3389.8,3454.55,0
14/09/2006 15:30:00,3454.6,3484,3454.6,3471.6,0
15/09/2006 15:30:00,3471.65,3487.45,3434.55,3478.6,0
18/09/2006 15:30:00,3478.65,3506.2,3478.4,3492.75,0
19/09/2006 15:30:00,3493.5,3514.95,3438.8,3457.35,0
20/09/2006 15:30:00,3457.85,3509.85,3419.75,3502.8,0
21/09/2006 15:30:00,3506.7,3556.35,3506.7,3553.05,0
22/09/2006 15:30:00,3554.05,3562.45,3525.4,3544.05,0
25/09/2006 15:30:00,3545.1,3568.65,3514.85,3523.45,0
26/09/2006 15:30:00,3523.7,3576.75,3517.15,3571.75,0
27/09/2006 15:30:00,3571.75,3603.7,3568.4,3579.3,0
28/09/2006 15:30:00,3579.95,3589.3,3560.75,3571.75,0
29/09/2006 15:30:00,3572.15,3599.8,3564.7,3588.4,0
03/10/2006 15:30:00,3588.95,3606.2,3561.7,3569.6,0
04/10/2006 15:30:00,3570.95,3580.05,3508.65,3515.35,0
05/10/2006 15:30:00,3515.6,3574.95,3515.6,3564.9,0
06/10/2006 15:30:00,3565.45,3583.75,3560.9,3569.7,0
09/10/2006 15:30:00,3570.05,3585.35,3540.45,3567.15,0
10/10/2006 15:30:00,3567.45,3597.2,3563.1,3571.05,0
11/10/2006 15:30:00,3581.55,3614.5,3544.25,3558.55,0
12/10/2006 15:30:00,3562.55,3626.8,3545.95,3621.05,0
13/10/2006 15:30:00,3621.65,3682.35,3621.65,3676.05,0
16/10/2006 15:30:00,3668.9,3729.7,3668.9,3723.95,0
17/10/2006 15:30:00,3726.4,3742.5,3691.35,3715,0
18/10/2006 15:30:00,3715.2,3727,3701.3,3710.65,0
19/10/2006 15:30:00,3711.1,3726.95,3655.05,3677.8,0
20/10/2006 15:30:00,3678.75,3714.25,3665.5,3676.85,0
23/10/2006 15:30:00,3683.4,3690.85,3651.2,3657.3,0
26/10/2006 15:30:00,3656.2,3686.85,3651.2,3677.55,0
27/10/2006 15:30:00,3676.85,3747.35,3674.8,3739.35,0
30/10/2006 15:30:00,3739.35,3776.05,3719.45,3769.1,0
31/10/2006 15:30:00,3770.5,3782.85,3726.75,3744.1,0
01/11/2006 15:30:00,3744.1,3777.7,3737,3767.05,0
02/11/2006 15:30:00,3769.4,3805.5,3761.9,3791.2,0
03/11/2006 15:30:00,3793.05,3809.65,3771,3805.35,0
06/11/2006 15:30:00,3804.75,3822.4,3798.25,3809.25,0
07/11/2006 15:30:00,3812.15,3840.45,3789.4,3798.75,0
08/11/2006 15:30:00,3799.2,3809.95,3737.2,3777.3,0
09/11/2006 15:30:00,3777.8,3808.2,3769.8,3796.4,0
10/11/2006 15:30:00,3796.05,3842.4,3785.4,3834.75,0
13/11/2006 15:30:00,3834.8,3862.05,3834,3858.75,0
14/11/2006 15:30:00,3862,3883,3850.75,3865.9,0
15/11/2006 15:30:00,3865.95,3888.8,3838.25,3876.3,0
16/11/2006 15:30:00,3876.4,3900.4,3863.85,3876.85,0
17/11/2006 15:30:00,3877,3891.85,3835.7,3852.8,0
20/11/2006 15:30:00,3852.65,3866.95,3794.3,3856.15,0
21/11/2006 15:30:00,3859.5,3921.7,3856.75,3918.25,0
22/11/2006 15:30:00,3918.3,3960,3909.6,3954.75,0
23/11/2006 15:30:00,3955.3,3976.8,3933.7,3945.45,0
24/11/2006 15:30:00,3945.45,3965.8,3935.3,3950.85,0
27/11/2006 15:30:00,3974.95,3974.95,3948.85,3968.9,0
28/11/2006 15:30:00,3966,3966,3911.55,3921.75,0
29/11/2006 15:30:00,3922.5,3952.4,3920,3928.2,0
30/11/2006 15:30:00,3929.4,3973,3929.4,3954.5,0
01/12/2006 15:30:00,3955.7,4001.3,3953.95,3997.6,0
04/12/2006 15:30:00,4002.4,4015.25,3991.55,4001,0
05/12/2006 15:30:00,4001.25,4033.2,4001.25,4015.75,0
06/12/2006 15:30:00,4016,4036.2,3982.5,4015.95,0
07/12/2006 15:30:00,4015,4027.7,4001.4,4015.35,0
08/12/2006 15:30:00,4015.75,4046.85,3948.7,3962,0
11/12/2006 15:30:00,3961.9,3965.05,3798.3,3849.5,0
12/12/2006 15:30:00,3849.5,3861.15,3661.95,3716.9,0
13/12/2006 15:30:00,3716.75,3777.6,3657.65,3765.2,0
14/12/2006 15:30:00,3765.7,3855.05,3763.5,3843.05,0
15/12/2006 15:30:00,3849.6,3908.45,3845.45,3888.65,0
18/12/2006 15:30:00,3888.2,3934,3828.15,3928.75,0
19/12/2006 15:30:00,3928.85,3931.9,3783.45,3832,0
20/12/2006 15:30:00,3845.6,3885.3,3787.65,3815.55,0
21/12/2006 15:30:00,3814.75,3851.2,3768.8,3833.5,0
22/12/2006 15:30:00,3834.9,3880.15,3823.4,3871.15,0
26/12/2006 15:30:00,3871.3,3946.1,3870.45,3940.5,0
27/12/2006 15:30:00,3942.75,3986.75,3937.7,3974.25,0
28/12/2006 15:30:00,3974.2,3997.35,3961.95,3970.55,0
29/12/2006 15:30:00,3971.65,3991.6,3960.45,3966.4,0
02/01/2007 15:30:00,3966.25,4016.65,3964.95,4007.4,0
03/01/2007 15:30:00,4007.7,4029.8,3985,4024.05,0
04/01/2007 15:30:00,4036.95,4039.9,3980,3982.9,0
05/01/2007 15:30:00,3993.1,4011.4,3969.95,3985.8,0
08/01/2007 15:30:00,3980.3,3980.3,3913.35,3929.8,0
09/01/2007 15:30:00,3947.3,3963.55,3890.8,3920,0
10/01/2007 15:30:00,3905.95,3909.4,3841.85,3854.3,0
11/01/2007 15:30:00,3853.65,3952.6,3837.2,3950.45,0
12/01/2007 15:30:00,3973.05,4057.05,3973.05,4056.35,0
15/01/2007 15:30:00,4065.55,4098.05,4065.55,4077.15,0
16/01/2007 15:30:00,4103.1,4106.35,4068.2,4085.15,0
17/01/2007 15:30:00,4087.05,4096.6,4072.2,4076.35,0
18/01/2007 15:30:00,4084.45,4140.2,4080.45,4112.15,0
19/01/2007 15:30:00,4124.35,4136.1,4058.35,4090.5,0
22/01/2007 15:30:00,4106.5,4114.1,4070.05,4101.9,0
23/01/2007 15:30:00,4099.25,4100.45,4057.05,4058.8,0
24/01/2007 15:30:00,4079.35,4098.1,4067.6,4096.15,0
25/01/2007 15:30:00,4118.35,4157.3,4090.2,4143.55,0
29/01/2007 15:30:00,4161.7,4161.7,4116.3,4120.6,0
31/01/2007 15:30:00,4132.95,4137.65,4069,4082.7,0
01/02/2007 15:30:00,4100.95,4140.8,4081.4,4137.2,0
02/02/2007 15:30:00,4136.85,4198.5,4136.85,4183.5,0
05/02/2007 15:30:00,4196.65,4218.25,4171.2,4215.35,0
06/02/2007 15:30:00,4211.55,4225.85,4186.8,4195.9,0
07/02/2007 15:30:00,4198.25,4231.35,4193.25,4224.25,0
08/02/2007 15:30:00,4237.6,4242,4188.55,4223.4,0
09/02/2007 15:30:00,4235.3,4238.6,4172.65,4187.4,0
12/02/2007 15:30:00,4162.25,4165.75,4044.85,4058.3,0
13/02/2007 15:30:00,4054.6,4132.4,3999.4,4044.55,0
14/02/2007 15:30:00,4033.2,4056.9,3971.1,4047.1,0
15/02/2007 15:30:00,4082.55,4154.6,4082.55,4146.2,0
19/02/2007 15:30:00,4155.9,4177.4,4155.9,4164.55,0
20/02/2007 15:30:00,4166.2,4174.3,4100.25,4106.95,0
21/02/2007 15:30:00,4111.55,4132.75,4081.35,4096.2,0
22/02/2007 15:30:00,4102.45,4126.65,4024.7,4040,0
23/02/2007 15:30:00,4058.2,4061.4,3919,3938.95,0
26/02/2007 15:30:00,3948.6,3958.4,3856.85,3942,0
27/02/2007 15:30:00,3942.5,3953.4,3874.35,3893.9,0
28/02/2007 15:30:00,3787.1,3841.1,3683.9,3745.3,0
01/03/2007 15:30:00,3765.3,3818,3718.7,3811.2,0
02/03/2007 15:30:00,3809.6,3841.3,3773.5,3782.15,0
05/03/2007 15:30:00,3601.1,3623.65,3554.7,3576.5,0
06/03/2007 15:30:00,3637.75,3679.05,3581.25,3655.65,0
07/03/2007 15:30:00,3656.75,3713.7,3569.15,3626.85,0
08/03/2007 15:30:00,3691.95,3778.6,3691.75,3761.65,0
09/03/2007 15:30:00,3775.4,3794.75,3684.9,3718,0
12/03/2007 15:30:00,3732.2,3781.45,3718.1,3734.6,0
13/03/2007 15:30:00,3734.8,3772.4,3734.6,3754.65,0
14/03/2007 15:30:00,3687.25,3687.25,3629.75,3641.1,0
15/03/2007 15:30:00,3685.4,3710.75,3631.85,3643.6,0
16/03/2007 15:30:00,3681.05,3681.05,3574.3,3608.55,0
19/03/2007 15:30:00,3603,3683.15,3603,3678.9,0
20/03/2007 15:30:00,3680.7,3724,3680.7,3697.6,0
21/03/2007 15:30:00,3693.65,3770.9,3681.15,3764.55,0
22/03/2007 15:30:00,3803.95,3880.6,3800,3875.9,0
23/03/2007 15:30:00,3884.35,3901.45,3851.2,3861.05,0
26/03/2007 15:30:00,3862.6,3884.1,3769.65,3819.95,0
28/03/2007 15:30:00,3785.35,3802.85,3753.45,3761.1,0
29/03/2007 15:30:00,3777.2,3805.85,3752.2,3798.1,0
30/03/2007 15:30:00,3805.9,3831.4,3794.6,3821.55,0
02/04/2007 15:30:00,3768.45,3768.45,3618.6,3633.6,0
03/04/2007 15:30:00,3651.1,3702.1,3641.35,3690.65,0
04/04/2007 15:30:00,3709,3751,3709,3733.25,0
05/04/2007 15:30:00,3733.25,3771.4,3710.2,3752,0
09/04/2007 15:30:00,3762.8,3850.4,3762.8,3843.5,0
10/04/2007 15:30:00,3848.1,3858.3,3819.65,3848.15,0
11/04/2007 15:30:00,3859.15,3876.05,3845.05,3862.65,0
12/04/2007 15:30:00,3835.05,3849.6,3811.75,3829.85,0
13/04/2007 15:30:00,3838.25,3924.1,3830,3917.35,0
16/04/2007 15:30:00,3939.4,4016.45,3939.4,4013.35,0
17/04/2007 15:30:00,4023.8,4028.25,3976.35,3984.95,0
18/04/2007 15:30:00,3989,4038.7,3989,4011.6,0
19/04/2007 15:30:00,3974.1,4010.5,3933.6,3997.65,0
20/04/2007 15:30:00,4027.75,4089.9,4027.75,4083.55,0
23/04/2007 15:30:00,4098.85,4119.6,4075.45,4085.1,0
24/04/2007 15:30:00,4075.35,4161.75,4060.1,4141.8,0
25/04/2007 15:30:00,4141.05,4171.05,4114.6,4167.3,0
26/04/2007 15:30:00,4172.25,4214.75,4143.65,4177.85,0
27/04/2007 15:30:00,4154.55,4159.15,4074.85,4083.5,0
30/04/2007 15:30:00,4067.65,4095.6,4029.4,4087.9,0
03/05/2007 15:30:00,4106.8,4160.7,4106.8,4150.85,0
04/05/2007 15:30:00,4163.1,4180.2,4110.15,4117.35,0
07/05/2007 15:30:00,4132.75,4152.5,4103.9,4111.15,0
08/05/2007 15:30:00,4109.4,4135.5,4066.75,4077,0
09/05/2007 15:30:00,4085.15,4086.05,4030.7,4079.3,0
10/05/2007 15:30:00,4098.7,4134.2,4058,4066.8,0
11/05/2007 15:30:00,3995.75,4094.4,3992.15,4076.65,0
14/05/2007 15:30:00,4107.35,4150.85,4107.35,4134.3,0
15/05/2007 15:30:00,4136.5,4149.6,4102.7,4120.3,0
16/05/2007 15:30:00,4134.2,4180.2,4113.1,4170.95,0
17/05/2007 15:30:00,4193.4,4231.45,4193.4,4219.55,0
18/05/2007 15:30:00,4214.05,4227.95,4177.15,4214.5,0
21/05/2007 15:30:00,4233.15,4269.1,4233.15,4260.9,0
22/05/2007 15:30:00,4234.55,4281.3,4234.55,4278.1,0
23/05/2007 15:30:00,4289.3,4290.05,4231.1,4246.2,0
24/05/2007 15:30:00,4236.8,4246.5,4189.45,4204.9,0
25/05/2007 15:30:00,4184.1,4255.65,4145.55,4248.15,0
28/05/2007 15:30:00,4277.75,4295,4250.65,4256.55,0
29/05/2007 15:30:00,4256.5,4298.45,4249.1,4293.25,0
30/05/2007 15:30:00,4301,4301,4241.6,4249.65,0
31/05/2007 15:30:00,4257.4,4305.75,4257.4,4295.8,0
01/06/2007 15:30:00,4312.8,4325.55,4288.75,4297.05,0
04/06/2007 15:30:00,4321.15,4325.5,4257.3,4267.05,0
05/06/2007 15:30:00,4269.6,4292.3,4249.55,4284.65,0
06/06/2007 15:30:00,4259.95,4294.5,4192.05,4198.25,0
07/06/2007 15:30:00,4166.95,4229.8,4162,4179.5,0
08/06/2007 15:30:00,4154.3,4195.1,4128.05,4145,0
11/06/2007 15:30:00,4170.55,4204.25,4135.5,4145.6,0
12/06/2007 15:30:00,4136.75,4166.6,4100.9,4155.2,0
13/06/2007 15:30:00,4160.85,4160.85,4103.7,4113.05,0
14/06/2007 15:30:00,4150.3,4173.4,4142.35,4170,0
15/06/2007 15:30:00,4185.7,4209.15,4154.3,4171.45,0
18/06/2007 15:30:00,4185.1,4207.45,4140.45,4147.1,0
19/06/2007 15:30:00,4142.55,4222.2,4136.55,4214.3,0
20/06/2007 15:30:00,4226.4,4256.95,4226.4,4248.65,0
21/06/2007 15:30:00,4227.35,4274.5,4227.35,4267.4,0
22/06/2007 15:30:00,4270.4,4278.4,4242.7,4252.05,0
25/06/2007 15:30:00,4259.15,4263.95,4236.55,4259.4,0
26/06/2007 15:30:00,4260.85,4295.2,4251.2,4285.7,0
27/06/2007 15:30:00,4291.05,4292.5,4255.45,4263.95,0
28/06/2007 15:30:00,4265.05,4291.1,4257.1,4282,0
29/06/2007 15:30:00,4284.15,4321,4284.15,4318.3,0
02/07/2007 15:30:00,4321.5,4346.3,4305.6,4313.75,0
03/07/2007 15:30:00,4326.65,4362.65,4326.65,4357.55,0
04/07/2007 15:30:00,4377.3,4385.5,4342.1,4359.3,0
05/07/2007 15:30:00,4355.35,4378.05,4312,4353.95,0
06/07/2007 15:30:00,4325.3,4396.8,4325.3,4384.85,0
09/07/2007 15:30:00,4391.55,4426.25,4391.55,4419.4,0
10/07/2007 15:30:00,4430.15,4434.25,4393.3,4406.05,0
11/07/2007 15:30:00,4389.15,4411.35,4350.95,4387.15,0
12/07/2007 15:30:00,4390.25,4451.45,4390.25,4446.15,0
13/07/2007 15:30:00,4480.65,4512.75,4474.9,4504.55,0
16/07/2007 15:30:00,4512.1,4520.8,4496.25,4512.15,0
17/07/2007 15:30:00,4527.6,4550.05,4488.7,4496.75,0
18/07/2007 15:30:00,4499.15,4508.85,4453.3,4499.55,0
19/07/2007 15:30:00,4501.6,4571.75,4501.6,4562.1,0
20/07/2007 15:30:00,4573.4,4600.1,4554,4566.05,0
23/07/2007 15:30:00,4561.55,4628,4548.8,4619.35,0
24/07/2007 15:30:00,4627.6,4647.6,4610.15,4620.75,0
25/07/2007 15:30:00,4607.95,4613.2,4556.75,4588.7,0
26/07/2007 15:30:00,4600.25,4623.35,4571.45,4619.8,0
27/07/2007 15:30:00,4564.8,4564.8,4424.95,4445.2,0
30/07/2007 15:30:00,4447.45,4493,4405.55,4440.05,0
31/07/2007 15:30:00,4462.4,4533.8,4433.45,4528.85,0
01/08/2007 15:30:00,4508.5,4508.5,4339.9,4345.85,0
02/08/2007 15:30:00,4369.35,4399.6,4327.65,4356.35,0
03/08/2007 15:30:00,4371.6,4427.9,4371.6,4401.55,0
06/08/2007 15:30:00,4388.1,4388.1,4274.3,4339.5,0
07/08/2007 15:30:00,4382.95,4405.2,4348.5,4356.35,0
08/08/2007 15:30:00,4383.8,4471.8,4383.8,4462.1,0
09/08/2007 15:30:00,4474.4,4529.8,4391.3,4403.2,0
10/08/2007 15:30:00,4395.5,4395.5,4247.4,4333.35,0
13/08/2007 15:30:00,4343.6,4383.6,4335.1,4373.65,0
14/08/2007 15:30:00,4366.35,4391.8,4354.5,4370.2,0
16/08/2007 15:30:00,4220.55,4220.55,4172.8,4178.6,0
17/08/2007 15:30:00,4165.2,4167.2,4003.2,4108.05,0
20/08/2007 15:30:00,4149.95,4261.15,4149.95,4209.05,0
21/08/2007 15:30:00,4224.6,4235.25,4059.1,4074.9,0
22/08/2007 15:30:00,4106.55,4164.45,4040.5,4153.15,0
23/08/2007 15:30:00,4191.65,4245.7,4102.35,4114.95,0
24/08/2007 15:30:00,4131.55,4201.1,4110.65,4190.15,0
27/08/2007 15:30:00,4225.65,4309.35,4225.65,4302.6,0
28/08/2007 15:30:00,4296.55,4328.95,4280.95,4320.7,0
29/08/2007 15:30:00,4279.9,4368.55,4229.85,4359.3,0
30/08/2007 15:30:00,4373,4421.65,4373,4412.3,0
31/08/2007 15:30:00,4417.35,4471.15,4403.9,4464,0
03/09/2007 15:30:00,4486.9,4489.55,4452.95,4474.75,0
04/09/2007 15:30:00,4496.75,4501.05,4460.95,4479.25,0
06/09/2007 15:30:00,4466.8,4521.85,4447.1,4518.6,0
07/09/2007 15:30:00,4520.5,4547.35,4500.55,4509.5,0
10/09/2007 15:30:00,4478.55,4515.1,4453,4507.85,0
11/09/2007 15:30:00,4518.8,4538.45,4487.7,4497.05,0
12/09/2007 15:30:00,4497.2,4529.5,4491.25,4496.85,0
13/09/2007 15:30:00,4500.95,4540.5,4500.95,4528.95,0
14/09/2007 15:30:00,4555.25,4582.2,4509.1,4518,0
17/09/2007 15:30:00,4527.65,4548.7,4483.75,4494.65,0
18/09/2007 15:30:00,4495.3,4551.35,4481.8,4546.2,0
19/09/2007 15:30:00,4584.95,4738.35,4584.95,4732.35,0
20/09/2007 15:30:00,4746.45,4760.45,4721.7,4747.55,0
21/09/2007 15:30:00,4738,4855.15,4738,4837.55,0
24/09/2007 15:30:00,4852.9,4939.75,4852.9,4932.2,0
25/09/2007 15:30:00,4939.1,4953.9,4878.15,4938.85,0
26/09/2007 15:30:00,4937.6,4980.65,4931.6,4940.5,0
27/09/2007 15:30:00,4970.4,5014.2,4970,5000.55,0
28/09/2007 15:30:00,5012.25,5055.4,5001.3,5021.35,0
01/10/2007 15:30:00,5022.9,5088.45,5001.5,5068.95,0
03/10/2007 15:30:00,5096.9,5260.95,5035.8,5210.8,0
04/10/2007 15:30:00,5211.2,5232,5127.5,5208.65,0
05/10/2007 15:30:00,5212.35,5248.1,5166.4,5185.85,0
08/10/2007 15:30:00,5204.55,5247.65,5025.6,5085.1,0
09/10/2007 15:30:00,5051.6,5344.7,5051.6,5327.25,0
10/10/2007 15:30:00,5349.45,5453.95,5349.45,5441.45,0
11/10/2007 15:30:00,5465.65,5531.5,5424.5,5524.85,0
12/10/2007 15:30:00,5523.5,5548.8,5405.05,5428.25,0
15/10/2007 15:30:00,5465.9,5682.2,5465.9,5670.4,0
16/10/2007 15:30:00,5686.45,5706.55,5580.05,5668.05,0
17/10/2007 15:30:00,5383.8,5595.1,5143.9,5559.3,0
18/10/2007 15:30:00,5594.15,5736.6,5271.25,5351,0
19/10/2007 15:30:00,5367.95,5367.95,5102.55,5215.3,0
22/10/2007 15:30:00,5125.25,5247.15,5075.05,5184,0
23/10/2007 15:30:00,5268.65,5486.65,5268.65,5473.7,0
24/10/2007 15:30:00,5543.6,5577.1,5419.65,5496.15,0
25/10/2007 15:30:00,5495.75,5602.5,5470.6,5568.95,0
26/10/2007 15:30:00,5587.95,5715.9,5515.35,5702.3,0
29/10/2007 15:30:00,5767.4,5922.05,5767.4,5905.9,0
30/10/2007 15:30:00,5937.8,5975.55,5836.4,5868.75,0
31/10/2007 15:30:00,5888.2,5951.95,5861.65,5900.65,0
01/11/2007 15:30:00,5983.15,6011.05,5838.45,5866.45,0
02/11/2007 15:30:00,5758.3,5943.65,5720.05,5932.4,0
05/11/2007 15:30:00,5924.15,5947.9,5821,5847.3,0
06/11/2007 15:30:00,5861.6,5956.7,5761.1,5786.5,0
07/11/2007 15:30:00,5823.5,5860.05,5745.7,5782.35,0
08/11/2007 15:30:00,5697.4,5740.6,5650.35,5698.75,0
09/11/2007 15:30:00,5739.35,5779.25,5614.9,5663.25,0
12/11/2007 15:30:00,5574.2,5633.55,5478.75,5617.1,0
13/11/2007 15:30:00,5624.8,5757.65,5592.2,5695.4,0
14/11/2007 15:30:00,5789,5949.3,5789,5937.9,0
15/11/2007 15:30:00,5953.8,5966.3,5895.9,5912.1,0
16/11/2007 15:30:00,5911.3,5947.7,5829.05,5906.85,0
19/11/2007 15:30:00,5945.3,5978.9,5894.5,5907.65,0
20/11/2007 15:30:00,5873.35,5923.45,5756.45,5780.9,0
21/11/2007 15:30:00,5780.25,5780.25,5531.8,5561.05,0
22/11/2007 15:30:00,5588.05,5607.45,5395.5,5519.35,0
23/11/2007 15:30:00,5586.2,5638.25,5515.3,5608.6,0
26/11/2007 15:30:00,5665,5771.45,5665,5731.7,0
27/11/2007 15:30:00,5743.55,5743.55,5655.75,5698.15,0
28/11/2007 15:30:00,5707.7,5747.8,5597.4,5617.55,0
29/11/2007 15:30:00,5701.95,5723.1,5613.45,5634.6,0
30/11/2007 15:30:00,5656.4,5781.7,5656.4,5762.75,0
03/12/2007 15:30:00,5784.4,5878.8,5784.4,5865,0
04/12/2007 15:30:00,5870.2,5896.85,5840.8,5858.35,0
05/12/2007 15:30:00,5874.2,5947.4,5869.9,5940,0
06/12/2007 15:30:00,5987.7,6025.8,5920.9,5954.7,0
07/12/2007 15:30:00,5990.3,6039.8,5895,5974.3,0
10/12/2007 15:30:00,6007.8,6009.25,5924.05,5960.6,0
11/12/2007 15:30:00,5973.3,6110.3,5973.3,6097.25,0
12/12/2007 15:30:00,6063.05,6173.75,6009.05,6159.3,0
13/12/2007 15:30:00,6168.8,6180.2,6041.3,6058.1,0
14/12/2007 15:30:00,6041,6077.95,6016,6047.7,0
17/12/2007 15:30:00,6037.95,6039.95,5740.6,5777,0
19/12/2007 15:30:00,5730.25,5840.8,5676.7,5751.15,0
20/12/2007 15:30:00,5751.75,5799.5,5742.75,5766.5,0
24/12/2007 15:30:00,5771.3,6001.05,5771.3,5985.1,0
26/12/2007 15:30:00,5988.45,6085.25,5988.45,6070.75,0
27/12/2007 15:30:00,6069,6110.85,6060.2,6081.5,0
28/12/2007 15:30:00,6079.55,6098.6,6021.9,6079.7,0
31/12/2007 15:30:00,6095,6167.75,6095,6138.6,0
01/01/2008 15:30:00,6136.75,6165.35,6109.85,6144.35,0
02/01/2008 15:30:00,6144.7,6197,6060.85,6179.4,0
03/01/2008 15:30:00,6184.25,6230.15,6126.4,6178.55,0
04/01/2008 15:30:00,6179.1,6300.05,6179.1,6274.3,0
07/01/2008 15:30:00,6271,6289.8,6193.35,6279.1,0
08/01/2008 15:30:00,6282.45,6357.1,6221.6,6287.85,0
09/01/2008 15:30:00,6287.55,6338.3,6231.25,6272,0
10/01/2008 15:30:00,6278.1,6347,6142.9,6156.95,0
11/01/2008 15:30:00,6166.65,6224.2,6112.55,6200.1,0
14/01/2008 15:30:00,6208.8,6244.15,6172,6206.8,0
15/01/2008 15:30:00,6226.35,6260.45,6053.3,6074.25,0
16/01/2008 15:30:00,6065,6065,5825.75,5935.75,0
17/01/2008 15:30:00,5937.95,6013.15,5880.3,5913.2,0
18/01/2008 15:30:00,5907.75,5908.75,5677,5705.3,0
21/01/2008 15:30:00,5705,5705,4977.1,5208.8,0
22/01/2008 15:30:00,5203.35,5203.35,4448.5,4899.3,0
23/01/2008 15:30:00,4903.05,5328.05,4891.6,5203.4,0
24/01/2008 15:30:00,5208,5357.2,4995.8,5033.45,0
25/01/2008 15:30:00,5035.05,5399.25,5035.05,5383.35,0
28/01/2008 15:30:00,5380.95,5380.95,5071,5274.1,0
29/01/2008 15:30:00,5279.55,5391.6,5225.25,5280.8,0
30/01/2008 15:30:00,5283.75,5314.3,5142.25,5167.6,0
31/01/2008 15:30:00,5172.25,5251.65,5071.15,5137.45,0
01/02/2008 15:30:00,5140.6,5339.95,5090.75,5317.25,0
04/02/2008 15:30:00,5315.55,5545.2,5315.55,5463.5,0
05/02/2008 15:30:00,5463.75,5500.6,5412.95,5483.9,0
06/02/2008 15:30:00,5470.4,5470.4,5257.05,5322.55,0
07/02/2008 15:30:00,5322.55,5344.6,5113.85,5133.25,0
08/02/2008 15:30:00,5132.1,5173.85,5034.25,5120.35,0
11/02/2008 15:30:00,5120.55,5126.4,4803.6,4857,0
12/02/2008 15:30:00,4877.85,4949.6,4820.45,4838.25,0
13/02/2008 15:30:00,4836.55,4986.55,4836.55,4929.45,0
14/02/2008 15:30:00,4944.65,5220.25,4944.65,5202,0
15/02/2008 15:30:00,5202.85,5315.4,5104.75,5302.9,0
18/02/2008 15:30:00,5304.45,5348.6,5224,5276.9,0
19/02/2008 15:30:00,5278.4,5368.45,5262,5280.8,0
20/02/2008 15:30:00,5267.15,5267.15,5116.3,5154.45,0
21/02/2008 15:30:00,5156.9,5241.35,5120.05,5191.8,0
22/02/2008 15:30:00,5183.4,5184,5092.8,5110.75,0
25/02/2008 15:30:00,5112.25,5212.35,5055.15,5200.7,0
26/02/2008 15:30:00,5200.8,5281.2,5200.8,5270.05,0
27/02/2008 15:30:00,5271.4,5368.15,5249.75,5268.4,0
28/02/2008 15:30:00,5266.35,5302.85,5227.15,5285.1,0
29/02/2008 15:30:00,5285,5290.8,5098.35,5223.5,0
03/03/2008 15:30:00,5222.8,5222.8,4936.05,4953,0
04/03/2008 15:30:00,4958.55,4976.7,4812.95,4864.25,0
05/03/2008 15:30:00,4866.85,4936.75,4847.25,4921.4,0
07/03/2008 15:30:00,4918.3,4918.3,4672.25,4771.6,0
10/03/2008 15:30:00,4767.8,4814.95,4620.5,4800.4,0
11/03/2008 15:30:00,4796.3,4888.5,4732.85,4865.9,0
12/03/2008 15:30:00,4869.75,5019.2,4854.75,4872,0
13/03/2008 15:30:00,4868.7,4868.8,4580.15,4623.6,0
14/03/2008 15:30:00,4623.8,4758.95,4607.55,4745.8,0
17/03/2008 15:30:00,4745.45,4745.45,4482.1,4503.1,0
18/03/2008 15:30:00,4519.9,4617.95,4468.55,4533,0
19/03/2008 15:30:00,4534.75,4718.4,4533.9,4573.95,0
24/03/2008 15:30:00,4576.8,4649.45,4539.8,4609.85,0
25/03/2008 15:30:00,4616.8,4896.8,4616.8,4877.5,0
26/03/2008 15:30:00,4878.7,4912.3,4808.65,4828.85,0
27/03/2008 15:30:00,4828.8,4863.75,4769.6,4830.25,0
31/03/2008 15:30:00,4942.15,4947,4703.85,4734.5,0
01/04/2008 15:30:00,4735.65,4800.75,4628.75,4739.55,0
02/04/2008 15:30:00,4741.4,4916.75,4741.4,4754.2,0
03/04/2008 15:30:00,4753.9,4833.25,4738.2,4771.6,0
04/04/2008 15:30:00,4766.7,4791.7,4632.7,4647,0
07/04/2008 15:30:00,4631.35,4798.55,4628.8,4761.2,0
08/04/2008 15:30:00,4760.65,4769.55,4677.8,4709.65,0
09/04/2008 15:30:00,4707.05,4758.25,4667.5,4747.05,0
10/04/2008 15:30:00,4747.55,4799.5,4720.9,4733,0
11/04/2008 15:30:00,4734.35,4817.4,4727.25,4777.8,0
14/04/2008 15:30:00,4734.35,4817.4,4727.25,4777.8,0
15/04/2008 15:30:00,4779.95,4917.1,4708.3,4879.65,0
16/04/2008 15:30:00,4881.65,4951.4,4874.05,4887.3,0
21/04/2008 15:30:00,4955.9,5053.4,4955.9,5037,0
22/04/2008 15:30:00,5037.05,5074.25,4994.05,5049.3,0
23/04/2008 15:30:00,5044.35,5083.5,5003.55,5022.8,0
24/04/2008 15:30:00,5022.9,5072.7,4991.35,4999.85,0
25/04/2008 15:30:00,4999.15,5117.7,4999.15,5111.7,0
28/04/2008 15:30:00,5112.5,5147.45,5079.15,5089.65,0
29/04/2008 15:30:00,5092.4,5210.9,5082.15,5195.5,0
30/04/2008 15:30:00,5198.35,5230.75,5155.85,5165.9,0
02/05/2008 15:30:00,5265.3,5298.85,5197.6,5228.2,0
05/05/2008 15:30:00,5227.25,5254.5,5182.6,5192.25,0
06/05/2008 15:30:00,5192.35,5206.5,5110.9,5144.65,0
07/05/2008 15:30:00,5156.7,5159.05,5101.25,5135.5,0
08/05/2008 15:30:00,5135.8,5143.05,5062.45,5081.7,0
09/05/2008 15:30:00,5070.85,5087.65,4969.4,4982.6,0
12/05/2008 15:30:00,4981,5021.75,4913.8,5012.65,0
13/05/2008 15:30:00,5008.6,5066,4943.75,4957.8,0
14/05/2008 15:30:00,4958.45,5026.1,4932.05,5011.75,0
15/05/2008 15:30:00,5010.9,5118.55,4999.6,5115.25,0
19/05/2008 15:30:00,5115.65,5167.4,5106.4,5157.7,0
20/05/2008 15:30:00,5157,5160.05,5072.4,5104.95,0
21/05/2008 15:30:00,5105.7,5135.55,5048.7,5117.65,0
22/05/2008 15:30:00,5117,5118.9,5010.7,5025.45,0
23/05/2008 15:30:00,5026.55,5059.05,4940.7,4946.55,0
26/05/2008 15:30:00,4953.6,4953.6,4858,4875.05,0
27/05/2008 15:30:00,4877.15,4932,4846.2,4859.8,0
28/05/2008 15:30:00,4862.7,4926.9,4835.65,4918.35,0
29/05/2008 15:30:00,4926.3,4957.4,4801.9,4835.3,0
02/06/2008 15:30:00,4869.25,4908.8,4713,4739.6,0
03/06/2008 15:30:00,4739.3,4739.3,4634,4715.9,0
04/06/2008 15:30:00,4718.7,4731.5,4564.5,4585.6,0
05/06/2008 15:30:00,4586.95,4690.6,4536.25,4676.95,0
06/06/2008 15:30:00,4680.55,4746.3,4614.25,4627.8,0
09/06/2008 15:30:00,4626.45,4626.45,4411.6,4500.95,0
10/06/2008 15:30:00,4522,4522.55,4369.8,4449.8,0
11/06/2008 15:30:00,4469.65,4541.05,4468.05,4523.6,0
12/06/2008 15:30:00,4524.4,4550,4392,4539.35,0
16/06/2008 15:30:00,4536.3,4617.7,4536.3,4572.5,0
17/06/2008 15:30:00,4572.5,4664.05,4561.75,4653,0
18/06/2008 15:30:00,4652.8,4679.75,4569.9,4582.4,0
19/06/2008 15:30:00,4582.55,4585.7,4488.95,4504.25,0
23/06/2008 15:30:00,4351.15,4351.15,4225.5,4266.4,0
24/06/2008 15:30:00,4271.05,4305.9,4156.1,4191.1,0
25/06/2008 15:30:00,4189.6,4264.55,4093.2,4252.65,0
26/06/2008 15:30:00,4252.6,4324.75,4230,4315.85,0
30/06/2008 15:30:00,4136.25,4163,4021.7,4040.55,0
01/07/2008 15:30:00,4039.75,4075.4,3878.2,3896.75,0
02/07/2008 15:30:00,3895.3,4107.15,3848.25,4093.35,0
03/07/2008 15:30:00,4094.6,4097.35,3874.85,3925.75,0
08/07/2008 15:30:00,4028.7,4028.7,3896.05,3988.55,0
10/07/2008 15:30:00,4155.65,4187.95,4110.4,4162.2,0
14/07/2008 15:30:00,4047.45,4118.1,4004.25,4039.7,0
15/07/2008 15:30:00,4039.3,4040.7,3835.5,3861.1,0
16/07/2008 15:30:00,3861.55,3920.05,3790.2,3816.7,0
17/07/2008 15:30:00,3823.15,3968.75,3823.15,3947.2,0
21/07/2008 15:30:00,4092.2,4168.15,4072.75,4159.5,0
22/07/2008 15:30:00,4158.45,4262.45,4137.95,4240.1,0
23/07/2008 15:30:00,4246.7,4491.55,4246.7,4476.8,0
24/07/2008 15:30:00,4476.2,4539.45,4385.85,4433.55,0
28/07/2008 15:30:00,4282.25,4352.65,4282.25,4332.1,0
29/07/2008 15:30:00,4332.2,4332.2,4159.15,4189.85,0
30/07/2008 15:30:00,4191.2,4327,4191.2,4313.55,0
31/07/2008 15:30:00,4314.35,4342,4285.55,4332.95,0
01/08/2008 15:30:00,4331.6,4422.95,4235.7,4413.55,0
04/08/2008 15:30:00,4426.1,4436.15,4362.9,4395.35,0
05/08/2008 15:30:00,4395.8,4515.15,4376,4502.85,0
06/08/2008 15:30:00,4506.25,4615.9,4503.9,4517.55,0
07/08/2008 15:30:00,4515.25,4580.15,4493.7,4523.85,0
11/08/2008 15:30:00,4529.35,4625.2,4529.35,4620.4,0
12/08/2008 15:30:00,4620.95,4649.85,4525.75,4552.25,0
13/08/2008 15:30:00,4548.05,4572.65,4497.25,4529.05,0
18/08/2008 15:30:00,4430.7,4447.4,4379.85,4393.05,0
19/08/2008 15:30:00,4393.1,4393.7,4316.55,4368.25,0
20/08/2008 15:30:00,4365.45,4434.9,4365.45,4415.75,0
21/08/2008 15:30:00,4416.2,4418.55,4271.3,4283.85,0
25/08/2008 15:30:00,4317.95,4398.8,4317.95,4335.35,0
26/08/2008 15:30:00,4335.2,4345.05,4283.3,4337.5,0
27/08/2008 15:30:00,4336.85,4364.25,4282.65,4292.1,0
28/08/2008 15:30:00,4290.75,4304.5,4201.85,4214,0
29/08/2008 15:30:00,4230.6,4368.8,4230.6,4360,0
01/09/2008 15:30:00,4356.1,4365,4281.35,4348.65,0
03/09/2008 15:30:00,4358.85,4522.4,4343.1,4504,0
04/09/2008 15:30:00,4512.95,4514.6,4419.45,4447.75,0
05/09/2008 15:30:00,4444.7,4444.7,4328.9,4352.3,0
08/09/2008 15:30:00,4358.3,4558,4358.3,4482.3,0
09/09/2008 15:30:00,4485.15,4497.5,4418.95,4468.7,0
10/09/2008 15:30:00,4467.5,4467.5,4382.35,4400.25,0
11/09/2008 15:30:00,4397.25,4399.3,4272.75,4290.3,0
15/09/2008 15:30:00,4231.95,4237.25,3955.4,4072.9,0
16/09/2008 15:30:00,4072.55,4090.1,3919.35,4074.9,0
17/09/2008 15:30:00,4074.8,4116.7,3974.6,4008.25,0
18/09/2008 15:30:00,4005.25,4050.1,3799.55,4038.15,0
22/09/2008 15:30:00,4248.95,4303.25,4202.4,4223.05,0
23/09/2008 15:30:00,4223.9,4224.7,4117.9,4126.9,0
24/09/2008 15:30:00,4125.75,4207.95,4115.85,4161.25,0
25/09/2008 15:30:00,4162.15,4172.6,4077.5,4110.55,0
29/09/2008 15:30:00,3990.2,3997.55,3777.3,3850.05,0
30/09/2008 15:30:00,3848.7,3966.85,3715.05,3921.2,0
02/10/2008 15:30:00,3921.85,4000.5,3861.25,3950.75,0
03/10/2008 15:30:00,3953.55,3969.55,3804.85,3818.3,0
06/10/2008 15:30:00,3817.3,3820.85,3581.6,3602.35,0
07/10/2008 15:30:00,3606.95,3732.65,3537,3606.6,0
08/10/2008 15:30:00,3604.4,3604.4,3329.45,3513.65,0
10/10/2008 15:30:00,3502.05,3502.05,3198.95,3279.95,0
13/10/2008 15:30:00,3272.9,3510.2,3272.9,3490.7,0
14/10/2008 15:30:00,3494.1,3648.25,3491.5,3518.65,0
15/10/2008 15:30:00,3517.9,3518.5,3324.55,3338.4,0
16/10/2008 15:30:00,3333.85,3333.85,3099.9,3269.3,0
17/10/2008 15:30:00,3269.05,3335.95,3046.6,3074.35,0
20/10/2008 15:30:00,3108.2,3238.4,3058.95,3122.8,0
21/10/2008 15:30:00,3125.4,3254.85,3117.35,3234.9,0
22/10/2008 15:30:00,3234.7,3235.75,3051.8,3065.15,0
23/10/2008 15:30:00,3064.8,3085.1,2917.15,2943.15,0
28/10/2008 15:30:00,2526.2,2695.95,2526.2,2684.6,0
30/10/2008 15:30:00,2685.3,2781.25,2631.9,2697.05,0
31/10/2008 15:30:00,2696.3,2921.35,2696.3,2885.6,0
03/11/2008 15:30:00,2885.4,3062.05,2885.4,3043.85,0
04/11/2008 15:30:00,3050.25,3152.3,2985,3142.1,0
05/11/2008 15:30:00,3155.75,3240.55,2971,2994.95,0
06/11/2008 15:30:00,2998.45,3007.8,2860.25,2892.65,0
07/11/2008 15:30:00,2893.25,3010,2860.1,2973,0
10/11/2008 15:30:00,2973.3,3161.25,2973.3,3148.25,0
11/11/2008 15:30:00,3147.2,3147.2,2919.45,2938.65,0
13/11/2008 15:30:00,2937.9,2975.2,2794.95,2848.45,0
17/11/2008 15:30:00,2813.4,2835.7,2694.5,2799.55,0
18/11/2008 15:30:00,2802.45,2802.45,2664.3,2683.15,0
19/11/2008 15:30:00,2682.75,2772.4,2617.9,2635,0
20/11/2008 15:30:00,2634.2,2634.2,2502.9,2553.15,0
24/11/2008 15:30:00,2690.85,2740.35,2633.8,2708.25,0
25/11/2008 15:30:00,2708.3,2790.7,2638.2,2654,0
27/11/2008 15:30:00,2652.45,2762.6,2643.35,2752.25,0
01/12/2008 15:30:00,2755.15,2832.85,2669.5,2682.9,0
02/12/2008 15:30:00,2672.9,2672.9,2570.7,2657.8,0
03/12/2008 15:30:00,2657.5,2693.65,2611.95,2656.45,0
04/12/2008 15:30:00,2656.5,2793.8,2646.35,2788,0
05/12/2008 15:30:00,2786.65,2821.15,2701.35,2714.4,0
08/12/2008 15:30:00,2714.7,2861.55,2714.7,2784,0
09/12/2008 15:30:00,2714.7,2861.55,2714.7,2784,0
10/12/2008 15:30:00,2785.7,2940.15,2785.7,2928.25,0
11/12/2008 15:30:00,2934.05,2945.3,2861.55,2920.15,0
12/12/2008 15:30:00,2915.35,2936.8,2812.55,2921.35,0
15/12/2008 15:30:00,2917.9,3012.1,2917.9,2981.2,0
16/12/2008 15:30:00,2983.6,3052.55,2963.3,3041.75,0
17/12/2008 15:30:00,3040.45,3076.2,2943.5,2954.35,0
18/12/2008 15:30:00,2955.35,3072.55,2922.65,3060.75,0
19/12/2008 15:30:00,3063,3106.8,3036.3,3077.5,0
22/12/2008 15:30:00,3077.25,3110.45,3027.8,3039.3,0
23/12/2008 15:30:00,3039.25,3040,2957.05,2968.65,0
24/12/2008 15:30:00,2967.4,2968,2900.45,2916.85,0
26/12/2008 15:30:00,2919.85,2960.95,2844.8,2857.25,0
29/12/2008 15:30:00,2857.15,2931.8,2812.9,2922.2,0
30/12/2008 15:30:00,2922.55,2999.15,2899.75,2979.5,0
31/12/2008 15:30:00,2979.8,3002.65,2937.35,2959.15,0
01/01/2009 15:30:00,2963.3,3039.25,2963.3,3033.45,0
02/01/2009 15:30:00,3034.6,3079.85,3021.8,3046.75,0
05/01/2009 15:30:00,3058.75,3131.95,3056.45,3121.45,0
06/01/2009 15:30:00,3121.5,3141.8,3056.1,3112.8,0
07/01/2009 15:30:00,3112.8,3147.2,2888.2,2920.4,0
09/01/2009 15:30:00,2919.95,2929.85,2810.25,2873,0
12/01/2009 15:30:00,2868.85,2869.2,2748.55,2773.1,0
13/01/2009 15:30:00,2775,2802.6,2720.8,2744.95,0
14/01/2009 15:30:00,2748.4,2853.25,2748.4,2835.3,0
15/01/2009 15:30:00,2832.3,2832.3,2701.75,2736.7,0
16/01/2009 15:30:00,2737,2835.65,2724.2,2828.45,0
19/01/2009 15:30:00,2828.7,2868.2,2819.9,2846.2,0
20/01/2009 15:30:00,2842.9,2842.9,2758,2796.6,0
21/01/2009 15:30:00,2777.4,2787.3,2690.2,2706.15,0
22/01/2009 15:30:00,2714.7,2744.85,2681.4,2713.8,0
23/01/2009 15:30:00,2705.45,2765.55,2661.65,2678.55,0
27/01/2009 15:30:00,2686.05,2777.3,2685.25,2771.35,0
28/01/2009 15:30:00,2771.1,2855.4,2765.6,2849.5,0
29/01/2009 15:30:00,2849.35,2873.85,2795.35,2823.95,0
30/01/2009 15:30:00,2824.05,2881,2774.1,2874.8,0
02/02/2009 15:30:00,2872.35,2873.45,2760.7,2766.65,0
03/02/2009 15:30:00,2773.5,2831.7,2752.9,2783.9,0
04/02/2009 15:30:00,2780.7,2842.2,2780.7,2803.05,0
05/02/2009 15:30:00,2802.75,2816.8,2754.85,2780.05,0
06/02/2009 15:30:00,2779.35,2852.5,2778.65,2843.1,0
09/02/2009 15:30:00,2843.05,2926.75,2840.15,2919.9,0
10/02/2009 15:30:00,2919.7,2957.4,2891.75,2934.5,0
11/02/2009 15:30:00,2933,2937.5,2877.6,2925.7,0
12/02/2009 15:30:00,2927.4,2939,2886.55,2893.05,0
13/02/2009 15:30:00,2896.95,2969.75,2896.85,2948.35,0
16/02/2009 15:30:00,2948.25,2953.2,2839.1,2848.5,0
17/02/2009 15:30:00,2853.85,2854.65,2757.3,2770.5,0
18/02/2009 15:30:00,2755.15,2806.5,2736.65,2776.15,0
19/02/2009 15:30:00,2776.7,2802.15,2767.6,2789.35,0
20/02/2009 15:30:00,2789.3,2789.3,2709.3,2736.45,0
24/02/2009 15:30:00,2737.25,2746.2,2677.55,2733.9,0
25/02/2009 15:30:00,2733.45,2789.35,2733.45,2762.5,0
26/02/2009 15:30:00,2762.2,2797.8,2731.9,2785.65,0
27/02/2009 15:30:00,2785.7,2787.2,2708.45,2763.65,0
02/03/2009 15:30:00,2764.6,2764.6,2659.55,2674.6,0
03/03/2009 15:30:00,2672.15,2688.5,2611.55,2622.4,0
04/03/2009 15:30:00,2611.95,2655.7,2611.95,2645.2,0
05/03/2009 15:30:00,2645.9,2663.9,2564.1,2576.7,0
06/03/2009 15:30:00,2576.75,2628.1,2539.45,2620.15,0
09/03/2009 15:30:00,2620.1,2621.25,2555.6,2573.15,0
12/03/2009 15:30:00,2574.5,2646.1,2574.5,2617.45,0
13/03/2009 15:30:00,2616.6,2726.15,2616.6,2719.25,0
16/03/2009 15:30:00,2716.05,2781.95,2701.95,2777.25,0
17/03/2009 15:30:00,2776.35,2805.6,2738.7,2757.45,0
18/03/2009 15:30:00,2757.65,2836.05,2752.25,2794.7,0
19/03/2009 15:30:00,2797.05,2822.25,2771.35,2807.15,0
20/03/2009 15:30:00,2807.35,2816.1,2773.65,2807.05,0
23/03/2009 15:30:00,2807.25,2949.75,2807.25,2939.9,0
24/03/2009 15:30:00,2923.8,3017.4,2914.5,2938.7,0
25/03/2009 15:30:00,2938.8,2996.5,2923.3,2984.35,0
26/03/2009 15:30:00,2982.25,3103.35,2982.25,3082.25,0
27/03/2009 15:30:00,3079.4,3123.35,3055.9,3108.65,0
30/03/2009 15:30:00,3108.75,3110.2,2962.4,2978.15,0
31/03/2009 15:30:00,2981.7,3054.3,2966.4,3020.95,0
01/04/2009 15:30:00,3023.85,3069.3,2965.7,3060.35,0
02/04/2009 15:30:00,3061.05,3228.75,3061.05,3211.05,0
06/04/2009 15:30:00,3211.35,3303.9,3211.35,3256.6,0
08/04/2009 15:30:00,3255.35,3357.05,3149.25,3342.95,0
09/04/2009 15:30:00,3346,3401.15,3307.05,3342.05,0
13/04/2009 15:30:00,3342.2,3417.8,3334.15,3382.6,0
15/04/2009 15:30:00,3381.45,3497.55,3311.8,3484.15,0
16/04/2009 15:30:00,3484.35,3511.25,3354.2,3369.5,0
17/04/2009 15:30:00,3369.5,3489.85,3359.25,3384.4,0
20/04/2009 15:30:00,3384.75,3441.1,3339.45,3377.1,0
21/04/2009 15:30:00,3376.85,3414.7,3309.35,3365.3,0
22/04/2009 15:30:00,3364.6,3401.1,3296.9,3330.3,0
23/04/2009 15:30:00,3330.5,3439.9,3310.5,3423.7,0
24/04/2009 15:30:00,3423.6,3491.35,3402.9,3480.75,0
27/04/2009 15:30:00,3481.3,3517.25,3435.3,3470,0
28/04/2009 15:30:00,3469.5,3471.95,3351.5,3362.35,0
29/04/2009 15:30:00,3371.65,3486.4,3366.7,3473.95,0
04/05/2009 15:30:00,3478.7,3664.5,3478.7,3654,0
05/05/2009 15:30:00,3664.5,3682.2,3618.75,3661.9,0
06/05/2009 15:30:00,3662,3717.05,3608.65,3625.05,0
07/05/2009 15:30:00,3617.15,3692.05,3617.15,3683.9,0
08/05/2009 15:30:00,3681.8,3711.25,3582.85,3620.7,0
11/05/2009 15:30:00,3615.75,3660.2,3534.55,3554.6,0
12/05/2009 15:30:00,3554.65,3691.65,3534.2,3681.1,0
13/05/2009 15:30:00,3668.75,3709.6,3610.2,3635.25,0
14/05/2009 15:30:00,3631.9,3631.9,3537.6,3593.45,0
15/05/2009 15:30:00,3597.85,3686.25,3597.85,3671.65,0
18/05/2009 15:30:00,3673.15,4384.3,3673.15,4323.15,0
19/05/2009 15:30:00,4324.95,4509.4,4167.65,4318.45,0
20/05/2009 15:30:00,4318.75,4362.85,4244.7,4270.3,0
21/05/2009 15:30:00,4270.35,4319,4199.2,4210.9,0
22/05/2009 15:30:00,4211.85,4249.5,4155.85,4238.5,0
25/05/2009 15:30:00,4238.1,4270.05,4205.1,4237.55,0
26/05/2009 15:30:00,4239.55,4256.05,4092.25,4116.7,0
27/05/2009 15:30:00,4117.3,4286.45,4115.25,4276.05,0
28/05/2009 15:30:00,4276.15,4354.85,4254.85,4337.1,0
29/05/2009 15:30:00,4340.75,4488.05,4340.75,4448.95,0
01/06/2009 15:30:00,4450.4,4545.4,4450.4,4529.9,0
02/06/2009 15:30:00,4530.45,4586.4,4451.3,4525.25,0
03/06/2009 15:30:00,4525.5,4574.9,4478.6,4530.7,0
04/06/2009 15:30:00,4530.3,4582.2,4453.45,4572.65,0
05/06/2009 15:30:00,4573.3,4636.85,4561.95,4586.9,0
08/06/2009 15:30:00,4582.35,4611.4,4404.65,4429.9,0
09/06/2009 15:30:00,4427.75,4562.45,4365.1,4550.95,0
10/06/2009 15:30:00,4551.7,4688.95,4551.7,4655.25,0
11/06/2009 15:30:00,4657.4,4679.55,4586.15,4637.7,0
12/06/2009 15:30:00,4637.55,4693.2,4566.15,4583.4,0
15/06/2009 15:30:00,4584.65,4601.05,4469.6,4484,0
16/06/2009 15:30:00,4478.1,4537.95,4405.95,4517.8,0
17/06/2009 15:30:00,4515.35,4517.8,4332.8,4356.15,0
18/06/2009 15:30:00,4352.95,4375.3,4222.15,4251.4,0
19/06/2009 15:30:00,4251.1,4326.2,4206.7,4313.6,0
22/06/2009 15:30:00,4314.2,4352.25,4221.9,4235.25,0
23/06/2009 15:30:00,4223.3,4267.45,4143.25,4247,0
24/06/2009 15:30:00,4247.3,4307,4218.25,4292.95,0
25/06/2009 15:30:00,4293.85,4337.95,4221.15,4241.85,0
26/06/2009 15:30:00,4243.95,4383.75,4243.95,4375.5,0
29/06/2009 15:30:00,4375.4,4439.95,4350.9,4390.95,0
30/06/2009 15:30:00,4391.5,4426.75,4267.35,4291.1,0
01/07/2009 15:30:00,4292.3,4362.3,4249.7,4340.9,0
02/07/2009 15:30:00,4373.5,4383.65,4288.75,4348.85,0
03/07/2009 15:30:00,4347.3,4434.45,4298.95,4424.25,0
06/07/2009 15:30:00,4429.6,4479.8,4133.7,4165.7,0
07/07/2009 15:30:00,4166,4231.8,4155.5,4202.15,0
08/07/2009 15:30:00,4201.85,4201.85,4061.1,4078.9,0
09/07/2009 15:30:00,4078.75,4114.9,4039.85,4080.95,0
10/07/2009 15:30:00,4081.4,4129.95,3976.8,4003.9,0
13/07/2009 15:30:00,4003.4,4003.4,3918.75,3974.05,0
14/07/2009 15:30:00,3974.1,4128.9,3974.1,4111.4,0
15/07/2009 15:30:00,4120.8,4249.55,4118.75,4233.5,0
16/07/2009 15:30:00,4223.5,4305,4205.5,4231.4,0
17/07/2009 15:30:00,4231.45,4390.4,4230.15,4374.95,0
20/07/2009 15:30:00,4377.9,4510.3,4377.9,4502.25,0
21/07/2009 15:30:00,4501.5,4524,4436.6,4469.1,0
22/07/2009 15:30:00,4469.3,4557.95,4380.45,4398.9,0
23/07/2009 15:30:00,4409.7,4532.4,4405.95,4523.75,0
24/07/2009 15:30:00,4524.8,4578.75,4504.85,4568.55,0
27/07/2009 15:30:00,4568.65,4596.75,4528.5,4572.3,0
28/07/2009 15:30:00,4572.8,4599.9,4529.15,4564.1,0
29/07/2009 15:30:00,4565.8,4573.85,4420.8,4513.5,0
30/07/2009 15:30:00,4513.1,4582.35,4474.5,4571.45,0
31/07/2009 15:30:00,4571.6,4669.75,4571.6,4636.45,0
03/08/2009 15:30:00,4633.8,4723.75,4617.75,4711.4,0
04/08/2009 15:30:00,4706.25,4731.45,4642.6,4680.5,0
05/08/2009 15:30:00,4680.95,4717.2,4629.85,4694.15,0
06/08/2009 15:30:00,4694.35,4718.15,4559.2,4585.5,0
07/08/2009 15:30:00,4591.9,4591.9,4463.95,4481.4,0
10/08/2009 15:30:00,4486.5,4562.5,4399.85,4437.65,0
11/08/2009 15:30:00,4435,4510.8,4398.9,4471.35,0
12/08/2009 15:30:00,4473.8,4473.8,4359.4,4457.5,0
13/08/2009 15:30:00,4458.55,4614.15,4458.55,4605,0
14/08/2009 15:30:00,4605.15,4619,4559.35,4580.05,0
17/08/2009 15:30:00,4578.8,4578.8,4374.6,4387.9,0
18/08/2009 15:30:00,4389.5,4491.45,4372.65,4458.9,0
19/08/2009 15:30:00,4457.75,4477.55,4353.45,4394.1,0
20/08/2009 15:30:00,4394.35,4492.8,4394.35,4453.45,0
21/08/2009 15:30:00,4453.45,4538.7,4400.9,4528.8,0
24/08/2009 15:30:00,4536.95,4656.3,4536.95,4642.8,0
25/08/2009 15:30:00,4641.65,4672.9,4582.5,4659.35,0
26/08/2009 15:30:00,4659.45,4697.8,4659.1,4680.85,0
27/08/2009 15:30:00,4679,4707.9,4645.15,4688.2,0
28/08/2009 15:30:00,4688.4,4743.75,4651.4,4732.35,0
31/08/2009 15:30:00,4730.85,4730.85,4635,4662.1,0
01/09/2009 15:30:00,4662.2,4735.9,4600.65,4625.35,0
02/09/2009 15:30:00,4624,4650.45,4576.6,4608.35,0
03/09/2009 15:30:00,4608.75,4647.35,4581.05,4593.55,0
04/09/2009 15:30:00,4608.7,4697.2,4580.35,4680.4,0
07/09/2009 15:30:00,4682.4,4790,4679.3,4782.9,0
08/09/2009 15:30:00,4782.85,4842.2,4782.65,4805.25,0
09/09/2009 15:30:00,4804.9,4825.05,4783.5,4814.25,0
10/09/2009 15:30:00,4814.35,4889.05,4807.9,4819.4,0
11/09/2009 15:30:00,4819.4,4856.15,4791.55,4829.55,0
14/09/2009 15:30:00,4830.35,4832.25,4786.25,4808.6,0
15/09/2009 15:30:00,4808.35,4899.45,4808.35,4892.1,0
16/09/2009 15:30:00,4894.65,4966.3,4894.65,4958.4,0
17/09/2009 15:30:00,4958.55,5003.05,4944.15,4965.55,0
18/09/2009 15:30:00,4963.95,4980.85,4931.9,4976.05,0
22/09/2009 15:30:00,4977.1,5036.3,4977.1,5020.2,0
23/09/2009 15:30:00,5019.95,5030.75,4957.05,4969.95,0
24/09/2009 15:30:00,4977.15,5016.7,4904.05,4986.55,0
25/09/2009 15:30:00,4985.1,4994.35,4931.25,4958.95,0
29/09/2009 15:30:00,4959.15,5020.25,4959.1,5006.85,0
30/09/2009 15:30:00,5007.65,5087.6,5004.35,5083.95,0
01/10/2009 15:30:00,5087.2,5110.5,5057.05,5083.4,0
05/10/2009 15:30:00,5076.05,5076.05,4991.95,5003.2,0
06/10/2009 15:30:00,5003.65,5034.7,4921.05,5027.4,0
07/10/2009 15:30:00,5031.7,5077,4972.95,4985.75,0
08/10/2009 15:30:00,5011.25,5043.05,4971.75,5002.25,0
09/10/2009 15:30:00,4993,5032.6,4934.55,4945.2,0
12/10/2009 15:30:00,4945.45,5068.05,4945.45,5054.25,0
14/10/2009 15:30:00,5054.35,5127.4,5054.35,5118.2,0
15/10/2009 15:30:00,5118.55,5152.25,5077.1,5108.85,0
16/10/2009 15:30:00,5108.65,5149.65,5093.2,5142.15,0
20/10/2009 15:30:00,5145.6,5181.95,5102.65,5114.45,0
21/10/2009 15:30:00,5114.85,5117.45,5051.65,5063.6,0
22/10/2009 15:30:00,5063.35,5064.25,4968.45,4988.6,0
23/10/2009 15:30:00,4986.55,5054.95,4983.25,4997.05,0
26/10/2009 15:30:00,4997.15,5033.75,4961.35,4970.9,0
27/10/2009 15:30:00,4970.55,4970.55,4829.5,4846.7,0
28/10/2009 15:30:00,4846.55,4867,4784.1,4826.15,0
29/10/2009 15:30:00,4826.1,4826.1,4738.4,4750.55,0
30/10/2009 15:30:00,4751.1,4853.65,4687.5,4711.7,0
03/11/2009 15:30:00,4712.25,4729.85,4538.5,4563.9,0
04/11/2009 15:30:00,4567.3,4717.8,4565,4710.8,0
05/11/2009 15:30:00,4711.65,4776.35,4610.6,4765.55,0
06/11/2009 15:30:00,4767.5,4836.2,4764.85,4796.15,0
09/11/2009 15:30:00,4796.15,4905.25,4789.9,4898.4,0
10/11/2009 15:30:00,4898.9,4947.7,4860.1,4881.7,0
11/11/2009 15:30:00,4882.3,5016.7,4870.05,5003.95,0
12/11/2009 15:30:00,5004.4,5014.4,4924.75,4952.65,0
13/11/2009 15:30:00,4952.35,5017.9,4942.65,4998.95,0
16/11/2009 15:30:00,4996.5,5073.2,4994,5058.05,0
17/11/2009 15:30:00,5058.95,5074,5010.15,5062.25,0
18/11/2009 15:30:00,5061.5,5079.3,5041.65,5054.7,0
19/11/2009 15:30:00,5043.95,5053.45,4963.7,4989,0
20/11/2009 15:30:00,4988.75,5063.3,4932.8,5052.45,0
23/11/2009 15:30:00,5052.95,5113.1,5052.1,5103.55,0
24/11/2009 15:30:00,5105,5112.85,5053.5,5090.55,0
25/11/2009 15:30:00,5091.55,5138,5078.35,5108.15,0
26/11/2009 15:30:00,5116.45,5116.45,4986.05,5005.55,0
27/11/2009 15:30:00,5005.05,5005.05,4806.7,4941.75,0
30/11/2009 15:30:00,4942.25,5066.35,4942.25,5032.7,0
01/12/2009 15:30:00,5039.7,5130.35,5038.85,5122,0
02/12/2009 15:30:00,5122.75,5161.75,5111.75,5123.25,0
03/12/2009 15:30:00,5124.55,5181,5106.6,5131.7,0
04/12/2009 15:30:00,5131.7,5161.8,5081.85,5108.9,0
07/12/2009 15:30:00,5108.85,5131.3,5051.55,5066.7,0
08/12/2009 15:30:00,5068.55,5152.55,5058.9,5147.95,0
09/12/2009 15:30:00,5147.65,5147.65,5090.6,5112,0
10/12/2009 15:30:00,5112.4,5146.45,5084.65,5134.65,0
11/12/2009 15:30:00,5136.05,5182.55,5088.4,5117.3,0
14/12/2009 15:30:00,5117.45,5156.7,5090.15,5105.7,0
15/12/2009 15:30:00,5105.75,5129.45,5018.25,5033.05,0
16/12/2009 15:30:00,5032.95,5067.25,5001.8,5042.05,0
17/12/2009 15:30:00,5046.65,5064.2,5013.15,5041.75,0
18/12/2009 15:30:00,5042,5043.4,4979.05,4987.7,0
21/12/2009 15:30:00,4983.65,4997.85,4943.95,4952.6,0
22/12/2009 15:30:00,4953.35,4997.3,4953.35,4985.85,0
23/12/2009 15:30:00,4990.05,5150.6,4990.05,5144.6,0
24/12/2009 15:30:00,5144.8,5197.9,5129.05,5178.4,0
29/12/2009 15:30:00,5180.75,5214.6,5175.85,5187.95,0
30/12/2009 15:30:00,5188.75,5197.05,5160.1,5169.45,0
31/12/2009 15:30:00,5171.2,5221.85,5168.75,5201.05,0
04/01/2010 15:30:00,5200.9,5238.45,5167.1,5232.2,0
05/01/2010 15:30:00,5277.15,5288.35,5242.4,5277.9,0
06/01/2010 15:30:00,5278.15,5310.85,5260.05,5281.8,0
07/01/2010 15:30:00,5281.8,5302.55,5244.75,5263.1,0
08/01/2010 15:30:00,5264.25,5276.75,5234.7,5244.75,0
11/01/2010 15:30:00,5263.8,5287.2,5227.8,5249.4,0
12/01/2010 15:30:00,5251.1,5300.5,5200.95,5210.4,0
13/01/2010 15:30:00,5212.6,5239.2,5169.55,5233.95,0
14/01/2010 15:30:00,5234.5,5272.85,5232.5,5259.9,0
15/01/2010 15:30:00,5259.9,5279.85,5242.45,5252.2,0
18/01/2010 15:30:00,5253.65,5292.5,5228.95,5274.85,0
19/01/2010 15:30:00,5274.2,5287.8,5218.65,5225.65,0
20/01/2010 15:30:00,5226.1,5256.7,5201.4,5221.7,0
21/01/2010 15:30:00,5220.2,5220.35,5085.45,5094.15,0
22/01/2010 15:30:00,5094.15,5094.15,4954.85,5036,0
25/01/2010 15:30:00,5034.55,5035.7,4983.05,5007.9,0
27/01/2010 15:30:00,5008.5,5008.5,4833.05,4853.1,0
28/01/2010 15:30:00,4863,4929.9,4824.95,4867.25,0
29/01/2010 15:30:00,4866.15,4893.7,4766,4882.05,0
01/02/2010 15:30:00,4882.05,4918.8,4827.15,4899.7,0
02/02/2010 15:30:00,4907.85,4951.15,4814.1,4830.1,0
03/02/2010 15:30:00,4831,4949.15,4831,4931.85,0
04/02/2010 15:30:00,4931.3,4931.3,4832.35,4845.35,0
05/02/2010 15:30:00,4819.65,4827,4692.35,4718.65,0
08/02/2010 15:30:00,4755.35,4799.05,4675.4,4760.4,0
09/02/2010 15:30:00,4760.55,4810.4,4739.35,4792.65,0
10/02/2010 15:30:00,4793,4826.85,4748.1,4757.2,0
11/02/2010 15:30:00,4757.25,4843.8,4757.25,4826.85,0
15/02/2010 15:30:00,4827.9,4845.6,4783.9,4801.95,0
16/02/2010 15:30:00,4801.8,4880,4791.35,4855.75,0
17/02/2010 15:30:00,4858.65,4929.7,4857.6,4914,0
18/02/2010 15:30:00,4915.1,4922.05,4873.7,4887.75,0
19/02/2010 15:30:00,4887.3,4887.3,4805.55,4844.9,0
22/02/2010 15:30:00,4849.35,4912.05,4845.9,4856.4,0
23/02/2010 15:30:00,4856.6,4884.1,4833.15,4870.05,0
24/02/2010 15:30:00,4869.55,4880.55,4834.65,4858.6,0
25/02/2010 15:30:00,4859,4880.15,4835.6,4859.75,0
26/02/2010 15:30:00,4858.5,4992,4858.45,4922.3,0
02/03/2010 15:30:00,4935.6,5029.45,4935.35,5017,0
03/03/2010 15:30:00,5015.8,5093.25,5015.1,5088.1,0
04/03/2010 15:30:00,5096.95,5096.95,5049,5080.25,0
05/03/2010 15:30:00,5080.55,5118.65,5068.05,5088.7,0
08/03/2010 15:30:00,5092.15,5147.1,5092.15,5124,0
09/03/2010 15:30:00,5121.05,5131.8,5094.35,5101.5,0
10/03/2010 15:30:00,5101.6,5137.4,5092.05,5116.25,0
11/03/2010 15:30:00,5116.35,5152.6,5102.1,5133.4,0
12/03/2010 15:30:00,5131.8,5158.1,5122.1,5137,0
15/03/2010 15:30:00,5134.45,5151.05,5101.2,5128.9,0
16/03/2010 15:30:00,5128.95,5209.25,5125.7,5198.1,0
17/03/2010 15:30:00,5198.45,5260.5,5177.15,5231.9,0
18/03/2010 15:30:00,5232.55,5255.65,5214.4,5245.9,0
19/03/2010 15:30:00,5246.8,5269.95,5237.1,5262.8,0
22/03/2010 15:30:00,5260.95,5260.95,5187.05,5205.2,0
23/03/2010 15:30:00,5205.85,5243.6,5193.4,5225.3,0
25/03/2010 15:30:00,5225.3,5267.3,5202.95,5260.4,0
26/03/2010 15:30:00,5260.55,5293.75,5260.55,5282,0
29/03/2010 15:30:00,5283.9,5329.55,5242.15,5302.85,0
30/03/2010 15:30:00,5302.95,5325,5251.35,5262.45,0
31/03/2010 15:30:00,5260.4,5293.9,5235.15,5249.1,0
01/04/2010 15:30:00,5249.2,5298.6,5249.2,5290.5,0
05/04/2010 15:30:00,5291.4,5377.55,5291.4,5368.4,0
06/04/2010 15:30:00,5369.65,5388.65,5351.7,5366,0
07/04/2010 15:30:00,5365.7,5399.65,5345.05,5374.65,0
08/04/2010 15:30:00,5376.3,5383.65,5290.25,5304.45,0
09/04/2010 15:30:00,5302.4,5377.45,5302.25,5361.75,0
12/04/2010 15:30:00,5354.15,5382.15,5324.9,5339.7,0
13/04/2010 15:30:00,5340.85,5356.5,5301.7,5322.95,0
15/04/2010 15:30:00,5323.3,5373.15,5265.3,5273.6,0
16/04/2010 15:30:00,5273.4,5283.05,5237.55,5262.6,0
19/04/2010 15:30:00,5279.05,5279.05,5160.9,5203.65,0
20/04/2010 15:30:00,5208.3,5257.25,5208.3,5230.1,0
21/04/2010 15:30:00,5230.3,5266.3,5230.3,5244.9,0
22/04/2010 15:30:00,5248.6,5331.8,5221.1,5269.35,0
23/04/2010 15:30:00,5269.65,5311.05,5269.65,5304.1,0
26/04/2010 15:30:00,5299.35,5342.35,5299.35,5322.45,0
27/04/2010 15:30:00,5322.1,5330.55,5301.4,5308.35,0
28/04/2010 15:30:00,5308.2,5308.25,5202.45,5215.45,0
29/04/2010 15:30:00,5215.25,5264.75,5214.8,5254.15,0
30/04/2010 15:30:00,5254.2,5294.8,5254.2,5278,0
03/05/2010 15:30:00,5278.4,5278.7,5210.05,5222.75,0
04/05/2010 15:30:00,5223.9,5250.15,5134.85,5148.5,0
05/05/2010 15:30:00,5148.35,5148.35,5056.5,5124.9,0
06/05/2010 15:30:00,5124.4,5124.9,5037.75,5090.85,0
07/05/2010 15:30:00,5072.3,5085.65,4984.6,5018.05,0
10/05/2010 15:30:00,5026.6,5203.3,5026.6,5193.6,0
11/05/2010 15:30:00,5189.75,5206.7,5126.5,5136.15,0
12/05/2010 15:30:00,5133.75,5172.85,5098.8,5156.65,0
13/05/2010 15:30:00,5157.55,5212.7,5147.95,5178.9,0
14/05/2010 15:30:00,5180.55,5192.75,5070.95,5093.5,0
17/05/2010 15:30:00,5093.9,5094.55,4966.25,5059.9,0
18/05/2010 15:30:00,5059.55,5105.2,5024.25,5066.2,0
19/05/2010 15:30:00,5065.1,5065.1,4908.15,4919.65,0
20/05/2010 15:30:00,4924.3,4980.25,4924.3,4947.6,0
21/05/2010 15:30:00,4946.7,4946.7,4842.3,4931.15,0
24/05/2010 15:30:00,4944.3,5029.55,4923.45,4943.95,0
25/05/2010 15:30:00,4945.3,4946.6,4786.45,4806.75,0
26/05/2010 15:30:00,4807.3,4925.45,4807.3,4917.4,0
27/05/2010 15:30:00,4915.15,5016.6,4897.6,5003.1,0
28/05/2010 15:30:00,5005.6,5077.25,5005.6,5066.55,0
31/05/2010 15:30:00,5076.1,5097.6,5038.55,5086.3,0
01/06/2010 15:30:00,5086.25,5086.95,4961.05,4970.2,0
02/06/2010 15:30:00,4970.75,5031.2,4967.05,5019.85,0
03/06/2010 15:30:00,5020.15,5125.7,5020.15,5110.5,0
04/06/2010 15:30:00,5112.6,5147.9,5091.6,5135.5,0
07/06/2010 15:30:00,5132.95,5132.95,5004.25,5034,0
08/06/2010 15:30:00,5036.7,5071.35,4967.3,4987.1,0
09/06/2010 15:30:00,4985.05,5050.6,4980.1,5000.3,0
10/06/2010 15:30:00,4999.6,5085.2,4997.6,5078.6,0
11/06/2010 15:30:00,5078.75,5139.05,5078.75,5119.35,0
14/06/2010 15:30:00,5120.15,5201.25,5120.15,5197.7,0
15/06/2010 15:30:00,5201.3,5231.45,5171.05,5222.35,0
16/06/2010 15:30:00,5225.05,5255.65,5214.9,5233.35,0
17/06/2010 15:30:00,5233.65,5285.55,5206.55,5274.85,0
18/06/2010 15:30:00,5274.95,5302.3,5245.5,5262.6,0
21/06/2010 15:30:00,5266.5,5366.75,5266.5,5353.3,0
22/06/2010 15:30:00,5353.95,5354.35,5311.05,5316.55,0
23/06/2010 15:30:00,5316.15,5333.3,5288.15,5323.15,0
24/06/2010 15:30:00,5323.25,5348.3,5284.55,5320.6,0
25/06/2010 15:30:00,5320.5,5320.5,5259.9,5269.05,0
28/06/2010 15:30:00,5271.1,5339.45,5270.75,5333.5,0
29/06/2010 15:30:00,5333.55,5334.15,5235.8,5256.15,0
30/06/2010 15:30:00,5254.25,5320.35,5210,5312.5,0
01/07/2010 15:30:00,5312.05,5312.55,5232.1,5251.4,0
02/07/2010 15:30:00,5251.25,5277.25,5225.6,5237.1,0
05/07/2010 15:30:00,5237,5252.75,5225.85,5235.9,0
06/07/2010 15:30:00,5236.1,5297.45,5231.5,5289.05,0
07/07/2010 15:30:00,5293.1,5296.75,5233.45,5241.1,0
08/07/2010 15:30:00,5242,5320.5,5242,5296.85,0
09/07/2010 15:30:00,5297.2,5359.05,5297.2,5352.45,0
12/07/2010 15:30:00,5352.25,5402.7,5351.6,5383,0
13/07/2010 15:30:00,5370.2,5406.2,5357.85,5400.65,0
14/07/2010 15:30:00,5402,5453.45,5371.7,5386.15,0
15/07/2010 15:30:00,5387.1,5399.2,5360.6,5378.75,0
16/07/2010 15:30:00,5376.65,5401.35,5374.4,5393.9,0
19/07/2010 15:30:00,5392.7,5409.1,5361.5,5386.45,0
20/07/2010 15:30:00,5387,5416.45,5353.6,5368,0
21/07/2010 15:30:00,5368.85,5409.1,5368.85,5399.35,0
22/07/2010 15:30:00,5399.15,5447.15,5372.2,5441.95,0
23/07/2010 15:30:00,5441.9,5477.5,5435.15,5449.1,0
26/07/2010 15:30:00,5446.55,5466.25,5409.2,5418.6,0
27/07/2010 15:30:00,5420.2,5450.95,5407.2,5430.6,0
28/07/2010 15:30:00,5436.1,5447.85,5386.25,5397.55,0
29/07/2010 15:30:00,5397.85,5415.85,5381.55,5408.9,0
30/07/2010 15:30:00,5408.4,5413.25,5349.2,5367.6,0
02/08/2010 15:30:00,5369.55,5438.85,5351.3,5431.65,0
03/08/2010 15:30:00,5432.5,5459.2,5426.4,5439.55,0
04/08/2010 15:30:00,5441.35,5481.9,5428.4,5467.85,0
05/08/2010 15:30:00,5470.15,5487.15,5443.1,5447.1,0
06/08/2010 15:30:00,5448.25,5471.9,5431.35,5439.25,0
09/08/2010 15:30:00,5439.8,5492.3,5433.25,5486.15,0
10/08/2010 15:30:00,5486.8,5491.45,5445.35,5460.7,0
11/08/2010 15:30:00,5460.7,5474.6,5412,5420.6,0
12/08/2010 15:30:00,5418.7,5431.1,5372.45,5416.45,0
13/08/2010 15:30:00,5420.65,5476.5,5415.5,5452.1,0
16/08/2010 15:30:00,5452.1,5465.25,5397.4,5418.3,0
17/08/2010 15:30:00,5422.15,5443.55,5408.8,5414.15,0
18/08/2010 15:30:00,5416.25,5487.95,5416.25,5479.15,0
19/08/2010 15:30:00,5478.25,5544.7,5478.1,5540.2,0
20/08/2010 15:30:00,5540.8,5546.6,5513.35,5530.65,0
23/08/2010 15:30:00,5531.15,5549.8,5519.4,5543.5,0
24/08/2010 15:30:00,5541.1,5547.25,5488.45,5505.1,0
25/08/2010 15:30:00,5505.3,5506.15,5452.55,5462.35,0
26/08/2010 15:30:00,5462.1,5486.55,5454.7,5477.9,0
27/08/2010 15:30:00,5489.6,5495.2,5391.95,5408.7,0
30/08/2010 15:30:00,5408.9,5469,5390.35,5415.45,0
31/08/2010 15:30:00,5413.55,5413.9,5348.9,5402.4,0
01/09/2010 15:30:00,5403.05,5478.6,5403.05,5471.85,0
02/09/2010 15:30:00,5471.9,5513.95,5471.85,5486.15,0
03/09/2010 15:30:00,5486.3,5510.4,5473.65,5479.4,0
06/09/2010 15:30:00,5479.55,5589.4,5479.55,5576.95,0
07/09/2010 15:30:00,5575.9,5625.5,5571.65,5604,0
08/09/2010 15:30:00,5604.25,5625.3,5567.75,5607.85,0
09/09/2010 15:30:00,5608.3,5647.45,5608.1,5640.05,0
13/09/2010 15:30:00,5639.2,5770.6,5639.2,5760,0
14/09/2010 15:30:00,5760.3,5838.45,5760.3,5795.55,0
15/09/2010 15:30:00,5795.25,5869.45,5792.2,5860.95,0
16/09/2010 15:30:00,5861.1,5901.65,5815.8,5828.7,0
17/09/2010 15:30:00,5828.7,5898.4,5828.7,5884.95,0
20/09/2010 15:30:00,5885.05,5989.5,5885.05,5980.45,0
21/09/2010 15:30:00,5980.5,6032.8,5961.85,6009.05,0
22/09/2010 15:30:00,6008.4,6037.4,5946.45,5991,0
23/09/2010 15:30:00,5991.05,6006.8,5932.4,5959.55,0
24/09/2010 15:30:00,5959.45,6029.1,5951.2,6018.3,0
27/09/2010 15:30:00,6018.3,6073.5,6018.3,6035.65,0
28/09/2010 15:30:00,6036.05,6049.8,5991.3,6029.5,0
29/09/2010 15:30:00,6029.15,6071.55,5979.65,5991.3,0
30/09/2010 15:30:00,5991.35,6048.45,5963.6,6029.95,0
01/10/2010 15:30:00,6030.3,6153.1,6030.3,6143.4,0
04/10/2010 15:30:00,6144.7,6222.1,6144.7,6159.45,0
05/10/2010 15:30:00,6159.45,6188.35,6118.05,6145.8,0
06/10/2010 15:30:00,6150.95,6223.4,6148.6,6186.45,0
07/10/2010 15:30:00,6186.85,6199.45,6107.5,6120.3,0
08/10/2010 15:30:00,6121.4,6148.6,6067,6103.45,0
11/10/2010 15:30:00,6105.95,6187.75,6105.95,6135.85,0
12/10/2010 15:30:00,6135.95,6144.95,6057.95,6090.9,0
13/10/2010 15:30:00,6091.45,6240.25,6089.75,6233.9,0
14/10/2010 15:30:00,6234.3,6284.1,6157.9,6177.35,0
15/10/2010 15:30:00,6175.9,6200.6,6050.35,6062.65,0
18/10/2010 15:30:00,6112.75,6115.1,5985.1,6075.95,0
19/10/2010 15:30:00,6114.45,6127.05,6008.15,6027.3,0
20/10/2010 15:30:00,6002.95,6038.1,5966.75,5982.1,0
21/10/2010 15:30:00,6008.9,6113.5,5984.9,6101.5,0
22/10/2010 15:30:00,6113.4,6121.1,6041.35,6066.05,0
25/10/2010 15:30:00,6101.25,6151.3,6094.6,6105.8,0
26/10/2010 15:30:00,6116.3,6120.25,6074.65,6082,0
27/10/2010 15:30:00,6075.45,6075.95,5987.55,6012.65,0
28/10/2010 15:30:00,6039.95,6071.1,5968.1,5987.7,0
29/10/2010 15:30:00,6021.15,6032.65,5937.1,6017.7,0
01/11/2010 15:30:00,6092.3,6132.4,6084.75,6117.55,0
02/11/2010 15:30:00,6127.55,6138.1,6094.4,6119,0
03/11/2010 15:30:00,6150.6,6182.5,6146.8,6160.5,0
04/11/2010 15:30:00,6209.6,6290.15,6199.35,6281.8,0
05/11/2010 15:30:00,6321.85,6338.5,6303.1,6307.25,0
08/11/2010 15:30:00,6335.25,6335.9,6265.35,6273.2,0
09/11/2010 15:30:00,6281,6310.9,6243.55,6301.55,0
10/11/2010 15:30:00,6303.2,6307.65,6269.25,6275.7,0
11/11/2010 15:30:00,6286.35,6296.55,6179.5,6194.25,0
12/11/2010 15:30:00,6182.3,6202.5,6056.75,6071.65,0
15/11/2010 15:30:00,6079.9,6128.75,6039.4,6121.6,0
16/11/2010 15:30:00,6143.45,6144.05,5970.6,5988.7,0
18/11/2010 15:30:00,6075.95,6076.2,5906.75,5998.8,0
19/11/2010 15:30:00,6011.3,6013.25,5863.95,5890.3,0
22/11/2010 15:30:00,5920.9,6020.25,5905.15,6010,0
23/11/2010 15:30:00,5971.55,5973.35,5824.95,5934.75,0
24/11/2010 15:30:00,5946.8,5976.65,5833.6,5865.75,0
25/11/2010 15:30:00,5883.95,5907.1,5780.35,5799.75,0
26/11/2010 15:30:00,5828.55,5838.5,5690.35,5751.95,0
29/11/2010 15:30:00,5789.95,5843.15,5754.7,5830,0
30/11/2010 15:30:00,5811.6,5892.25,5768.35,5862.7,0
01/12/2010 15:30:00,5871,5971,5865.55,5960.9,0
02/12/2010 15:30:00,6023.05,6029.5,5980.6,6011.7,0
03/12/2010 15:30:00,6013.35,6025.4,5964.25,5992.8,0
06/12/2010 15:30:00,6033.65,6069.45,5981.7,5992.25,0
07/12/2010 15:30:00,5995.05,6001,5939.7,5976.55,0
08/12/2010 15:30:00,5954.4,5960,5878.6,5903.7,0
09/12/2010 15:30:00,5924.25,5927.3,5742.3,5766.5,0
10/12/2010 15:30:00,5761,5865.5,5721.15,5857.35,0
13/12/2010 15:30:00,5882.65,5913.8,5795.9,5907.65,0
14/12/2010 15:30:00,5928.7,5953.95,5888.75,5944.1,0
15/12/2010 15:30:00,5931.15,5942.75,5865.8,5892.3,0
16/12/2010 15:30:00,5910.55,5956.15,5855.05,5948.75,0
20/12/2010 15:30:00,5926.85,5985,5900.25,5947.05,0
21/12/2010 15:30:00,5960.4,6007.45,5960.05,6000.65,0
22/12/2010 15:30:00,6019,6023.8,5958,5984.4,0
23/12/2010 15:30:00,6005.9,6006.45,5964.6,5980,0
24/12/2010 15:30:00,5940.25,6017.35,5940.25,6011.6,0
27/12/2010 15:30:00,6013.3,6045.75,5991.1,5998.1,0
28/12/2010 15:30:00,6005.35,6010.9,5982.25,5996,0
29/12/2010 15:30:00,6005.15,6067.55,6002.85,6060.35,0
30/12/2010 15:30:00,6062.35,6106.4,6062.35,6101.85,0
31/12/2010 15:30:00,6105.1,6147.3,6103.55,6134.5,0
03/01/2011 15:30:00,6177.45,6178.55,6147.2,6157.6,0
04/01/2011 15:30:00,6172.75,6181.05,6124.4,6146.35,0
05/01/2011 15:30:00,6141.35,6141.35,6062.35,6079.8,0
06/01/2011 15:30:00,6107,6116.15,6022.3,6048.25,0
07/01/2011 15:30:00,6030.9,6051.2,5883.6,5904.6,0
10/01/2011 15:30:00,5901.3,5907.25,5740.95,5762.85,0
11/01/2011 15:30:00,5767.95,5842.6,5698.2,5754.1,0
12/01/2011 15:30:00,5800.05,5874.2,5711.3,5863.25,0
13/01/2011 15:30:00,5850.75,5857.75,5736.7,5751.9,0
14/01/2011 15:30:00,5752.1,5833.65,5639.65,5654.55,0
17/01/2011 15:30:00,5648.8,5696.15,5624.15,5654.75,0
18/01/2011 15:30:00,5682.55,5730.5,5671.25,5724.05,0
19/01/2011 15:30:00,5737.35,5747.65,5662.55,5691.05,0
20/01/2011 15:30:00,5656,5729.45,5634.5,5711.6,0
21/01/2011 15:30:00,5692.05,5717.55,5674.5,5696.5,0
24/01/2011 15:30:00,5717.1,5756,5697.75,5743.25,0
25/01/2011 15:30:00,5763.3,5801.55,5680.65,5687.4,0
27/01/2011 15:30:00,5725.3,5726.1,5594.95,5604.3,0
28/01/2011 15:30:00,5614,5614.4,5459.55,5512.15,0
31/01/2011 15:30:00,5452.55,5526.85,5416.65,5505.9,0
01/02/2011 15:30:00,5537.3,5539.15,5402,5417.2,0
02/02/2011 15:30:00,5469.55,5490.6,5415.65,5432,0
03/02/2011 15:30:00,5430.45,5532.65,5418,5526.75,0
04/02/2011 15:30:00,5519.9,5556.3,5369.05,5395.75,0
07/02/2011 15:30:00,5430.15,5440.35,5376.95,5396,0
08/02/2011 15:30:00,5432.35,5432.35,5303.4,5312.55,0
09/02/2011 15:30:00,5293.05,5339.45,5225.65,5253.55,0
10/02/2011 15:30:00,5246.05,5272.6,5196.8,5225.8,0
11/02/2011 15:30:00,5219.65,5319.45,5177.7,5310,0
14/02/2011 15:30:00,5340.25,5463.8,5340.25,5456,0
15/02/2011 15:30:00,5467.75,5506.5,5408.35,5481,0
16/02/2011 15:30:00,5467.6,5504.8,5460.35,5481.7,0
17/02/2011 15:30:00,5501.7,5553,5463.4,5546.45,0
18/02/2011 15:30:00,5557.55,5599.25,5441.95,5458.95,0
21/02/2011 15:30:00,5456.6,5526.25,5413.1,5518.6,0
22/02/2011 15:30:00,5504.4,5519.45,5437.3,5469.2,0
23/02/2011 15:30:00,5452.45,5495.2,5427.55,5437.35,0
24/02/2011 15:30:00,5408.75,5423.4,5242.5,5262.7,0
25/02/2011 15:30:00,5321.05,5338.2,5232.75,5303.55,0
28/02/2011 15:30:00,5330.15,5477,5308.6,5333.25,0
01/03/2011 15:30:00,5382,5533.05,5373.55,5522.3,0
03/03/2011 15:30:00,5478.45,5570.75,5468.25,5536.2,0
04/03/2011 15:30:00,5586.2,5608.2,5524.1,5538.75,0
07/03/2011 15:30:00,5490.05,5491.25,5408.45,5463.15,0
08/03/2011 15:30:00,5466.1,5530.55,5464.75,5520.8,0
09/03/2011 15:30:00,5542.4,5563.3,5477.45,5531,0
10/03/2011 15:30:00,5516.1,5516.3,5468.45,5494.4,0
11/03/2011 15:30:00,5456.15,5502.7,5411.55,5445.45,0
14/03/2011 15:30:00,5436.5,5537.3,5434.25,5531.5,0
15/03/2011 15:30:00,5420,5497.85,5373.65,5449.65,0
16/03/2011 15:30:00,5475.95,5535.1,5475.95,5511.15,0
17/03/2011 15:30:00,5455.4,5510.05,5435.3,5446.65,0
18/03/2011 15:30:00,5475.35,5483.05,5366.4,5373.7,0
21/03/2011 15:30:00,5408.75,5413.3,5348.2,5364.75,0
22/03/2011 15:30:00,5390.85,5428.15,5376.15,5413.85,0
23/03/2011 15:30:00,5411.4,5484.95,5401.95,5480.25,0
24/03/2011 15:30:00,5501.8,5529,5496.1,5522.4,0
25/03/2011 15:30:00,5588.65,5667.1,5560.95,5654.25,0
28/03/2011 15:30:00,5645.25,5709.1,5643.2,5687.25,0
29/03/2011 15:30:00,5686.5,5770.35,5680.7,5736.35,0
30/03/2011 15:30:00,5755.8,5803.15,5753.9,5787.65,0
31/03/2011 15:30:00,5803.05,5872,5778.65,5833.75,0
01/04/2011 15:30:00,5835,5860.2,5810.4,5826.05,0
04/04/2011 15:30:00,5842,5918.7,5833.2,5908.45,0
05/04/2011 15:30:00,5923.85,5928.65,5855.85,5910.05,0
06/04/2011 15:30:00,5908,5944.45,5868.8,5891.75,0
07/04/2011 15:30:00,5888.55,5906.1,5866.25,5885.7,0
08/04/2011 15:30:00,5886.75,5926.95,5822,5842,0
11/04/2011 15:30:00,5805.35,5830.3,5777.9,5785.7,0
13/04/2011 15:30:00,5747.95,5923.6,5735.55,5911.5,0
15/04/2011 15:30:00,5898.75,5907.35,5806.45,5824.55,0
18/04/2011 15:30:00,5824.35,5897.9,5722.25,5729.1,0
19/04/2011 15:30:00,5716,5762.95,5693.25,5740.75,0
20/04/2011 15:30:00,5786.05,5857.35,5759.65,5851.65,0
21/04/2011 15:30:00,5882.85,5912.9,5864.35,5884.7,0
25/04/2011 15:30:00,5859.6,5906.6,5857,5874.5,0
26/04/2011 15:30:00,5876.85,5893.2,5791.55,5868.4,0
27/04/2011 15:30:00,5884.2,5892.35,5819.95,5833.9,0
28/04/2011 15:30:00,5851.35,5856.4,5776.95,5785.45,0
29/04/2011 15:30:00,5782.5,5804.3,5706.05,5749.5,0
02/05/2011 15:30:00,5766.9,5775.25,5687.7,5701.3,0
03/05/2011 15:30:00,5689.7,5710.8,5554.85,5565.25,0
04/05/2011 15:30:00,5567.7,5578.8,5503,5537.15,0
05/05/2011 15:30:00,5531.6,5560.3,5443.65,5459.85,0
06/05/2011 15:30:00,5477.65,5564.4,5472.45,5544.9,0
09/05/2011 15:30:00,5575.2,5586.05,5502.4,5551.1,0
10/05/2011 15:30:00,5555.55,5592.9,5514.55,5541.25,0
11/05/2011 15:30:00,5547.2,5574.7,5525,5565.05,0
12/05/2011 15:30:00,5537.8,5572.5,5476.3,5486.15,0
13/05/2011 15:30:00,5492.35,5605,5472.15,5544.75,0
16/05/2011 15:30:00,5541.7,5541.8,5487.65,5499,0
17/05/2011 15:30:00,5496.1,5523.85,5421.05,5438.95,0
18/05/2011 15:30:00,5448.2,5460.5,5401.25,5420.6,0
19/05/2011 15:30:00,5448.15,5452.6,5411.25,5428.1,0
20/05/2011 15:30:00,5450.65,5517.55,5432.75,5486.35,0
23/05/2011 15:30:00,5456.7,5456.7,5373,5386.55,0
24/05/2011 15:30:00,5385.1,5422.6,5367.45,5394.85,0
25/05/2011 15:30:00,5389.1,5389.1,5328.7,5348.95,0
26/05/2011 15:30:00,5372.75,5422.2,5356.35,5412.35,0
27/05/2011 15:30:00,5413.7,5485.8,5413.6,5476.1,0
30/05/2011 15:30:00,5493.75,5509.3,5458.6,5473.1,0
31/05/2011 15:30:00,5492,5571.6,5489.7,5560.15,0
01/06/2011 15:30:00,5561.05,5597.35,5559.45,5592,0
02/06/2011 15:30:00,5529.9,5568.2,5521.95,5550.35,0
03/06/2011 15:30:00,5565.7,5604.95,5507.2,5516.75,0
06/06/2011 15:30:00,5504.3,5542.65,5479.85,5532.05,0
07/06/2011 15:30:00,5509.15,5570.1,5507.8,5556.15,0
08/06/2011 15:30:00,5535.25,5556.6,5514.9,5526.85,0
09/06/2011 15:30:00,5523.55,5540.1,5502.05,5521.05,0
10/06/2011 15:30:00,5518.05,5521.45,5457.45,5485.8,0
13/06/2011 15:30:00,5469.85,5496.7,5436.95,5482.8,0
14/06/2011 15:30:00,5485.6,5520.15,5484.2,5500.5,0
15/06/2011 15:30:00,5494.45,5499.35,5438.95,5447.5,0
16/06/2011 15:30:00,5419.65,5447.5,5389.8,5396.75,0
17/06/2011 15:30:00,5412.5,5421.15,5355.85,5366.4,0
20/06/2011 15:30:00,5372.2,5377.4,5195.9,5257.9,0
21/06/2011 15:30:00,5280.8,5322.45,5257,5275.85,0
22/06/2011 15:30:00,5304.65,5310.5,5262.5,5278.3,0
23/06/2011 15:30:00,5269.1,5330.6,5252.25,5320,0
24/06/2011 15:30:00,5343.4,5477.85,5343.4,5471.25,0
27/06/2011 15:30:00,5441.2,5552.65,5434.25,5526.6,0
28/06/2011 15:30:00,5548.85,5558.3,5496.35,5545.3,0
29/06/2011 15:30:00,5566.5,5608.65,5566.5,5600.45,0
30/06/2011 15:30:00,5614.5,5657.9,5606.1,5647.4,0
01/07/2011 15:30:00,5705.75,5705.8,5609.75,5627.2,0
04/07/2011 15:30:00,5679.55,5679.65,5633.1,5650.5,0
05/07/2011 15:30:00,5659.85,5659.85,5612.3,5632.1,0
06/07/2011 15:30:00,5622.7,5655.4,5610.75,5625.45,0
07/07/2011 15:30:00,5633.35,5737.15,5632.95,5728.95,0
08/07/2011 15:30:00,5734.65,5740.4,5651.05,5660.65,0
11/07/2011 15:30:00,5648.05,5652.9,5601.7,5616.1,0
12/07/2011 15:30:00,5556.9,5580.25,5496.95,5526.15,0
13/07/2011 15:30:00,5542.05,5596.15,5541.4,5585.45,0
14/07/2011 15:30:00,5569,5653.95,5541.7,5599.8,0
15/07/2011 15:30:00,5602.95,5631.7,5562.75,5581.1,0
18/07/2011 15:30:00,5581.75,5596.6,5550.95,5567.05,0
19/07/2011 15:30:00,5569.85,5627.65,5557.2,5613.55,0
20/07/2011 15:30:00,5642.05,5645.4,5555.1,5567.05,0
21/07/2011 15:30:00,5554.6,5578.9,5532.7,5541.6,0
22/07/2011 15:30:00,5576.95,5642.2,5567.1,5633.95,0
25/07/2011 15:30:00,5633.8,5700.55,5616.7,5680.3,0
26/07/2011 15:30:00,5688.45,5702.25,5560.15,5574.85,0
27/07/2011 15:30:00,5588.55,5591.7,5521.5,5546.8,0
28/07/2011 15:30:00,5492.4,5512.1,5475.65,5487.75,0
29/07/2011 15:30:00,5479,5520.3,5453.95,5482,0
01/08/2011 15:30:00,5527.5,5551.9,5486.45,5516.8,0
02/08/2011 15:30:00,5493.2,5496.3,5433.65,5456.55,0
03/08/2011 15:30:00,5402,5422.6,5378.85,5404.8,0
04/08/2011 15:30:00,5412.4,5434.5,5323.15,5331.8,0
05/08/2011 15:30:00,5204.35,5229.65,5116.45,5211.25,0
08/08/2011 15:30:00,5083.85,5204.2,5054.05,5118.5,0
09/08/2011 15:30:00,4947.9,5167,4946.45,5072.85,0
10/08/2011 15:30:00,5196.55,5197.95,5123.35,5161,0
11/08/2011 15:30:00,5128,5184.95,5121,5138.3,0
12/08/2011 15:30:00,5194.4,5194.45,5053.35,5072.95,0
16/08/2011 15:30:00,5125.75,5132.2,5015.4,5035.8,0
17/08/2011 15:30:00,5030.3,5112.15,5017.25,5056.6,0
19/08/2011 15:30:00,4859.3,4893.6,4796.1,4845.65,0
22/08/2011 15:30:00,4843.7,4910.05,4808.75,4898.8,0
23/08/2011 15:30:00,4925.15,4965.8,4863.8,4948.9,0
24/08/2011 15:30:00,4934.35,4962.4,4875.3,4888.9,0
25/08/2011 15:30:00,4914.65,4915.85,4825.05,4839.6,0
26/08/2011 15:30:00,4839.25,4872,4720,4747.8,0
29/08/2011 15:30:00,4806.2,4934.4,4806.05,4919.6,0
30/08/2011 15:30:00,4973.25,5016.25,4927.55,5001,0
02/09/2011 15:30:00,5109.8,5113.7,4993.35,5040,0
05/09/2011 15:30:00,4998.9,5030.3,4964.45,5017.2,0
06/09/2011 15:30:00,4993.35,5072.9,4942.9,5064.3,0
07/09/2011 15:30:00,5080.15,5154.5,5076.3,5124.65,0
08/09/2011 15:30:00,5139.2,5169.25,5098.25,5153.25,0
09/09/2011 15:30:00,5161.3,5163.75,5046.8,5059.45,0
12/09/2011 15:30:00,4981.7,4985.6,4911.25,4946.8,0
13/09/2011 15:30:00,4977.8,5030.15,4911.05,4940.95,0
14/09/2011 15:30:00,4965.05,5026.15,4917.4,5012.55,0
15/09/2011 15:30:00,5062.35,5091.45,4967.45,5075.7,0
16/09/2011 15:30:00,5123.35,5143.6,5068.1,5084.25,0
19/09/2011 15:30:00,5068.4,5068.4,5019.25,5031.95,0
20/09/2011 15:30:00,5042.55,5149.9,5035.25,5140.2,0
21/09/2011 15:30:00,5153.75,5168.4,5109.85,5133.25,0
22/09/2011 15:30:00,5054.45,5059.85,4907.75,4923.65,0
23/09/2011 15:30:00,4873.75,4930.25,4829.6,4867.75,0
26/09/2011 15:30:00,4878.6,4879.8,4758.85,4835.4,0
27/09/2011 15:30:00,4905.15,4982.95,4905.15,4971.25,0
28/09/2011 15:30:00,5005.5,5006.05,4918.45,4945.9,0
29/09/2011 15:30:00,4924.2,5034.25,4906,5015.45,0
30/09/2011 15:30:00,4990.15,5025.55,4924.3,4943.25,0
03/10/2011 15:30:00,4874.4,4879.15,4823.9,4849.5,0
04/10/2011 15:30:00,4823.5,4869.75,4728.3,4772.15,0
05/10/2011 15:30:00,4791.3,4827.8,4741,4751.3,0
07/10/2011 15:30:00,4883.65,4922.6,4861.2,4888.05,0
10/10/2011 15:30:00,4886.85,4991.15,4882.05,4979.6,0
11/10/2011 15:30:00,5019.9,5045.1,4964,4974.35,0
12/10/2011 15:30:00,5011.2,5109.8,4997.65,5099.4,0
13/10/2011 15:30:00,5130.8,5136.95,5067.65,5077.85,0
14/10/2011 15:30:00,5057.35,5141.4,5056.6,5132.3,0
17/10/2011 15:30:00,5156.2,5160.2,5084.5,5118.25,0
18/10/2011 15:30:00,5049.45,5057.5,5011.05,5037.5,0
19/10/2011 15:30:00,5080.45,5148.05,5075.3,5139.15,0
20/10/2011 15:30:00,5086.55,5099,5033.95,5091.9,0
21/10/2011 15:30:00,5106.6,5120.75,5037.95,5049.95,0
24/10/2011 15:30:00,5114.7,5145.65,5084.75,5098.35,0
25/10/2011 15:30:00,5137.9,5211,5085.55,5191.6,0
26/10/2011 15:30:00,5214.95,5219.25,5196.15,5201.8,0
28/10/2011 15:30:00,5341.9,5399.7,5322.8,5360.7,0
31/10/2011 15:30:00,5358.9,5360.25,5314.6,5326.6,0
01/11/2011 15:30:00,5278.6,5310.85,5238.3,5257.95,0
02/11/2011 15:30:00,5216.75,5300.1,5204.95,5258.45,0
03/11/2011 15:30:00,5241.55,5281.6,5201.85,5265.75,0
04/11/2011 15:30:00,5325.4,5326.45,5256.8,5284.2,0
08/11/2011 15:30:00,5292.25,5304.25,5252,5289.35,0
09/11/2011 15:30:00,5309.7,5317.5,5211.75,5221.05,0
11/11/2011 15:30:00,5159.75,5198.6,5142.25,5168.85,0
14/11/2011 15:30:00,5217.35,5228.9,5140.55,5148.35,0
15/11/2011 15:30:00,5131.2,5158.75,5052.85,5068.5,0
16/11/2011 15:30:00,5059.1,5065.2,4989.5,5030.45,0
17/11/2011 15:30:00,5027.1,5036.8,4919.45,4934.75,0
18/11/2011 15:30:00,4899.15,4915.9,4837.95,4905.8,0
21/11/2011 15:30:00,4873.8,4873.8,4764.8,4778.35,0
22/11/2011 15:30:00,4794.85,4854,4782.55,4812.35,0
23/11/2011 15:30:00,4779.5,4779.5,4640.95,4706.45,0
24/11/2011 15:30:00,4707.55,4771.1,4639.1,4756.45,0
25/11/2011 15:30:00,4731.3,4767.3,4693.1,4710.05,0
28/11/2011 15:30:00,4769.3,4859.1,4766.4,4851.3,0
29/11/2011 15:30:00,4864.2,4866.1,4787.1,4805.1,0
30/11/2011 15:30:00,4766.15,4851.55,4754.8,4832.05,0
01/12/2011 15:30:00,4970.85,5011.9,4916.7,4936.85,0
02/12/2011 15:30:00,4940.85,5062.55,4918.4,5050.15,0
05/12/2011 15:30:00,5036.5,5055.4,5002.55,5039.15,0
07/12/2011 15:30:00,5050.1,5099.25,5032.25,5062.6,0
08/12/2011 15:30:00,5037.4,5049.05,4921.45,4943.65,0
09/12/2011 15:30:00,4870.75,4918.35,4841.75,4866.7,0
12/12/2011 15:30:00,4906.85,4910.25,4755.55,4764.6,0
13/12/2011 15:30:00,4733.6,4824.7,4728.5,4800.6,0
14/12/2011 15:30:00,4788.7,4839.55,4750.4,4763.25,0
15/12/2011 15:30:00,4712.8,4768.65,4673.85,4746.35,0
16/12/2011 15:30:00,4752.5,4818.85,4628.2,4651.6,0
19/12/2011 15:30:00,4623.15,4623.15,4555.9,4613.1,0
20/12/2011 15:30:00,4635.8,4637.25,4531.15,4544.2,0
21/12/2011 15:30:00,4636.45,4707.35,4601.95,4693.15,0
22/12/2011 15:30:00,4636.9,4740.6,4632.95,4733.85,0
23/12/2011 15:30:00,4763.2,4763.45,4693.2,4714,0
26/12/2011 15:30:00,4718.15,4787.25,4718.15,4779,0
27/12/2011 15:30:00,4780.2,4800.5,4723.65,4750.5,0
28/12/2011 15:30:00,4756.2,4756.2,4685.65,4705.8,0
29/12/2011 15:30:00,4681.15,4701.8,4639.05,4646.25,0
30/12/2011 15:30:00,4659.95,4690.45,4608.9,4624.3,0
02/01/2012 15:30:00,4640.2,4645.95,4588.05,4636.75,0
03/01/2012 15:30:00,4675.8,4773.1,4675.8,4765.3,0
04/01/2012 15:30:00,4774.95,4782.85,4728.85,4749.65,0
05/01/2012 15:30:00,4749,4779.8,4730.15,4749.95,0
06/01/2012 15:30:00,4724.15,4794.9,4686.85,4754.1,0
09/01/2012 15:30:00,4747.55,4758.7,4695.45,4742.8,0
10/01/2012 15:30:00,4771.85,4855.9,4768.25,4849.55,0
11/01/2012 15:30:00,4863.15,4877.2,4841.6,4860.95,0
12/01/2012 15:30:00,4840.95,4869.2,4803.9,4831.25,0
13/01/2012 15:30:00,4861.95,4898.85,4834.2,4866,0
16/01/2012 15:30:00,4844,4880.8,4827.05,4873.9,0
17/01/2012 15:30:00,4904.5,4975.55,4904,4967.3,0
18/01/2012 15:30:00,4977.75,4980.65,4931.05,4955.8,0
19/01/2012 15:30:00,4995,5023.8,4991.4,5018.4,0
20/01/2012 15:30:00,5044.85,5064.15,5004.3,5048.6,0
23/01/2012 15:30:00,5025.35,5059.55,5021.35,5046.25,0
24/01/2012 15:30:00,5064.8,5141.05,5049.8,5127.35,0
25/01/2012 15:30:00,5151.5,5174.15,5130.25,5158.3,0
27/01/2012 15:30:00,5216.75,5217,5162.4,5204.7,0
30/01/2012 15:30:00,5163.55,5166.15,5076.7,5087.3,0
31/01/2012 15:30:00,5125.25,5215.4,5120.15,5199.25,0
01/02/2012 15:30:00,5198.15,5244.6,5159,5235.7,0
02/02/2012 15:30:00,5272.1,5289.95,5225.75,5269.9,0
03/02/2012 15:30:00,5276.1,5334.85,5255.55,5325.85,0
06/02/2012 15:30:00,5379.45,5390.05,5327.25,5361.65,0
07/02/2012 15:30:00,5412.95,5413.35,5322.95,5335.15,0
08/02/2012 15:30:00,5343.8,5396.9,5325.2,5368.15,0
09/02/2012 15:30:00,5343.05,5423.4,5338.9,5412.35,0
10/02/2012 15:30:00,5399.8,5427.75,5341.05,5381.6,0
13/02/2012 15:30:00,5382.1,5421.05,5351.4,5390.2,0
14/02/2012 15:30:00,5380.8,5428.05,5377.95,5416.05,0
15/02/2012 15:30:00,5460.6,5542.1,5460.6,5531.95,0
16/02/2012 15:30:00,5513.75,5531.4,5483.75,5521.95,0
17/02/2012 15:30:00,5574.2,5606.7,5545.2,5564.3,0
21/02/2012 15:30:00,5561.9,5621.5,5561.75,5607.15,0
22/02/2012 15:30:00,5609.75,5629.95,5491.35,5505.35,0
23/02/2012 15:30:00,5490.05,5537.4,5460.8,5483.3,0
24/02/2012 15:30:00,5479.15,5521.4,5405.9,5429.3,0
27/02/2012 15:30:00,5448.1,5449.8,5268.15,5281.2,0
28/02/2012 15:30:00,5310.5,5391.1,5306.45,5375.5,0
29/02/2012 15:30:00,5424.95,5458.8,5352.25,5385.2,0
01/03/2012 15:30:00,5366,5372.45,5297.5,5339.75,0
02/03/2012 15:30:00,5369.45,5392.55,5315.05,5359.35,0
05/03/2012 15:30:00,5342.55,5344.5,5265.7,5280.35,0
06/03/2012 15:30:00,5266,5382.05,5206.4,5222.4,0
07/03/2012 15:30:00,5207.05,5243.85,5171.45,5220.45,0
09/03/2012 15:30:00,5294.1,5342.3,5291.6,5333.55,0
12/03/2012 15:30:00,5420.1,5421.9,5327.3,5359.55,0
13/03/2012 15:30:00,5391.05,5438.65,5390.8,5429.5,0
14/03/2012 15:30:00,5490.55,5499.4,5437.8,5463.9,0
15/03/2012 15:30:00,5462.5,5462.5,5362.3,5380.5,0
16/03/2012 15:30:00,5380.35,5445.65,5305,5317.9,0
19/03/2012 15:30:00,5337.35,5340.7,5238.55,5257.05,0
20/03/2012 15:30:00,5257.15,5297.35,5233.25,5274.85,0
21/03/2012 15:30:00,5267.2,5372.35,5256,5364.95,0
22/03/2012 15:30:00,5361.1,5385.95,5205.65,5228.45,0
23/03/2012 15:30:00,5255.65,5312,5220,5278.2,0
26/03/2012 15:30:00,5274.35,5274.95,5174.9,5184.25,0
27/03/2012 15:30:00,5242.95,5277.95,5184.65,5243.15,0
28/03/2012 15:30:00,5231.7,5236.55,5169.6,5194.75,0
29/03/2012 15:30:00,5145.95,5194.3,5135.95,5178.85,0
30/03/2012 15:30:00,5206.6,5307.1,5203.65,5295.55,0
02/04/2012 15:30:00,5296.35,5331.55,5278.8,5317.9,0
03/04/2012 15:30:00,5353.2,5378.75,5344.45,5358.5,0
04/04/2012 15:30:00,5328.65,5338.4,5305.3,5322.9,0
09/04/2012 15:30:00,5282.5,5287.9,5228,5234.4,0
10/04/2012 15:30:00,5254.1,5255.8,5211.85,5243.6,0
11/04/2012 15:30:00,5209.45,5263.65,5190.8,5226.85,0
12/04/2012 15:30:00,5246.75,5290.6,5246.75,5276.85,0
13/04/2012 15:30:00,5255.7,5306.75,5185.4,5207.45,0
16/04/2012 15:30:00,5190.6,5233.5,5183.5,5226.2,0
17/04/2012 15:30:00,5266.6,5298.2,5208.35,5289.7,0
18/04/2012 15:30:00,5320.7,5342,5293.45,5300,0
19/04/2012 15:30:00,5320.6,5342.45,5291.3,5332.4,0
20/04/2012 15:30:00,5313.95,5336.15,5245.45,5290.85,0
23/04/2012 15:30:00,5277.4,5310.55,5187.15,5200.6,0
24/04/2012 15:30:00,5215.9,5232.35,5180.35,5222.65,0
25/04/2012 15:30:00,5222.2,5236.1,5160.65,5202,0
26/04/2012 15:30:00,5214.75,5215.6,5179.05,5189,0
27/04/2012 15:30:00,5189,5223.05,5154.3,5190.6,0
30/04/2012 15:30:00,5201.45,5262.15,5201.45,5248.15,0
02/05/2012 15:30:00,5254.3,5279.6,5226.45,5239.15,0
03/05/2012 15:30:00,5211.2,5217.3,5180.65,5188.4,0
04/05/2012 15:30:00,5166.65,5177.2,5070.6,5086.85,0
07/05/2012 15:30:00,5017.8,5124.75,4988,5114.15,0
08/05/2012 15:30:00,5114.7,5119.95,4983.6,4999.95,0
09/05/2012 15:30:00,4967.9,5016.25,4956.45,4974.8,0
10/05/2012 15:30:00,4984.15,5039.3,4950.3,4965.7,0
11/05/2012 15:30:00,4938.85,4976.25,4906.15,4928.9,0
14/05/2012 15:30:00,4934.35,4957.2,4874.5,4907.8,0
15/05/2012 15:30:00,4869.85,4955.2,4868.55,4942.8,0
16/05/2012 15:30:00,4875.3,4882.25,4837.05,4858.25,0
17/05/2012 15:30:00,4878.6,4922.25,4850.2,4870.2,0
18/05/2012 15:30:00,4796.4,4908.5,4788.95,4891.45,0
21/05/2012 15:30:00,4888.5,4937.5,4888.5,4906.05,0
22/05/2012 15:30:00,4954.7,4956.35,4849.9,4860.5,0
23/05/2012 15:30:00,4843,4853.75,4803.95,4835.65,0
24/05/2012 15:30:00,4863.4,4931.9,4830.15,4921.4,0
25/05/2012 15:30:00,4905.95,4935.8,4889.35,4920.4,0
28/05/2012 15:30:00,4931.7,4994.95,4931.3,4985.65,0
29/05/2012 15:30:00,5005.35,5020.15,4982.15,4990.1,0
30/05/2012 15:30:00,4964.25,4982.25,4944.9,4950.75,0
31/05/2012 15:30:00,4896.1,4949.25,4883.55,4924.25,0
01/06/2012 15:30:00,4910.85,4925,4831.75,4841.6,0
04/06/2012 15:30:00,4797.3,4858.3,4770.35,4848.15,0
05/06/2012 15:30:00,4869.45,4898.95,4847.7,4863.3,0
06/06/2012 15:30:00,4886.65,5010.45,4886.15,4997.1,0
07/06/2012 15:30:00,5035.35,5059.65,5007.75,5049.65,0
08/06/2012 15:30:00,5044.25,5084.45,4994.8,5068.35,0
11/06/2012 15:30:00,5096.7,5124.45,5040.7,5054.1,0
12/06/2012 15:30:00,5015.5,5128.9,5015.15,5115.9,0
13/06/2012 15:30:00,5117.55,5144.9,5095.45,5121.45,0
14/06/2012 15:30:00,5105.1,5130,5047.6,5054.75,0
15/06/2012 15:30:00,5069.55,5146.2,5069.15,5139.05,0
18/06/2012 15:30:00,5174,5190.2,5041.7,5064.25,0
19/06/2012 15:30:00,5050.8,5113.6,5048.1,5103.85,0
20/06/2012 15:30:00,5114.55,5141.7,5100.7,5120.55,0
21/06/2012 15:30:00,5097.35,5170.4,5093.45,5165,0
22/06/2012 15:30:00,5101.75,5159.8,5094,5146.05,0
25/06/2012 15:30:00,5158.5,5194.6,5105.65,5114.65,0
26/06/2012 15:30:00,5107.45,5134.55,5095.5,5120.8,0
27/06/2012 15:30:00,5149.45,5160.1,5129.25,5141.9,0
28/06/2012 15:30:00,5148.95,5159.05,5125.3,5149.15,0
29/06/2012 15:30:00,5191.25,5286.25,5189,5278.9,0
02/07/2012 15:30:00,5283.85,5302.15,5263.35,5278.6,0
03/07/2012 15:30:00,5298.85,5317,5265.95,5287.95,0
04/07/2012 15:30:00,5310.4,5317.65,5273.3,5302.55,0
05/07/2012 15:30:00,5297.05,5333.65,5288.85,5327.3,0
06/07/2012 15:30:00,5324.7,5327.2,5287.75,5316.95,0
09/07/2012 15:30:00,5283.7,5300.6,5257.75,5275.15,0
10/07/2012 15:30:00,5286.6,5348.55,5284.55,5345.35,0
11/07/2012 15:30:00,5315.25,5336.45,5300.25,5306.3,0
12/07/2012 15:30:00,5240,5261.75,5217.7,5235.25,0
13/07/2012 15:30:00,5242.75,5267.15,5216.85,5227.25,0
16/07/2012 15:30:00,5232.35,5246.85,5190.45,5197.25,0
17/07/2012 15:30:00,5228.05,5236.7,5181.7,5192.85,0
18/07/2012 15:30:00,5199.1,5222.85,5169.05,5216.3,0
19/07/2012 15:30:00,5249.85,5257.75,5233.15,5242.7,0
20/07/2012 15:30:00,5233.55,5238.7,5197.5,5205.1,0
23/07/2012 15:30:00,5163.25,5164.2,5108.1,5117.95,0
24/07/2012 15:30:00,5128.8,5144,5103.25,5128.2,0
25/07/2012 15:30:00,5118.4,5121.6,5076.6,5109.6,0
26/07/2012 15:30:00,5126.3,5126.3,5032.4,5043,0
27/07/2012 15:30:00,5124.3,5149.95,5077.5,5099.85,0
30/07/2012 15:30:00,5129.75,5206.6,5129.75,5199.8,0
31/07/2012 15:30:00,5214.85,5234.55,5154.05,5229,0
01/08/2012 15:30:00,5220.7,5246.35,5212.65,5240.5,0
02/08/2012 15:30:00,5233.1,5236.9,5209.95,5227.75,0
03/08/2012 15:30:00,5195.6,5220.2,5164.65,5215.7,0
06/08/2012 15:30:00,5260.85,5293.2,5260.85,5282.55,0
07/08/2012 15:30:00,5295.4,5350.1,5281.65,5336.7,0
08/08/2012 15:30:00,5345.25,5377.6,5331.05,5338,0
09/08/2012 15:30:00,5348.3,5368.2,5312.1,5322.95,0
10/08/2012 15:30:00,5308.2,5330.1,5294.1,5320.4,0
13/08/2012 15:30:00,5316.35,5352.45,5309.05,5347.9,0
14/08/2012 15:30:00,5343.25,5387.05,5328.8,5380.35,0
16/08/2012 15:30:00,5385.95,5390.65,5356.65,5362.95,0
17/08/2012 15:30:00,5368.6,5399.95,5341.7,5366.3,0
21/08/2012 15:30:00,5368.7,5425.15,5368.7,5421,0
22/08/2012 15:30:00,5395.75,5433.35,5394.8,5412.85,0
23/08/2012 15:30:00,5426.15,5448.6,5393.85,5415.35,0
24/08/2012 15:30:00,5392.6,5399.65,5371,5386.7,0
27/08/2012 15:30:00,5387.85,5399.15,5346.65,5350.25,0
28/08/2012 15:30:00,5348.05,5359.25,5312.6,5334.6,0
29/08/2012 15:30:00,5343.85,5345.5,5282.7,5287.8,0
30/08/2012 15:30:00,5268.6,5342.8,5255.05,5315.05,0
31/08/2012 15:30:00,5298.2,5303.25,5238.9,5258.5,0
03/09/2012 15:30:00,5276.5,5295.8,5243.15,5253.75,0
04/09/2012 15:30:00,5249.15,5278.35,5233.2,5274,0
05/09/2012 15:30:00,5243.9,5259.5,5215.7,5225.7,0
06/09/2012 15:30:00,5217.65,5260.6,5217.65,5238.4,0
07/09/2012 15:30:00,5309.45,5347.15,5309.2,5342.1,0
10/09/2012 15:30:00,5361.9,5375.45,5349.1,5363.45,0
11/09/2012 15:30:00,5336.1,5393.35,5332.1,5390,0
12/09/2012 15:30:00,5404.45,5435.55,5393.95,5431,0
13/09/2012 15:30:00,5435.2,5447.45,5421.85,5435.35,0
14/09/2012 15:30:00,5528.35,5586.65,5526.95,5577.65,0
17/09/2012 15:30:00,5631.75,5652.2,5585.15,5610,0
18/09/2012 15:30:00,5602.4,5620.55,5586.45,5600.05,0
20/09/2012 15:30:00,5536.95,5581.35,5534.9,5554.25,0
21/09/2012 15:30:00,5577,5720,5575.45,5691.15,0
24/09/2012 15:30:00,5691.95,5709.85,5662.75,5669.6,0
25/09/2012 15:30:00,5674.9,5702.7,5652.45,5673.9,0
26/09/2012 15:30:00,5653.4,5672.8,5638.65,5663.45,0
27/09/2012 15:30:00,5673.75,5693.7,5639.7,5649.5,0
28/09/2012 15:30:00,5684.8,5735.15,5683.45,5703.3,0
01/10/2012 15:30:00,5704.75,5722.95,5694,5718.8,0
03/10/2012 15:30:00,5727.7,5743.25,5715.8,5731.25,0
04/10/2012 15:30:00,5751.55,5807.25,5751.35,5787.6,0
05/10/2012 15:30:00,5815,5815.35,4888.2,5746.95,0
08/10/2012 15:30:00,5751.85,5751.85,5666.2,5676,0
09/10/2012 15:30:00,5708.15,5728.65,5677.9,5704.6,0
10/10/2012 15:30:00,5671.15,5686.5,5647.05,5652.15,0
11/10/2012 15:30:00,5663.5,5721.1,5636.95,5708.05,0
12/10/2012 15:30:00,5681.7,5725,5659.35,5676.05,0
15/10/2012 15:30:00,5674.25,5693.7,5651.05,5687.25,0
16/10/2012 15:30:00,5705.6,5714,5635.6,5648,0
17/10/2012 15:30:00,5681.1,5684.35,5633.9,5660.25,0
18/10/2012 15:30:00,5675.3,5722.5,5650.55,5718.7,0
19/10/2012 15:30:00,5703.3,5711.7,5660,5684.25,0
22/10/2012 15:30:00,5667.6,5721.55,5658.05,5717.15,0
23/10/2012 15:30:00,5715.65,5720.8,5681.45,5691.4,0
25/10/2012 15:30:00,5688.8,5718.75,5685.7,5705.3,0
26/10/2012 15:30:00,5683.55,5697.2,5641.75,5664.3,0
29/10/2012 15:30:00,5665.2,5698.3,5645.1,5665.6,0
30/10/2012 15:30:00,5656.35,5689.9,5589.9,5597.9,0
31/10/2012 15:30:00,5596.75,5624.4,5583.05,5619.7,0
01/11/2012 15:30:00,5609.85,5649.75,5601.95,5645.05,0
02/11/2012 15:30:00,5696.35,5711.3,5682.55,5697.7,0
05/11/2012 15:30:00,5693.05,5709.2,5679.5,5704.2,0
06/11/2012 15:30:00,5694.1,5730.8,5693.65,5724.4,0
07/11/2012 15:30:00,5718.6,5777.3,5711.4,5760.1,0
08/11/2012 15:30:00,5709,5744.5,5693.95,5738.75,0
09/11/2012 15:30:00,5731.1,5751.7,5677.75,5686.25,0
12/11/2012 15:30:00,5688.45,5718.9,5665.75,5683.7,0
13/11/2012 15:30:00,5689.7,5698.25,5660.35,5666.95,0
15/11/2012 15:30:00,5650.35,5651.65,5603.55,5631,0
16/11/2012 15:30:00,5624.8,5650.15,5559.8,5574.05,0
19/11/2012 15:30:00,5577.3,5592.75,5549.25,5571.4,0
20/11/2012 15:30:00,5604.8,5613.7,5548.35,5571.55,0
21/11/2012 15:30:00,5582.5,5620.2,5561.4,5614.8,0
22/11/2012 15:30:00,5628.6,5643.35,5608,5627.75,0
23/11/2012 15:30:00,5635.45,5637.75,5593.55,5626.6,0
26/11/2012 15:30:00,5648.65,5649.2,5623.45,5635.9,0
27/11/2012 15:30:00,5658.5,5733.2,5658,5727.45,0
29/11/2012 15:30:00,5736.7,5833.5,5736.1,5825,0
30/11/2012 15:30:00,5836,5885.25,5827.85,5879.85,0
03/12/2012 15:30:00,5878.25,5899.15,5854.6,5870.95,0
04/12/2012 15:30:00,5866.8,5894.95,5859,5889.25,0
05/12/2012 15:30:00,5906.6,5917.8,5891.35,5900.5,0
06/12/2012 15:30:00,5926.3,5942.55,5838.9,5930.9,0
07/12/2012 15:30:00,5934,5949.85,5888.65,5907.4,0
10/12/2012 15:30:00,5916.05,5919.95,5888.1,5908.9,0
11/12/2012 15:30:00,5923.8,5965.15,5865.45,5898.8,0
12/12/2012 15:30:00,5917.8,5924.6,5874.25,5888,0
13/12/2012 15:30:00,5900.35,5907.45,5841.35,5851.5,0
14/12/2012 15:30:00,5846.9,5886.1,5839.15,5879.6,0
17/12/2012 15:30:00,5860.5,5886.05,5850.15,5857.9,0
18/12/2012 15:30:00,5873.6,5905.8,5823.15,5896.8,0
19/12/2012 15:30:00,5917.3,5939.4,5910.8,5929.6,0
20/12/2012 15:30:00,5934.45,5937.6,5881.45,5916.4,0
21/12/2012 15:30:00,5888,5888,5841.65,5847.7,0
24/12/2012 15:30:00,5869,5871.9,5844.7,5855.75,0
26/12/2012 15:30:00,5864.95,5917.3,5859.55,5905.6,0
27/12/2012 15:30:00,5930.2,5930.8,5864.7,5870.1,0
28/12/2012 15:30:00,5887.15,5915.75,5879.5,5908.35,0
31/12/2012 15:30:00,5901.2,5919,5897.15,5905.1,0
01/01/2013 15:30:00,5937.65,5963.9,5935.2,5950.85,0
02/01/2013 15:30:00,5982.6,6006.05,5982,5993.25,0
03/01/2013 15:30:00,6015.8,6017,5986.55,6009.5,0
04/01/2013 15:30:00,6011.95,6020.75,5981.55,6016.15,0
07/01/2013 15:30:00,6042.15,6042.15,5977.15,5988.4,0
08/01/2013 15:30:00,5983.45,6007.05,5964.4,6001.7,0
09/01/2013 15:30:00,6006.2,6020.1,5958.45,5971.5,0
10/01/2013 15:30:00,5998.8,6005.15,5947.3,5968.65,0
11/01/2013 15:30:00,6012.4,6018.85,5940.6,5951.3,0
14/01/2013 15:30:00,5967.2,6036.9,5962.15,6024.05,0
15/01/2013 15:30:00,6037.85,6068.5,6018.6,6056.6,0
16/01/2013 15:30:00,6049,6055.95,5992.05,6001.85,0
17/01/2013 15:30:00,6001.25,6053.2,5988.1,6039.2,0
18/01/2013 15:30:00,6059.85,6083.4,6048.3,6064.4,0
21/01/2013 15:30:00,6085.75,6094.35,6065.1,6082.3,0
22/01/2013 15:30:00,6080.15,6101.3,6040.5,6048.5,0
23/01/2013 15:30:00,6052.85,6069.8,6021.15,6054.3,0
24/01/2013 15:30:00,6046.2,6065.3,6007.85,6019.35,0
25/01/2013 15:30:00,6024.5,6080.55,6014.45,6074.65,0
28/01/2013 15:30:00,6082.1,6088.4,6061.4,6074.8,0
29/01/2013 15:30:00,6064.7,6111.8,6042.45,6049.9,0
30/01/2013 15:30:00,6065,6071.95,6044.15,6055.75,0
31/01/2013 15:30:00,6045.65,6058.05,6025.15,6034.75,0
01/02/2013 15:30:00,6040.95,6052.95,5983.2,5998.9,0
04/02/2013 15:30:00,6025.2,6038.5,5981.25,5987.25,0
05/02/2013 15:30:00,5948.2,5970.35,5946.9,5956.9,0
06/02/2013 15:30:00,5988.05,5990.9,5953.15,5959.2,0
07/02/2013 15:30:00,5936.45,5978.5,5927.6,5938.8,0
08/02/2013 15:30:00,5929.1,5953.7,5883.65,5903.5,0
11/02/2013 15:30:00,5920.05,5924.15,5879.1,5897.85,0
12/02/2013 15:30:00,5894.35,5927.65,5886.45,5922.5,0
13/02/2013 15:30:00,5943.15,5969.5,5922.95,5932.95,0
14/02/2013 15:30:00,5933.2,5940.2,5884.55,5896.95,0
15/02/2013 15:30:00,5869.95,5899.95,5853.9,5887.4,0
18/02/2013 15:30:00,5888.65,5911,5878.45,5898.2,0
19/02/2013 15:30:00,5900.2,5947.55,5883.15,5939.7,0
20/02/2013 15:30:00,5966.3,5971,5937.55,5943.05,0
21/02/2013 15:30:00,5909.65,5921.15,5844.4,5852.25,0
22/02/2013 15:30:00,5837.95,5873.8,5835.8,5850.3,0
25/02/2013 15:30:00,5870.55,5878.4,5825,5854.75,0
26/02/2013 15:30:00,5838.3,5838.85,5748.6,5761.35,0
27/02/2013 15:30:00,5784.9,5818.2,5749.7,5796.9,0
28/02/2013 15:30:00,5834.35,5849.9,5671.9,5693.05,0
01/03/2013 15:30:00,5702.45,5739.45,5679.9,5719.7,0
04/03/2013 15:30:00,5704.7,5712,5663.6,5698.5,0
05/03/2013 15:30:00,5722.45,5790.1,5722.4,5784.25,0
06/03/2013 15:30:00,5816.4,5828.7,5795.05,5818.6,0
07/03/2013 15:30:00,5801.3,5878,5801.3,5863.3,0
08/03/2013 15:30:00,5883.65,5952.85,5883,5945.7,0
11/03/2013 15:30:00,5946.1,5971.2,5930.35,5942.35,0
12/03/2013 15:30:00,5944.6,5952,5893.65,5914.1,0
13/03/2013 15:30:00,5884.8,5893.85,5842.25,5851.2,0
14/03/2013 15:30:00,5845.95,5920.15,5791.75,5908.95,0
15/03/2013 15:30:00,5914.9,5945.65,5861,5872.6,0
18/03/2013 15:30:00,5816.75,5850.2,5814.35,5835.25,0
19/03/2013 15:30:00,5859.5,5863.6,5724.3,5745.95,0
20/03/2013 15:30:00,5740.55,5745.3,5682.3,5694.4,0
21/03/2013 15:30:00,5705.9,5757.75,5647.95,5658.75,0
22/03/2013 15:30:00,5659.8,5691.45,5631.8,5651.35,0
25/03/2013 15:30:00,5707.3,5718.4,5624.4,5633.85,0
26/03/2013 15:30:00,5613.75,5655.3,5612.05,5641.6,0
28/03/2013 15:30:00,5647.75,5692.95,5604.85,5682.55,0
01/04/2013 15:30:00,5697.35,5720.95,5675.9,5704.4,0
02/04/2013 15:30:00,5701.7,5754.6,5687.15,5748.1,0
03/04/2013 15:30:00,5740.2,5744.95,5650.1,5672.9,0
04/04/2013 15:30:00,5640.65,5644.45,5565.65,5574.75,0
05/04/2013 15:30:00,5568.1,5577.3,5534.7,5553.25,0
08/04/2013 15:30:00,5550.5,5569.2,5537.05,5542.95,0
09/04/2013 15:30:00,5568.75,5603.05,5487,5495.1,0
10/04/2013 15:30:00,5536.25,5569.25,5477.2,5558.7,0
11/04/2013 15:30:00,5601.65,5610.65,5542.85,5594,0
12/04/2013 15:30:00,5520.7,5544.5,5494.9,5528.55,0
15/04/2013 15:30:00,5508.5,5592.85,5500.3,5568.4,0
16/04/2013 15:30:00,5562.45,5699.25,5555.85,5688.95,0
17/04/2013 15:30:00,5708.65,5732.15,5669,5688.7,0
18/04/2013 15:30:00,5682.7,5794.35,5681.85,5783.1,0
22/04/2013 15:30:00,5789.85,5844.85,5789.8,5834.4,0
23/04/2013 15:30:00,5843.1,5844.3,5791.55,5836.9,0
25/04/2013 15:30:00,5856.1,5924.6,5853.3,5916.3,0
26/04/2013 15:30:00,5899.75,5907.05,5860.5,5871.45,0
29/04/2013 15:30:00,5877.6,5918.65,5868.8,5904.1,0
30/04/2013 15:30:00,5932.6,5962.3,5867.8,5930.2,0
02/05/2013 15:30:00,5911.4,6019.45,5910.95,5999.35,0
03/05/2013 15:30:00,5993.5,6000.3,5930.15,5944,0
06/05/2013 15:30:00,5944.9,5976.5,5928.45,5971.05,0
07/05/2013 15:30:00,5983.45,6050.5,5982.95,6043.55,0
08/05/2013 15:30:00,6064.15,6083.55,6024.95,6069.3,0
09/05/2013 15:30:00,6078.35,6084.7,6040.45,6050.15,0
10/05/2013 15:30:00,6046.25,6105.3,6045.6,6094.75,0
13/05/2013 15:30:00,6098.2,6104.95,5972.9,5980.45,0
14/05/2013 15:30:00,5989.7,6026.2,5970.05,5995.4,0
15/05/2013 15:30:00,6018.85,6157.1,6018.85,6146.75,0
16/05/2013 15:30:00,6128.25,6187.3,6128.25,6169.9,0
17/05/2013 15:30:00,6172.95,6199.95,6146.15,6187.3,0
20/05/2013 15:30:00,6198,6229.45,6146.05,6156.9,0
21/05/2013 15:30:00,6152.35,6180.25,6102.35,6114.1,0
22/05/2013 15:30:00,6127.05,6147.6,6074.45,6094.5,0
23/05/2013 15:30:00,6050.4,6081.45,5955.7,5967.05,0
24/05/2013 15:30:00,6010.7,6015.3,5936.8,5983.55,0
27/05/2013 15:30:00,5989.4,6099.9,5975.55,6083.15,0
28/05/2013 15:30:00,6086.35,6127.65,6055.4,6111.25,0
29/05/2013 15:30:00,6120.45,6125.05,6069.8,6104.3,0
30/05/2013 15:30:00,6072.15,6133.75,6072.15,6124.05,0
31/05/2013 15:30:00,6098.7,6106.25,5975.55,5985.95,0
03/06/2013 15:30:00,5997.35,6011,5916.35,5939.3,0
04/06/2013 15:30:00,5941.1,5981.6,5910.25,5919.45,0
05/06/2013 15:30:00,5908.3,5935.2,5883.7,5923.85,0
06/06/2013 15:30:00,5895,5956.55,5869.5,5921.4,0
07/06/2013 15:30:00,5900.05,5972.7,5871.3,5881,0
10/06/2013 15:30:00,5907.9,5931.65,5857.4,5878,0
11/06/2013 15:30:00,5848.75,5868.05,5780.35,5788.8,0
12/06/2013 15:30:00,5771.75,5792.9,5738.6,5760.2,0
13/06/2013 15:30:00,5709.35,5729.85,5683.1,5699.1,0
14/06/2013 15:30:00,5748.95,5819.4,5739.4,5808.4,0
17/06/2013 15:30:00,5820.4,5854.9,5770.25,5850.05,0
18/06/2013 15:30:00,5841.9,5863.4,5804.3,5813.6,0
19/06/2013 15:30:00,5805.75,5828.4,5777.9,5822.25,0
20/06/2013 15:30:00,5754.15,5755,5645.65,5655.9,0
21/06/2013 15:30:00,5639.9,5686.15,5616.85,5667.65,0
24/06/2013 15:30:00,5638.05,5640,5566.25,5590.25,0
25/06/2013 15:30:00,5606.95,5666.25,5570.25,5609.1,0
26/06/2013 15:30:00,5627.95,5635.25,5579.35,5588.7,0
27/06/2013 15:30:00,5647.95,5699.35,5630.95,5682.35,0
28/06/2013 15:30:00,5749.5,5852.95,5749.5,5842.2,0
01/07/2013 15:30:00,5834.1,5904.35,5822.2,5898.85,0
02/07/2013 15:30:00,5885.5,5898.8,5852.3,5857.55,0
03/07/2013 15:30:00,5811.95,5815,5760.4,5770.9,0
04/07/2013 15:30:00,5794.75,5848.2,5786.05,5836.95,0
05/07/2013 15:30:00,5889.95,5900.45,5858.45,5867.9,0
08/07/2013 15:30:00,5833.15,5833.85,5775.55,5811.55,0
09/07/2013 15:30:00,5834.6,5864.95,5834.6,5859,0
10/07/2013 15:30:00,5869.9,5879.35,5802.85,5816.7,0
11/07/2013 15:30:00,5894.5,5948.85,5887.95,5935.1,0
12/07/2013 15:30:00,6000.5,6019,5951.15,6009,0
15/07/2013 15:30:00,5991.2,6038.2,5980.95,6030.8,0
16/07/2013 15:30:00,5930.8,5966.05,5910.95,5955.25,0
17/07/2013 15:30:00,5972.25,5989.8,5926.75,5973.3,0
18/07/2013 15:30:00,5984.7,6051.1,5974.55,6038.05,0
19/07/2013 15:30:00,6057.2,6066.85,6020.25,6029.2,0
22/07/2013 15:30:00,6009.75,6064.15,6004.25,6031.8,0
23/07/2013 15:30:00,6064.3,6093.35,6061.3,6077.8,0
24/07/2013 15:30:00,6032.2,6047.25,5962.6,5990.5,0
25/07/2013 15:30:00,5970.4,5990.65,5896.4,5907.5,0
26/07/2013 15:30:00,5937.95,5944.5,5869.5,5886.2,0
29/07/2013 15:30:00,5869.95,5886,5825.8,5831.65,0
30/07/2013 15:30:00,5836.05,5861.3,5747.6,5755.05,0
31/07/2013 15:30:00,5738.35,5752.1,5675.75,5742,0
01/08/2013 15:30:00,5776.9,5808.5,5676.85,5727.85,0
02/08/2013 15:30:00,5750.05,5761.85,5649,5677.9,0
05/08/2013 15:30:00,5682.4,5721,5661.5,5685.4,0
06/08/2013 15:30:00,5664.9,5664.9,5521.8,5542.25,0
07/08/2013 15:30:00,5549.3,5561.45,5486.85,5519.1,0
08/08/2013 15:30:00,5510.05,5577.6,5510.05,5565.65,0
12/08/2013 15:30:00,5606.7,5644.1,5557.1,5612.4,0
13/08/2013 15:30:00,5600.25,5704.75,5578.9,5699.3,0
14/08/2013 15:30:00,5715.4,5754.55,5690.2,5742.3,0
16/08/2013 15:30:00,5705.45,5716.6,5496.05,5507.85,0
19/08/2013 15:30:00,5497.55,5499.65,5360.65,5414.75,0
20/08/2013 15:30:00,5353.45,5417.8,5306.35,5401.45,0
21/08/2013 15:30:00,5494.45,5504.1,5268.45,5302.55,0
22/08/2013 15:30:00,5282.8,5418.95,5254.05,5408.45,0
23/08/2013 15:30:00,5428.75,5478.8,5377.8,5471.75,0
26/08/2013 15:30:00,5499.4,5528.7,5454.45,5476.5,0
27/08/2013 15:30:00,5426.5,5427.4,5274.25,5287.45,0
28/08/2013 15:30:00,5233.45,5317.7,5118.85,5285,0
29/08/2013 15:30:00,5316.5,5428.9,5303,5409.05,0
30/08/2013 15:30:00,5407.45,5493.3,5360.2,5471.8,0
02/09/2013 15:30:00,5480.25,5564.9,5478.85,5550.75,0
03/09/2013 15:30:00,5574.7,5580.95,5323.75,5341.45,0
04/09/2013 15:30:00,5358.65,5460.25,5318.9,5448.1,0
05/09/2013 15:30:00,5553.75,5625.75,5552.7,5592.95,0
06/09/2013 15:30:00,5617.45,5688.6,5566.15,5680.4,0
10/09/2013 15:30:00,5738.5,5904.85,5738.2,5896.75,0
11/09/2013 15:30:00,5887.25,5924.35,5832.7,5913.15,0
12/09/2013 15:30:00,5931.15,5932,5815.8,5850.7,0
13/09/2013 15:30:00,5828,5884.3,5822.9,5850.6,0
16/09/2013 15:30:00,5930.3,5957.25,5798.15,5840.55,0
17/09/2013 15:30:00,5824.2,5857.8,5804.9,5850.2,0
18/09/2013 15:30:00,5872.75,5916.9,5840.2,5899.45,0
19/09/2013 15:30:00,6044.15,6142.5,6040.15,6115.55,0
20/09/2013 15:30:00,6104.55,6130.95,5932.85,6012.1,0
23/09/2013 15:30:00,5945.8,5989.4,5871.4,5889.75,0
24/09/2013 15:30:00,5855,5938.4,5854.55,5892.45,0
25/09/2013 15:30:00,5901.55,5910.55,5811.1,5873.85,0
26/09/2013 15:30:00,5872.8,5917.65,5864.1,5882.25,0
27/09/2013 15:30:00,5905.55,5909.2,5819.3,5833.2,0
30/09/2013 15:30:00,5801.05,5810.2,5718.5,5735.3,0
01/10/2013 15:30:00,5756.1,5786.45,5700.95,5780.05,0
03/10/2013 15:30:00,5819.1,5917.6,5802.7,5909.7,0
04/10/2013 15:30:00,5891.3,5950.45,5885,5907.3,0
07/10/2013 15:30:00,5889.05,5912,5825.85,5906.15,0
08/10/2013 15:30:00,5975,5981.7,5913,5928.4,0
09/10/2013 15:30:00,5893.25,6015.5,5877.1,6007.45,0
10/10/2013 15:30:00,6001.05,6033.95,5979.8,6020.95,0
11/10/2013 15:30:00,6104.85,6107.6,6046.4,6096.2,0
14/10/2013 15:30:00,6093,6124.1,6082.9,6112.7,0
15/10/2013 15:30:00,6147.55,6156.3,6056.55,6089.05,0
17/10/2013 15:30:00,6098.5,6110.75,6032.55,6045.85,0
18/10/2013 15:30:00,6070.9,6201.45,6070.9,6189.35,0
21/10/2013 15:30:00,6202,6218.95,6163.3,6204.95,0
22/10/2013 15:30:00,6192.3,6220.1,6181.8,6202.8,0
23/10/2013 15:30:00,6209.55,6217.95,6116.6,6178.35,0
24/10/2013 15:30:00,6162.8,6252.45,6142.95,6164.35,0
25/10/2013 15:30:00,6154,6174.75,6125.95,6144.9,0
28/10/2013 15:30:00,6155.1,6168.75,6094.1,6101.1,0
29/10/2013 15:30:00,6107.55,6228.05,6079.2,6220.9,0
30/10/2013 15:30:00,6230.8,6269.2,6222.6,6251.7,0
31/10/2013 15:30:00,6237.15,6309.05,6235.9,6299.15,0
01/11/2013 15:30:00,6289.75,6332.6,6286.95,6307.2,0
05/11/2013 15:30:00,6282.15,6304.75,6244.3,6253.15,0
06/11/2013 15:30:00,6260.55,6269.7,6208.7,6215.15,0
07/11/2013 15:30:00,6228.9,6288.95,6180.8,6187.25,0
08/11/2013 15:30:00,6170.15,6185.15,6120.95,6140.75,0
11/11/2013 15:30:00,6110.4,6141.65,6067.75,6078.8,0
12/11/2013 15:30:00,6087.25,6108.7,6011.75,6018.05,0
13/11/2013 15:30:00,5998.85,6042.25,5972.45,5989.6,0
14/11/2013 15:30:00,6037,6101.65,6036.65,6056.15,0
18/11/2013 15:30:00,6111.05,6196.8,6110.4,6189,0
19/11/2013 15:30:00,6197.25,6212.4,6180.2,6203.35,0
20/11/2013 15:30:00,6186.85,6204.35,6106.95,6122.9,0
21/11/2013 15:30:00,6096.5,6097.35,5985.4,5999.05,0
22/11/2013 15:30:00,6027.35,6049.6,5972.8,5995.45,0
25/11/2013 15:30:00,6035.95,6123.5,6035.95,6115.35,0
26/11/2013 15:30:00,6099.25,6112.7,6047.75,6059.1,0
27/11/2013 15:30:00,6062.7,6074,6030.3,6057.1,0
28/11/2013 15:30:00,6092,6112.95,6068.3,6091.85,0
29/11/2013 15:30:00,6103.9,6182.5,6103.8,6176.1,0
02/12/2013 15:30:00,6171.15,6228.7,6171.15,6217.85,0
03/12/2013 15:30:00,6204.25,6225.4,6191.4,6201.85,0
04/12/2013 15:30:00,6187.95,6209.15,6149.9,6160.95,0
05/12/2013 15:30:00,6262.45,6300.55,6232,6241.1,0
06/12/2013 15:30:00,6234.4,6275.35,6230.75,6259.9,0
09/12/2013 15:30:00,6415,6415.25,6345,6363.9,0
10/12/2013 15:30:00,6354.7,6362.25,6307.55,6332.85,0
11/12/2013 15:30:00,6307.2,6326.6,6280.25,6307.9,0
12/12/2013 15:30:00,6276.75,6286.85,6230.55,6237.05,0
13/12/2013 15:30:00,6201.3,6208.6,6161.4,6168.4,0
16/12/2013 15:30:00,6168.35,6183.25,6146.05,6154.7,0
17/12/2013 15:30:00,6178.2,6190.55,6133,6139.05,0
18/12/2013 15:30:00,6129.95,6236,6129.95,6217.15,0
19/12/2013 15:30:00,6253.9,6263.75,6150.7,6166.65,0
20/12/2013 15:30:00,6179.95,6284.5,6170.35,6274.25,0
23/12/2013 15:30:00,6267.2,6317.5,6266.95,6284.5,0
24/12/2013 15:30:00,6296.45,6301.5,6262,6268.4,0
26/12/2013 15:30:00,6270.1,6302.75,6259.45,6278.9,0
27/12/2013 15:30:00,6292.8,6324.9,6289.4,6313.8,0
30/12/2013 15:30:00,6336.4,6344.05,6273.15,6291.1,0
31/12/2013 15:30:00,6307.35,6317.3,6287.3,6304,0
01/01/2014 15:30:00,6323.8,6327.2,6298.25,6301.65,0
02/01/2014 15:30:00,6301.25,6358.3,6211.3,6221.15,0
03/01/2014 15:30:00,6194.55,6221.7,6171.25,6211.15,0
06/01/2014 15:30:00,6220.85,6224.7,6170.25,6191.45,0
07/01/2014 15:30:00,6203.9,6221.5,6144.75,6162.25,0
08/01/2014 15:30:00,6178.05,6192.1,6160.35,6174.6,0
09/01/2014 15:30:00,6181.7,6188.05,6148.25,6168.35,0
10/01/2014 15:30:00,6178.85,6239.1,6139.6,6171.45,0
13/01/2014 15:30:00,6189.55,6288.2,6189.55,6272.75,0
14/01/2014 15:30:00,6260.25,6280.35,6234.15,6241.85,0
15/01/2014 15:30:00,6265.95,6325.2,6265.3,6320.9,0
16/01/2014 15:30:00,6341.35,6346.5,6299.85,6318.9,0
17/01/2014 15:30:00,6306.25,6327.1,6246.35,6261.65,0
20/01/2014 15:30:00,6261.75,6307.45,6243.35,6303.95,0
21/01/2014 15:30:00,6320.15,6330.3,6297.9,6313.8,0
22/01/2014 15:30:00,6309.05,6349.95,6287.45,6338.95,0
23/01/2014 15:30:00,6325.95,6355.6,6316.4,6345.65,0
24/01/2014 15:30:00,6301.65,6331.45,6263.9,6266.75,0
27/01/2014 15:30:00,6186.3,6188.55,6130.25,6135.85,0
28/01/2014 15:30:00,6131.85,6163.6,6085.95,6126.25,0
29/01/2014 15:30:00,6161,6170.45,6109.8,6120.25,0
30/01/2014 15:30:00,6067,6082.85,6027.25,6073.7,0
31/01/2014 15:30:00,6082.75,6097.85,6067.35,6089.5,0
03/02/2014 15:30:00,6058.8,6074.85,5994.45,6001.8,0
04/02/2014 15:30:00,5947.6,6017.8,5933.3,6000.9,0
05/02/2014 15:30:00,6004.25,6028.05,5962.05,6022.4,0
06/02/2014 15:30:00,6028.35,6048.35,5965.4,6036.3,0
07/02/2014 15:30:00,6077.65,6079.95,6030.9,6063.2,0
10/02/2014 15:30:00,6072.8,6083.05,6046.4,6053.45,0
11/02/2014 15:30:00,6072.45,6081.85,6053.25,6062.7,0
12/02/2014 15:30:00,6085.35,6106.6,6077.4,6084,0
13/02/2014 15:30:00,6087.55,6094.4,5991.1,6001.1,0
14/02/2014 15:30:00,6023.75,6056.4,5984.6,6048.35,0
17/02/2014 15:30:00,6057.1,6080.65,6038.3,6073.3,0
18/02/2014 15:30:00,6071.3,6141.7,6066.8,6127.1,0
20/02/2014 15:30:00,6127.15,6129.1,6086.45,6091.45,0
21/02/2014 15:30:00,6108.3,6159.65,6108,6155.45,0
24/02/2014 15:30:00,6140.95,6191.85,6130.8,6186.1,0
25/02/2014 15:30:00,6205.7,6216.85,6176.6,6200.05,0
26/02/2014 15:30:00,6202.45,6245.95,6202.1,6238.8,0
28/02/2014 15:30:00,6228.45,6282.7,6228.1,6276.95,0
03/03/2014 15:30:00,6264.35,6277.75,6212.25,6221.45,0
04/03/2014 15:30:00,6216.75,6302.15,6215.7,6297.95,0
05/03/2014 15:30:00,6328.45,6336.25,6287.8,6328.65,0
06/03/2014 15:30:00,6344.75,6406.6,6339.7,6401.15,0
07/03/2014 15:30:00,6413.95,6537.8,6413.55,6526.65,0
10/03/2014 15:30:00,6491.7,6562.2,6487.35,6537.25,0
11/03/2014 15:30:00,6537.35,6562.85,6494.25,6511.9,0
12/03/2014 15:30:00,6497.5,6546.15,6487.3,6516.9,0
13/03/2014 15:30:00,6491.75,6561.45,6476.65,6493.1,0
14/03/2014 15:30:00,6447.25,6518.45,6432.7,6504.2,0
18/03/2014 15:30:00,6532.45,6574.95,6497.65,6516.65,0
19/03/2014 15:30:00,6530,6541.2,6506,6524.05,0
20/03/2014 15:30:00,6508.35,6523.65,6473.25,6483.1,0
21/03/2014 15:30:00,6515.2,6522.9,6485.7,6493.2,0
24/03/2014 15:30:00,6510.5,6591.5,6510.5,6583.5,0
25/03/2014 15:30:00,6550.1,6595.55,6544.85,6589.75,0
26/03/2014 15:30:00,6615.65,6627.45,6580.6,6601.4,0
27/03/2014 15:30:00,6613.1,6673.95,6599.5,6641.75,0
28/03/2014 15:30:00,6673.05,6702.6,6643.8,6695.9,0
31/03/2014 15:30:00,6723.15,6730.05,6662.4,6704.2,0
01/04/2014 15:30:00,6729.5,6732.25,6675.45,6721.05,0
02/04/2014 15:30:00,6757.6,6763.5,6723.6,6752.55,0
03/04/2014 15:30:00,6772.05,6776.75,6696.9,6736.1,0
04/04/2014 15:30:00,6741.85,6741.85,6685.15,6694.35,0
07/04/2014 15:30:00,6694.25,6725.15,6650.4,6695.05,0
09/04/2014 15:30:00,6722,6808.7,6705.1,6796.2,0
10/04/2014 15:30:00,6803.05,6819.05,6777.3,6796.4,0
11/04/2014 15:30:00,6758.35,6789.35,6743.15,6776.3,0
15/04/2014 15:30:00,6792.7,6813.4,6711.75,6733.1,0
16/04/2014 15:30:00,6727.25,6748.65,6665.15,6675.3,0
17/04/2014 15:30:00,6695.45,6783.05,6684.4,6779.4,0
21/04/2014 15:30:00,6789.25,6825.45,6786.9,6817.65,0
22/04/2014 15:30:00,6822.9,6838,6806.25,6815.35,0
23/04/2014 15:30:00,6823.25,6861.6,6820.75,6840.8,0
25/04/2014 15:30:00,6855.8,6869.85,6772.85,6782.75,0
28/04/2014 15:30:00,6778.55,6786.25,6750.3,6761.25,0
29/04/2014 15:30:00,6769,6779.7,6708.65,6715.25,0
30/04/2014 15:30:00,6724.95,6780.15,6656.8,6696.4,0
02/05/2014 15:30:00,6709.95,6737.65,6689.5,6694.8,0
05/05/2014 15:30:00,6681.65,6741.05,6680.45,6699.35,0
06/05/2014 15:30:00,6719.25,6743.45,6701.9,6715.3,0
07/05/2014 15:30:00,6708.6,6718.75,6642.9,6652.55,0
08/05/2014 15:30:00,6669.9,6688.4,6638.55,6659.85,0
09/05/2014 15:30:00,6654.15,6871.35,6652.15,6858.8,0
12/05/2014 15:30:00,6863.4,7020.05,6862.9,7014.25,0
13/05/2014 15:30:00,7080,7172.35,7067.15,7108.75,0
14/05/2014 15:30:00,7112,7142.25,7080.9,7108.75,0
15/05/2014 15:30:00,7111.3,7152.55,7082.55,7123.15,0
16/05/2014 15:30:00,7270.2,7563.5,7130.65,7203,0
19/05/2014 15:30:00,7276.85,7291.1,7193.55,7263.55,0
20/05/2014 15:30:00,7309.95,7353.65,7247.7,7275.5,0
21/05/2014 15:30:00,7274.85,7287.15,7206.7,7252.9,0
22/05/2014 15:30:00,7289.95,7319.55,7258.15,7276.4,0
23/05/2014 15:30:00,7306.5,7381,7293.9,7367.1,0
26/05/2014 15:30:00,7428.75,7504,7269.05,7359.05,0
27/05/2014 15:30:00,7363.1,7372.95,7274.75,7318,0
28/05/2014 15:30:00,7324.95,7344.75,7302.6,7329.65,0
29/05/2014 15:30:00,7316.6,7325.4,7224.4,7235.65,0
30/05/2014 15:30:00,7254.85,7272.5,7118.45,7229.95,0
02/06/2014 15:30:00,7264.05,7368.6,7239.5,7362.5,0
03/06/2014 15:30:00,7375.35,7424.95,7342.15,7415.85,0
04/06/2014 15:30:00,7417.55,7433.3,7391.35,7402.25,0
05/06/2014 15:30:00,7399.75,7484.7,7360.5,7474.1,0
06/06/2014 15:30:00,7521.5,7592.7,7497.65,7583.4,0
09/06/2014 15:30:00,7621.65,7673.7,7580.25,7654.6,0
10/06/2014 15:30:00,7679.05,7683.2,7579.3,7656.4,0
11/06/2014 15:30:00,7672.4,7700.05,7589.05,7626.85,0
12/06/2014 15:30:00,7641.3,7658,7593.8,7649.9,0
13/06/2014 15:30:00,7668.2,7678.5,7525.35,7542.1,0
16/06/2014 15:30:00,7534.8,7548.6,7487.55,7533.55,0
17/06/2014 15:30:00,7525.05,7637.6,7509.25,7631.7,0
18/06/2014 15:30:00,7636.05,7663,7515.5,7558.2,0
19/06/2014 15:30:00,7580.05,7606.45,7502.55,7540.7,0
20/06/2014 15:30:00,7543.3,7560.55,7497.3,7511.45,0
23/06/2014 15:30:00,7514,7534.8,7441.6,7493.35,0
24/06/2014 15:30:00,7515.2,7593.35,7515.2,7580.2,0
25/06/2014 15:30:00,7588.55,7589.25,7557.05,7569.25,0
26/06/2014 15:30:00,7554.1,7570.2,7481.3,7493.2,0
27/06/2014 15:30:00,7514.2,7538.75,7482.3,7508.8,0
30/06/2014 15:30:00,7534.05,7623.65,7531.6,7611.35,0
01/07/2014 15:30:00,7629,7649.5,7618.15,7634.7,0
02/07/2014 15:30:00,7683.05,7732.4,7677.3,7725.15,0
03/07/2014 15:30:00,7734.35,7754.65,7706.8,7714.8,0
04/07/2014 15:30:00,7718.1,7758,7661.3,7751.6,0
07/07/2014 15:30:00,7780.4,7792,7755.1,7787.15,0
08/07/2014 15:30:00,7804.05,7808.85,7595.9,7623.2,0
09/07/2014 15:30:00,7637.95,7650.1,7551.65,7585,0
10/07/2014 15:30:00,7589.5,7731.05,7479.05,7567.75,0
11/07/2014 15:30:00,7584.1,7625.85,7447.2,7459.6,0
14/07/2014 15:30:00,7469,7478.45,7422.15,7454.15,0
15/07/2014 15:30:00,7491.3,7534.9,7459.15,7526.65,0
16/07/2014 15:30:00,7564.15,7640.1,7532.45,7624.4,0
17/07/2014 15:30:00,7612.7,7655.65,7612.7,7640.45,0
18/07/2014 15:30:00,7630.25,7685,7595.5,7663.9,0
21/07/2014 15:30:00,7701.65,7722.1,7674,7684.2,0
22/07/2014 15:30:00,7708.2,7773.85,7704.8,7767.85,0
23/07/2014 15:30:00,7794.9,7809.2,7752.9,7795.75,0
24/07/2014 15:30:00,7796.25,7835.65,7771.65,7830.6,0
25/07/2014 15:30:00,7828.2,7840.95,7748.6,7790.45,0
28/07/2014 15:30:00,7792.9,7799.9,7722.65,7748.7,0
30/07/2014 15:30:00,7746.2,7798.7,7707.6,7791.4,0
31/07/2014 15:30:00,7784.65,7791.85,7711.15,7721.3,0
01/08/2014 15:30:00,7662.5,7716.7,7593.9,7602.6,0
04/08/2014 15:30:00,7639.55,7694.8,7622.05,7683.65,0
05/08/2014 15:30:00,7706.65,7752.45,7638.05,7746.55,0
06/08/2014 15:30:00,7726.15,7740.95,7658.95,7672.05,0
07/08/2014 15:30:00,7651.15,7708.95,7630.4,7649.25,0
08/08/2014 15:30:00,7588.7,7592.45,7540.1,7568.55,0
11/08/2014 15:30:00,7619.85,7635.55,7598.6,7625.95,0
12/08/2014 15:30:00,7688.8,7735.75,7654.8,7727.05,0
13/08/2014 15:30:00,7717.3,7757.1,7695.7,7739.55,0
14/08/2014 15:30:00,7756.15,7796.7,7739.1,7791.7,0
18/08/2014 15:30:00,7785.25,7880.5,7779.2,7874.25,0
19/08/2014 15:30:00,7901,7918.55,7881.15,7897.5,0
20/08/2014 15:30:00,7915.8,7922.7,7864.05,7875.3,0
21/08/2014 15:30:00,7875.35,7919.65,7855.95,7891.1,0
22/08/2014 15:30:00,7904.55,7929.05,7900.05,7913.2,0
25/08/2014 15:30:00,7931.75,7968.25,7897.95,7906.3,0
26/08/2014 15:30:00,7874.5,7915.45,7862.45,7904.75,0
27/08/2014 15:30:00,7933.9,7946.85,7916.55,7936.05,0
28/08/2014 15:30:00,7942.25,7967.8,7939.2,7954.35,0
01/09/2014 15:30:00,7990.35,8035,7984,8027.7,0
02/09/2014 15:30:00,8038.6,8101.95,8036.55,8083.05,0
03/09/2014 15:30:00,8110.85,8141.9,8092.25,8114.6,0
04/09/2014 15:30:00,8114.2,8114.8,8060.9,8095.95,0
05/09/2014 15:30:00,8099.9,8122.7,8049.85,8086.85,0
08/09/2014 15:30:00,8132.95,8180.2,8126.15,8173.9,0
09/09/2014 15:30:00,8161.9,8174.55,8126.5,8152.95,0
10/09/2014 15:30:00,8135.55,8135.75,8082.1,8094.1,0
11/09/2014 15:30:00,8115.15,8127.95,8057.3,8085.7,0
12/09/2014 15:30:00,8087.05,8114.3,8071.6,8105.5,0
15/09/2014 15:30:00,8070.35,8077.3,8030,8042,0
16/09/2014 15:30:00,8036.6,8044.9,7925.15,7932.9,0
17/09/2014 15:30:00,7971.5,7990.65,7936.95,7975.5,0
18/09/2014 15:30:00,7950.65,8120.85,7939.7,8114.75,0
19/09/2014 15:30:00,8129.4,8160.9,8105.35,8121.45,0
22/09/2014 15:30:00,8084.45,8159.9,8064.8,8146.3,0
23/09/2014 15:30:00,8144.4,8159.75,8008.1,8017.55,0
24/09/2014 15:30:00,8015.55,8042.05,7950.05,8002.4,0
25/09/2014 15:30:00,8003.3,8019.3,7877.35,7911.85,0
26/09/2014 15:30:00,7885.85,7993.3,7841.8,7968.85,0
29/09/2014 15:30:00,7978.45,7991.75,7934.7,7958.9,0
30/09/2014 15:30:00,7948.8,8030.9,7923.85,7964.8,0
01/10/2014 15:30:00,7960.5,7977.5,7936.7,7945.55,0
07/10/2014 15:30:00,7897.4,7943.05,7842.7,7852.4,0
08/10/2014 15:30:00,7828.75,7869.9,7815.75,7842.7,0
09/10/2014 15:30:00,7886.5,7972.35,7886.5,7960.55,0
10/10/2014 15:30:00,7911,7924.05,7848.45,7859.95,0
13/10/2014 15:30:00,7831,7901.15,7796,7884.25,0
14/10/2014 15:30:00,7923.25,7928,7825.45,7864,0
16/10/2014 15:30:00,7837.3,7893.9,7729.65,7748.2,0
17/10/2014 15:30:00,7733.75,7819.2,7723.85,7779.7,0
20/10/2014 15:30:00,7896.95,7905.95,7856.95,7879.4,0
21/10/2014 15:30:00,7906.15,7936.6,7874.35,7927.75,0
22/10/2014 15:30:00,7997.8,8005,7974.55,7995.9,0
23/10/2014 15:30:00,8027.7,8031.75,8008.85,8017.3,0
27/10/2014 15:30:00,8064.35,8064.4,7985.65,7991.7,0
28/10/2014 15:30:00,8002.4,8037.8,7995.05,8027.6,0
29/10/2014 15:30:00,8077.05,8097.95,8052.25,8090.45,0
30/10/2014 15:30:00,8085.2,8181.55,8085.2,8169.2,0
31/10/2014 15:30:00,8200.8,8330.75,8198.05,8322.2,0
03/11/2014 15:30:00,8348.15,8350.6,8297.65,8324.15,0
05/11/2014 15:30:00,8351.25,8365.55,8323.5,8338.3,0
07/11/2014 15:30:00,8331.85,8360.35,8290.25,8337,0
10/11/2014 15:30:00,8337.8,8383.05,8304.45,8344.25,0
11/11/2014 15:30:00,8354.1,8378.7,8321.85,8362.65,0
12/11/2014 15:30:00,8378.9,8415.05,8370.5,8383.3,0
13/11/2014 15:30:00,8405.25,8408,8320.35,8357.85,0
14/11/2014 15:30:00,8360.7,8400.65,8346.8,8389.9,0
17/11/2014 15:30:00,8378.4,8438.1,8349.1,8430.75,0
18/11/2014 15:30:00,8441.25,8454.5,8407.25,8425.9,0
19/11/2014 15:30:00,8440.65,8455.65,8360.5,8382.3,0
20/11/2014 15:30:00,8406.5,8410.85,8353.15,8401.9,0
21/11/2014 15:30:00,8408.2,8489.8,8398.6,8477.35,0
24/11/2014 15:30:00,8490.95,8534.65,8490.8,8530.15,0
25/11/2014 15:30:00,8530.8,8535.35,8429.45,8463.1,0
26/11/2014 15:30:00,8450.3,8500.3,8438.65,8475.75,0
27/11/2014 15:30:00,8477.8,8506.75,8456.35,8494.2,0
28/11/2014 15:30:00,8516.8,8617,8516.25,8588.25,0
01/12/2014 15:30:00,8605.1,8623,8545.15,8555.9,0
02/12/2014 15:30:00,8535.45,8560.2,8504.65,8524.7,0
03/12/2014 15:30:00,8528.7,8546.95,8508.35,8537.65,0
04/12/2014 15:30:00,8582.4,8626.95,8526.4,8564.4,0
05/12/2014 15:30:00,8584.25,8588.35,8523.9,8538.3,0
08/12/2014 15:30:00,8538.65,8546.35,8432.25,8438.25,0
09/12/2014 15:30:00,8439.3,8444.5,8330.5,8340.7,0
10/12/2014 15:30:00,8318.05,8376.8,8317,8355.65,0
11/12/2014 15:30:00,8338.85,8348.3,8272.4,8292.9,0
12/12/2014 15:30:00,8302,8321.9,8216.3,8224.1,0
15/12/2014 15:30:00,8160.75,8242.4,8152.5,8219.6,0
16/12/2014 15:30:00,8172.6,8189.35,8052.6,8067.6,0
17/12/2014 15:30:00,8041.2,8082,7961.35,8029.8,0
18/12/2014 15:30:00,8138.9,8174.3,8084.9,8159.3,0
19/12/2014 15:30:00,8230.45,8263.45,8208.6,8225.2,0
22/12/2014 15:30:00,8255,8330.95,8228.2,8324,0
23/12/2014 15:30:00,8324.6,8364.75,8252.85,8267,0
24/12/2014 15:30:00,8272.05,8286.4,8155.25,8174.1,0
26/12/2014 15:30:00,8204.8,8234.55,8147.95,8200.7,0
29/12/2014 15:30:00,8214.7,8279.15,8214.7,8246.3,0
30/12/2014 15:30:00,8260.3,8268.25,8220.55,8248.25,0
31/12/2014 15:30:00,8243.9,8291,8243.75,8282.7,0
01/01/2015 15:30:00,8272.8,8294.7,8248.75,8284,0
02/01/2015 15:30:00,8288.7,8410.6,8288.7,8395.45,0
05/01/2015 15:30:00,8407.95,8445.6,8363.9,8378.4,0
06/01/2015 15:30:00,8325.3,8327.85,8111.35,8127.35,0
07/01/2015 15:30:00,8118.65,8151.2,8065.45,8102.1,0
08/01/2015 15:30:00,8191.4,8243.5,8167.3,8234.6,0
09/01/2015 15:30:00,8285.45,8303.3,8190.8,8284.5,0
12/01/2015 15:30:00,8291.35,8332.6,8245.6,8323,0
13/01/2015 15:30:00,8346.15,8356.65,8267.9,8299.4,0
14/01/2015 15:30:00,8307.25,8326.45,8236.65,8277.55,0
15/01/2015 15:30:00,8424.5,8527.1,8380.55,8494.15,0
16/01/2015 15:30:00,8504.05,8530.75,8452.25,8513.8,0
19/01/2015 15:30:00,8550.05,8570.95,8531.5,8550.7,0
20/01/2015 15:30:00,8575.1,8707.9,8574.5,8695.6,0
21/01/2015 15:30:00,8719.65,8741.85,8689.6,8729.5,0
22/01/2015 15:30:00,8745.85,8774.15,8727,8761.4,0
23/01/2015 15:30:00,8827.95,8866.4,8795.4,8835.6,0
27/01/2015 15:30:00,8871.35,8925.05,8825.45,8910.5,0
28/01/2015 15:30:00,8902.75,8985.05,8874.05,8914.3,0
29/01/2015 15:30:00,8901.5,8966.65,8861.25,8952.35,0
30/01/2015 15:30:00,8996.6,8996.6,8775.1,8808.9,0
02/02/2015 15:30:00,8802.5,8840.8,8751.1,8797.4,0
03/02/2015 15:30:00,8823.15,8837.3,8726.65,8756.55,0
04/02/2015 15:30:00,8789.15,8792.85,8704.4,8723.7,0
05/02/2015 15:30:00,8733.1,8838.45,8683.65,8711.7,0
06/02/2015 15:30:00,8696.85,8726.2,8645.55,8661.05,0
09/02/2015 15:30:00,8584.4,8605.55,8516.35,8526.35,0
10/02/2015 15:30:00,8478.1,8646.25,8470.5,8565.55,0
11/02/2015 15:30:00,8603.3,8651.95,8593.65,8627.4,0
12/02/2015 15:30:00,8676.95,8732.55,8599.25,8711.55,0
13/02/2015 15:30:00,8741.5,8822.1,8729.65,8805.5,0
16/02/2015 15:30:00,8831.4,8870.1,8793.4,8809.35,0
18/02/2015 15:30:00,8811.55,8894.3,8808.9,8869.1,0
19/02/2015 15:30:00,8883.05,8913.45,8794.45,8895.3,0
20/02/2015 15:30:00,8895.5,8899.95,8816.3,8833.6,0
23/02/2015 15:30:00,8856.85,8869,8736.1,8754.95,0
24/02/2015 15:30:00,8772.9,8800.5,8726.75,8762.1,0
25/02/2015 15:30:00,8801.9,8840.65,8751.4,8767.25,0
26/02/2015 15:30:00,8779,8786.05,8669.45,8683.85,0
27/02/2015 15:30:00,8729.5,8856.95,8717.45,8844.6,0
02/03/2015 15:30:00,8953.85,8972.35,8885.45,8956.75,0
03/03/2015 15:30:00,8962.85,9008.4,8925.55,8996.25,0
04/03/2015 15:30:00,9109.15,9119.2,8893.95,8922.65,0
05/03/2015 15:30:00,8929.4,8957.55,8849.35,8937.75,0
09/03/2015 15:30:00,8891.15,8891.3,8740.45,8756.75,0
10/03/2015 15:30:00,8769.75,8778,8677.35,8712.05,0
11/03/2015 15:30:00,8728.75,8755.6,8682.35,8699.95,0
12/03/2015 15:30:00,8740.65,8787.2,8732.9,8776,0
13/03/2015 15:30:00,8844.05,8849.75,8631.75,8647.75,0
16/03/2015 15:30:00,8656.75,8663.55,8612,8633.15,0
17/03/2015 15:30:00,8689.1,8742.55,8630.8,8723.3,0
18/03/2015 15:30:00,8742.9,8747.25,8664,8685.9,0
19/03/2015 15:30:00,8749.45,8788.2,8614.65,8634.65,0
20/03/2015 15:30:00,8627.9,8627.9,8553,8570.9,0
23/03/2015 15:30:00,8591.55,8608.35,8540.55,8550.9,0
24/03/2015 15:30:00,8537.05,8627.75,8535.85,8542.95,0
25/03/2015 15:30:00,8568.9,8573.75,8516.55,8530.8,0
26/03/2015 15:30:00,8474.95,8499.45,8325.35,8342.15,0
27/03/2015 15:30:00,8396,8413.2,8269.15,8341.4,0
30/03/2015 15:30:00,8390.95,8504.55,8380.75,8492.3,0
31/03/2015 15:30:00,8527.6,8550.45,8454.15,8491,0
01/04/2015 15:30:00,8483.7,8603.4,8464.75,8586.25,0
06/04/2015 15:30:00,8615.8,8667.55,8573.75,8659.9,0
07/04/2015 15:30:00,8684.45,8693.6,8586.85,8660.3,0
08/04/2015 15:30:00,8698.95,8730.5,8679.8,8714.4,0
09/04/2015 15:30:00,8756.2,8785.5,8682.45,8778.3,0
10/04/2015 15:30:00,8774.35,8787.4,8733.6,8780.35,0
13/04/2015 15:30:00,8801.75,8841.65,8762.1,8834,0
15/04/2015 15:30:00,8844.75,8844.8,8722.4,8750.2,0
16/04/2015 15:30:00,8757.05,8760,8645.65,8706.7,0
17/04/2015 15:30:00,8698.05,8699.85,8596.7,8606,0
20/04/2015 15:30:00,8618.8,8619.95,8422.75,8448.1,0
21/04/2015 15:30:00,8416.1,8469.35,8352.7,8377.75,0
22/04/2015 15:30:00,8400.4,8449.95,8284.7,8429.7,0
23/04/2015 15:30:00,8478.2,8504.95,8361.85,8398.3,0
24/04/2015 15:30:00,8405.7,8413.3,8273.35,8305.25,0
27/04/2015 15:30:00,8330.55,8334.45,8202.35,8213.8,0
28/04/2015 15:30:00,8215.55,8308,8185.15,8285.6,0
29/04/2015 15:30:00,8274.8,8308.2,8219.2,8239.75,0
30/04/2015 15:30:00,8224.5,8229.4,8144.75,8181.5,0
04/05/2015 15:30:00,8230.05,8346,8220.45,8331.95,0
05/05/2015 15:30:00,8338.4,8355.65,8280.6,8324.8,0
06/05/2015 15:30:00,8316.6,8331.95,8083,8097,0
07/05/2015 15:30:00,8077,8122.6,7997.15,8057.3,0
08/05/2015 15:30:00,8131.5,8224.95,8123.45,8191.5,0
11/05/2015 15:30:00,8243.2,8332.75,8224.65,8325.25,0
12/05/2015 15:30:00,8326.15,8326.65,8115.3,8126.95,0
13/05/2015 15:30:00,8181.55,8254.95,8089.8,8235.45,0
14/05/2015 15:30:00,8232.45,8236.25,8137.3,8224.2,0
15/05/2015 15:30:00,8240.3,8279.2,8212.2,8262.35,0
18/05/2015 15:30:00,8284.95,8384.6,8271.95,8373.65,0
19/05/2015 15:30:00,8356.2,8427.8,8335,8365.65,0
20/05/2015 15:30:00,8392.65,8440.35,8391.45,8423.25,0
21/05/2015 15:30:00,8434.5,8446.35,8382.5,8421,0
22/05/2015 15:30:00,8432.5,8489.55,8420.6,8458.95,0
25/05/2015 15:30:00,8438.15,8441.95,8364.15,8370.25,0
26/05/2015 15:30:00,8377.1,8378.9,8320.05,8339.35,0
27/05/2015 15:30:00,8302.75,8342.85,8277.95,8334.6,0
28/05/2015 15:30:00,8345.7,8364.5,8270.15,8319,0
29/05/2015 15:30:00,8327.1,8443.9,8305.7,8433.65,0
01/06/2015 15:30:00,8417.25,8467.15,8405.4,8433.4,0
02/06/2015 15:30:00,8442.8,8445.35,8226.05,8236.45,0
03/06/2015 15:30:00,8232.45,8236.7,8094.15,8135.1,0
04/06/2015 15:30:00,8155.15,8160.05,8056.75,8130.65,0
05/06/2015 15:30:00,8119.15,8191,8100.15,8114.7,0
08/06/2015 15:30:00,8124.35,8131,8030.55,8044.15,0
09/06/2015 15:30:00,8026.5,8057.15,8005.15,8022.4,0
10/06/2015 15:30:00,8024.15,8152.25,8023.8,8124.45,0
11/06/2015 15:30:00,8157.3,8163.05,7958.25,7965.35,0
12/06/2015 15:30:00,7959.85,7995.6,7940.3,7982.9,0
15/06/2015 15:30:00,7986.6,8057.7,7944.85,8013.9,0
16/06/2015 15:30:00,8004.2,8061.85,7952.35,8047.3,0
17/06/2015 15:30:00,8084.2,8136.85,8048.95,8091.55,0
18/06/2015 15:30:00,8113.7,8186.9,8101.8,8174.6,0
19/06/2015 15:30:00,8201.15,8250.8,8195.65,8224.95,0
22/06/2015 15:30:00,8259.3,8369.45,8257.4,8353.1,0
23/06/2015 15:30:00,8377.45,8398.45,8334.95,8381.55,0
24/06/2015 15:30:00,8399.4,8421.35,8338.9,8360.85,0
25/06/2015 15:30:00,8336.25,8423.15,8329.5,8398,0
26/06/2015 15:30:00,8393.95,8408.55,8339.7,8381.1,0
29/06/2015 15:30:00,8247.05,8329.45,8195.65,8318.4,0
30/06/2015 15:30:00,8316.35,8378,8298.95,8368.5,0
01/07/2015 15:30:00,8376.25,8481.6,8370.15,8453.05,0
02/07/2015 15:30:00,8471.95,8479.25,8433.2,8444.9,0
03/07/2015 15:30:00,8440.1,8497.75,8424.15,8484.9,0
06/07/2015 15:30:00,8386.15,8533.15,8386.15,8522.15,0
07/07/2015 15:30:00,8525.5,8561.35,8483.85,8510.8,0
08/07/2015 15:30:00,8439.2,8457.5,8341.4,8363.05,0
09/07/2015 15:30:00,8364.85,8400.3,8323,8328.55,0
10/07/2015 15:30:00,8365.7,8377.1,8315.4,8360.55,0
13/07/2015 15:30:00,8397.25,8471.65,8355.4,8459.65,0
14/07/2015 15:30:00,8470.6,8480.25,8424.1,8454.1,0
15/07/2015 15:30:00,8463.4,8531.4,8462.95,8523.8,0
16/07/2015 15:30:00,8546.15,8616.1,8542.9,8608.05,0
17/07/2015 15:30:00,8623.65,8642.95,8593.15,8609.85,0
20/07/2015 15:30:00,8623.9,8624.1,8559,8603.45,0
21/07/2015 15:30:00,8601.5,8646.75,8517.9,8529.45,0
22/07/2015 15:30:00,8512.25,8643.9,8498.65,8633.5,0
23/07/2015 15:30:00,8643.95,8654.75,8573.8,8589.8,0
24/07/2015 15:30:00,8588.15,8589.15,8513.5,8521.55,0
27/07/2015 15:30:00,8492.1,8492.2,8351.55,8361,0
28/07/2015 15:30:00,8371.1,8397.4,8321.75,8337,0
29/07/2015 15:30:00,8365.6,8381.5,8338.45,8375.05,0
30/07/2015 15:30:00,8417,8458.9,8408.3,8421.8,0
31/07/2015 15:30:00,8456.1,8548.95,8448,8532.85,0
03/08/2015 15:30:00,8510.65,8563.95,8508.1,8543.05,0
04/08/2015 15:30:00,8564.1,8565.15,8448.25,8516.9,0
05/08/2015 15:30:00,8547.45,8591.85,8545.85,8567.95,0
06/08/2015 15:30:00,8585.8,8606.3,8551.5,8588.65,0
07/08/2015 15:30:00,8580.8,8595.95,8552.7,8564.6,0
10/08/2015 15:30:00,8577,8621.55,8497.8,8525.6,0
11/08/2015 15:30:00,8548.45,8556.25,8441.3,8462.35,0
12/08/2015 15:30:00,8445.7,8446.95,8337.95,8349.45,0
13/08/2015 15:30:00,8384.45,8429.5,8339.75,8355.85,0
14/08/2015 15:30:00,8402.35,8530.1,8381.2,8518.55,0
17/08/2015 15:30:00,8530.5,8530.6,8428.05,8477.3,0
18/08/2015 15:30:00,8505.85,8525.75,8433.6,8466.55,0
19/08/2015 15:30:00,8468.05,8520.45,8425.95,8495.15,0
20/08/2015 15:30:00,8471.05,8501.35,8359.75,8372.75,0
21/08/2015 15:30:00,8305.4,8322.2,8225.05,8299.95,0
24/08/2015 15:30:00,8055.95,8060.05,7769.4,7809,0
25/08/2015 15:30:00,7895.4,7925.4,7667.25,7880.7,0
26/08/2015 15:30:00,7865.25,7930.05,7777.1,7791.85,0
27/08/2015 15:30:00,7921.6,7963.6,7862.3,7948.95,0
28/08/2015 15:30:00,8053.7,8091.8,7961.65,8001.95,0
31/08/2015 15:30:00,8009.25,8043.6,7947.95,7971.3,0
01/09/2015 15:30:00,7907.95,7929.1,7746.5,7785.85,0
02/09/2015 15:30:00,7856.65,7862.55,7699.25,7717,0
03/09/2015 15:30:00,7774.45,7845.6,7754.05,7823,0
04/09/2015 15:30:00,7803.4,7804.9,7626.85,7655.05,0
07/09/2015 15:30:00,7685.85,7705.05,7545.9,7558.8,0
08/09/2015 15:30:00,7587.7,7720.9,7539.5,7688.25,0
09/09/2015 15:30:00,7805.85,7846.05,7764.55,7818.6,0
10/09/2015 15:30:00,7729.05,7819.85,7678.5,7788.1,0
11/09/2015 15:30:00,7833.8,7864.85,7759.9,7789.3,0
14/09/2015 15:30:00,7811.1,7879.95,7761.85,7872.25,0
15/09/2015 15:30:00,7867.35,7880,7799.75,7829.1,0
16/09/2015 15:30:00,7886.85,7913.9,7853.3,7899.15,0
18/09/2015 15:30:00,7967.45,8055,7955.85,7981.9,0
21/09/2015 15:30:00,7911.5,7987.9,7908.35,7977.1,0
22/09/2015 15:30:00,8014.8,8021.6,7787.75,7812,0
23/09/2015 15:30:00,7737.35,7882.9,7723.25,7845.95,0
24/09/2015 15:30:00,7838.4,7894.5,7804.1,7868.5,0
28/09/2015 15:30:00,7892.8,7893.95,7787.95,7795.7,0
29/09/2015 15:30:00,7725.7,7926.55,7691.2,7843.3,0
30/09/2015 15:30:00,7924.25,7957.7,7874.5,7948.9,0
01/10/2015 15:30:00,7992.05,8008.25,7930.65,7950.9,0
05/10/2015 15:30:00,8005.1,8128.9,8005.1,8119.3,0
06/10/2015 15:30:00,8180.45,8180.95,8096.5,8152.9,0
07/10/2015 15:30:00,8146.2,8188.9,8132.9,8177.4,0
08/10/2015 15:30:00,8196.75,8196.75,8105.85,8129.35,0
09/10/2015 15:30:00,8186.35,8232.2,8139.65,8189.7,0
12/10/2015 15:30:00,8231.5,8244.5,8128.2,8143.6,0
13/10/2015 15:30:00,8121.95,8150.25,8088.6,8131.7,0
14/10/2015 15:30:00,8102.4,8139.3,8096.35,8107.9,0
15/10/2015 15:30:00,8134.35,8190.55,8129.8,8179.5,0
16/10/2015 15:30:00,8193.65,8246.4,8147.65,8238.15,0
19/10/2015 15:30:00,8262.55,8283.05,8239.2,8275.05,0
20/10/2015 15:30:00,8280.3,8294.05,8229.2,8261.65,0
21/10/2015 15:30:00,8258.35,8294.4,8217.15,8251.7,0
23/10/2015 15:30:00,8308.25,8328.1,8280.75,8295.45,0
26/10/2015 15:30:00,8333.65,8336.3,8252.05,8260.55,0
27/10/2015 15:30:00,8230.35,8241.95,8217.05,8232.9,0
28/10/2015 15:30:00,8188.9,8209.1,8131.8,8171.2,0
29/10/2015 15:30:00,8175.45,8179.6,8098,8111.75,0
30/10/2015 15:30:00,8123.55,8146.1,8044.4,8065.8,0
02/11/2015 15:30:00,8054.55,8060.7,7995.6,8050.8,0
03/11/2015 15:30:00,8086.35,8100.35,8031.75,8060.7,0
04/11/2015 15:30:00,8104.9,8116.1,8027.3,8040.2,0
05/11/2015 15:30:00,8030.35,8031.2,7944.1,7955.45,0
06/11/2015 15:30:00,7956.55,8002.65,7926.15,7954.3,0
09/11/2015 15:30:00,7788.25,7937.75,7771.7,7915.2,0
10/11/2015 15:30:00,7877.6,7885.1,7772.85,7783.35,0
13/11/2015 15:30:00,7762.45,7775.1,7730.9,7762.25,0
16/11/2015 15:30:00,7732.95,7838.85,7714.15,7806.6,0
17/11/2015 15:30:00,7848.75,7860.45,7793,7837.55,0
18/11/2015 15:30:00,7823.15,7843.4,7725.05,7731.8,0
19/11/2015 15:30:00,7788.5,7854.9,7765.45,7842.75,0
20/11/2015 15:30:00,7841.9,7906.95,7817.8,7856.55,0
23/11/2015 15:30:00,7869.5,7877.5,7825.2,7849.25,0
24/11/2015 15:30:00,7837,7870.35,7812.65,7831.6,0
26/11/2015 15:30:00,7837.15,7897.1,7832,7883.8,0
27/11/2015 15:30:00,7910.6,7959.3,7879.45,7942.7,0
30/11/2015 15:30:00,7936.25,7966,7922.8,7935.25,0
01/12/2015 15:30:00,7958.15,7972.15,7934.15,7954.9,0
02/12/2015 15:30:00,7976.7,7979.3,7910.8,7931.35,0
03/12/2015 15:30:00,7902.3,7912.3,7853.3,7864.15,0
04/12/2015 15:30:00,7817.6,7821.4,7775.7,7781.9,0
07/12/2015 15:30:00,7816.55,7825.4,7746.05,7765.4,0
08/12/2015 15:30:00,7738.5,7771.25,7685.45,7701.7,0
09/12/2015 15:30:00,7695.5,7702.85,7606.9,7612.5,0
10/12/2015 15:30:00,7643.3,7691.95,7610,7683.3,0
11/12/2015 15:30:00,7699.6,7703.05,7575.3,7610.45,0
14/12/2015 15:30:00,7558.2,7663.95,7551.05,7650.05,0
15/12/2015 15:30:00,7659.15,7705,7625.1,7700.9,0
16/12/2015 15:30:00,7725.25,7776.6,7715.75,7750.9,0
17/12/2015 15:30:00,7783.05,7852.9,7737.55,7844.35,0
18/12/2015 15:30:00,7828.9,7836.15,7753.35,7761.95,0
21/12/2015 15:30:00,7745.65,7840.75,7733.45,7834.45,0
22/12/2015 15:30:00,7829.4,7846.3,7776.85,7786.1,0
23/12/2015 15:30:00,7830.45,7871.45,7826.1,7865.95,0
24/12/2015 15:30:00,7888.75,7888.75,7835.5,7861.05,0
28/12/2015 15:30:00,7863.2,7937.2,7863,7925.15,0
29/12/2015 15:30:00,7929.2,7942.15,7902.75,7928.95,0
30/12/2015 15:30:00,7938.6,7944.75,7889.85,7896.25,0
31/12/2015 15:30:00,7897.8,7955.55,7891.15,7946.35,0
01/01/2016 15:30:00,7938.45,7972.55,7909.8,7963.2,0
04/01/2016 15:30:00,7924.55,7937.55,7781.1,7791.3,0
05/01/2016 15:30:00,7828.4,7831.2,7763.25,7784.65,0
06/01/2016 15:30:00,7788.05,7800.95,7721.2,7741,0
07/01/2016 15:30:00,7673.35,7674.95,7556.6,7568.3,0
08/01/2016 15:30:00,7611.65,7634.1,7581.05,7601.35,0
11/01/2016 15:30:00,7527.45,7605.1,7494.35,7563.85,0
12/01/2016 15:30:00,7587.2,7588.3,7487.8,7510.3,0
13/01/2016 15:30:00,7557.9,7590.95,7425.8,7562.4,0
14/01/2016 15:30:00,7467.4,7604.8,7443.8,7536.8,0
15/01/2016 15:30:00,7561.65,7566.5,7427.3,7437.8,0
18/01/2016 15:30:00,7420.35,7463.65,7336.4,7351,0
19/01/2016 15:30:00,7381.8,7462.75,7364.15,7435.1,0
20/01/2016 15:30:00,7357,7470.9,7241.5,7309.3,0
21/01/2016 15:30:00,7376.65,7398.7,7250,7276.8,0
22/01/2016 15:30:00,7355.7,7433.4,7327.6,7422.45,0
25/01/2016 15:30:00,7468.75,7487.15,7421.2,7436.15,0
27/01/2016 15:30:00,7469.6,7477.9,7419.7,7437.75,0
28/01/2016 15:30:00,7426.5,7468.85,7409.6,7424.65,0
29/01/2016 15:30:00,7413.35,7575.65,7402.8,7563.55,0
01/02/2016 15:30:00,7589.5,7600.45,7541.25,7555.95,0
02/02/2016 15:30:00,7566.65,7576.3,7428.05,7455.55,0
03/02/2016 15:30:00,7392.45,7419.4,7350.3,7361.8,0
04/02/2016 15:30:00,7411.45,7457.05,7365.95,7404,0
05/02/2016 15:30:00,7418.25,7503.15,7406.65,7489.1,0
08/02/2016 15:30:00,7489.7,7512.55,7363.2,7387.25,0
09/02/2016 15:30:00,7303.95,7323.45,7275.15,7298.2,0
10/02/2016 15:30:00,7264.3,7271.85,7177.75,7215.7,0
11/02/2016 15:30:00,7203.6,7208.65,6959.95,6976.35,0
12/02/2016 15:30:00,7023.65,7034.8,6869,6980.95,0
15/02/2016 15:30:00,7057.35,7182.8,7056.8,7162.95,0
16/02/2016 15:30:00,7201.25,7204.65,7037.7,7048.25,0
17/02/2016 15:30:00,7058.85,7123.7,6960.65,7108.45,0
18/02/2016 15:30:00,7177.4,7215.1,7127.85,7191.75,0
19/02/2016 15:30:00,7170.55,7226.85,7145.95,7210.75,0
22/02/2016 15:30:00,7208.85,7252.4,7200.7,7234.55,0
23/02/2016 15:30:00,7240.3,7241.7,7090.7,7109.55,0
24/02/2016 15:30:00,7075,7090.8,7009.75,7018.7,0
25/02/2016 15:30:00,7029.85,7034.2,6961.4,6970.6,0
26/02/2016 15:30:00,7039.3,7052.9,6985.1,7029.75,0
29/02/2016 15:30:00,7050.45,7094.6,6825.8,6987.05,0
01/03/2016 15:30:00,7038.25,7235.5,7035.1,7222.3,0
02/03/2016 15:30:00,7321.7,7380.35,7308.15,7368.85,0
03/03/2016 15:30:00,7429.55,7483.95,7406.05,7475.6,0
04/03/2016 15:30:00,7505.4,7505.9,7444.1,7485.35,0
08/03/2016 15:30:00,7486.4,7527.15,7442.15,7485.3,0
09/03/2016 15:30:00,7436.1,7539,7424.3,7531.8,0
10/03/2016 15:30:00,7545.35,7547.1,7447.4,7486.15,0
11/03/2016 15:30:00,7484.85,7543.95,7460.6,7510.2,0
14/03/2016 15:30:00,7542.6,7583.7,7515.05,7538.75,0
15/03/2016 15:30:00,7535.85,7545.2,7452.8,7460.6,0
16/03/2016 15:30:00,7457.05,7508,7405.15,7498.75,0
17/03/2016 15:30:00,7557.4,7585.3,7479.4,7512.55,0
18/03/2016 15:30:00,7534.65,7613.6,7517.9,7604.35,0
21/03/2016 15:30:00,7619.2,7713.55,7617.7,7704.25,0
22/03/2016 15:30:00,7695.55,7728.2,7643.8,7714.9,0
23/03/2016 15:30:00,7717.45,7726.85,7670.6,7716.5,0
28/03/2016 15:30:00,7741,7749.4,7587.7,7615.1,0
29/03/2016 15:30:00,7606.55,7652.9,7582.25,7597,0
30/03/2016 15:30:00,7651.1,7741.95,7643.45,7735.2,0
31/03/2016 15:30:00,7727.65,7777.6,7702,7738.4,0
01/04/2016 15:30:00,7718.05,7740.15,7666.1,7713.05,0
04/04/2016 15:30:00,7733.15,7764.45,7704.4,7758.8,0
05/04/2016 15:30:00,7736.3,7736.3,7588.65,7603.2,0
06/04/2016 15:30:00,7636.05,7638.65,7591.75,7614.35,0
07/04/2016 15:30:00,7630.4,7630.75,7535.85,7546.45,0
08/04/2016 15:30:00,7542.35,7569.35,7526.7,7555.2,0
11/04/2016 15:30:00,7577.8,7678.8,7516.85,7671.4,0
12/04/2016 15:30:00,7669.25,7717.4,7663.35,7708.95,0
13/04/2016 15:30:00,7777.15,7864.8,7772.2,7850.45,0
18/04/2016 15:30:00,7908.15,7920.6,7842.75,7914.7,0
20/04/2016 15:30:00,7950.05,7950.4,7877.55,7914.75,0
21/04/2016 15:30:00,7953.65,7978.45,7884.1,7912.05,0
22/04/2016 15:30:00,7891.8,7923.35,7873.35,7899.3,0
25/04/2016 15:30:00,7894.8,7911,7827,7855.05,0
26/04/2016 15:30:00,7828.15,7974.5,7822.55,7962.65,0
27/04/2016 15:30:00,7942,7991,7940.55,7979.9,0
28/04/2016 15:30:00,7967.4,7992,7834.45,7847.25,0
29/04/2016 15:30:00,7844.25,7889.05,7788.7,7849.8,0
02/05/2016 15:30:00,7822.7,7829.8,7777.3,7805.9,0
03/05/2016 15:30:00,7824.8,7890.25,7735.15,7747,0
04/05/2016 15:30:00,7724.15,7749,7697.25,7706.55,0
05/05/2016 15:30:00,7731,7777.55,7706.85,7735.5,0
06/05/2016 15:30:00,7717.65,7738.9,7678.35,7733.45,0
09/05/2016 15:30:00,7755.25,7873.65,7753.55,7866.05,0
10/05/2016 15:30:00,7873.55,7896.9,7837.7,7887.8,0
11/05/2016 15:30:00,7804.65,7893.1,7780.9,7848.85,0
12/05/2016 15:30:00,7871.45,7916.05,7849.65,7900.4,0
13/05/2016 15:30:00,7881,7881,7784.2,7814.9,0
16/05/2016 15:30:00,7831.2,7873.9,7772.15,7860.75,0
17/05/2016 15:30:00,7896.85,7940.1,7879.7,7890.75,0
18/05/2016 15:30:00,7846.75,7882.05,7810.75,7870.15,0
19/05/2016 15:30:00,7875.5,7876.2,7766.8,7783.4,0
20/05/2016 15:30:00,7792.2,7812.4,7735.75,7749.7,0
23/05/2016 15:30:00,7813.95,7820.6,7722.2,7731.05,0
24/05/2016 15:30:00,7738.05,7761.55,7715.8,7748.85,0
25/05/2016 15:30:00,7811.8,7941.2,7809.3,7934.9,0
26/05/2016 15:30:00,7974.45,8083,7948.5,8069.65,0
27/05/2016 15:30:00,8081.95,8164.2,8077.05,8156.65,0
30/05/2016 15:30:00,8166.5,8200,8150.8,8178.5,0
31/05/2016 15:30:00,8209.85,8213.6,8134.3,8160.1,0
01/06/2016 15:30:00,8179.2,8215.35,8171.05,8179.95,0
02/06/2016 15:30:00,8156.9,8229.5,8154.75,8218.95,0
03/06/2016 15:30:00,8246.2,8262,8209.85,8220.8,0
06/06/2016 15:30:00,8228.75,8234.7,8186.05,8201.05,0
07/06/2016 15:30:00,8235.55,8294.95,8216.4,8266.45,0
08/06/2016 15:30:00,8285.5,8288.9,8252.05,8273.05,0
09/06/2016 15:30:00,8273.35,8273.35,8184.6,8203.6,0
10/06/2016 15:30:00,8180.25,8265.6,8162.85,8170.05,0
13/06/2016 15:30:00,8102.25,8125.25,8063.9,8110.6,0
14/06/2016 15:30:00,8134.4,8134.95,8069.5,8108.85,0
15/06/2016 15:30:00,8139.4,8213.2,8123.15,8206.6,0
16/06/2016 15:30:00,8180.65,8180.65,8074.45,8140.75,0
17/06/2016 15:30:00,8176.65,8195.25,8135.8,8170.2,0
20/06/2016 15:30:00,8115.75,8244.15,8107.35,8238.5,0
21/06/2016 15:30:00,8255.4,8257.25,8202.15,8219.9,0
22/06/2016 15:30:00,8213.65,8238.35,8153.25,8203.7,0
23/06/2016 15:30:00,8201.15,8285.6,8188.3,8270.45,0
24/06/2016 15:30:00,8029.1,8100.7,7927.05,8088.6,0
27/06/2016 15:30:00,8039.35,8120.65,8039.35,8094.7,0
28/06/2016 15:30:00,8096.05,8146.35,8086.85,8127.85,0
29/06/2016 15:30:00,8173.1,8212.4,8157.65,8204,0
30/06/2016 15:30:00,8260.25,8308.15,8242.1,8287.75,0
01/07/2016 15:30:00,8313.05,8356.75,8308.65,8328.35,0
04/07/2016 15:30:00,8376.75,8398.45,8364.7,8370.7,0
05/07/2016 15:30:00,8379.3,8381.45,8319.95,8335.95,0
07/07/2016 15:30:00,8342,8361.95,8317.7,8337.9,0
08/07/2016 15:30:00,8350,8353.3,8287.55,8323.2,0
11/07/2016 15:30:00,8413.35,8475.25,8407.05,8467.9,0
12/07/2016 15:30:00,8502.6,8526.6,8479.2,8521.05,0
13/07/2016 15:30:00,8540.45,8550.25,8493.55,8519.5,0
14/07/2016 15:30:00,8515.75,8571.4,8500.7,8565,0
15/07/2016 15:30:00,8565.45,8594.8,8510.05,8541.4,0
18/07/2016 15:30:00,8564.05,8587.1,8494.35,8508.7,0
19/07/2016 15:30:00,8514.3,8540.05,8476.7,8528.55,0
20/07/2016 15:30:00,8515.45,8569.9,8512.55,8565.85,0
21/07/2016 15:30:00,8582.7,8585.25,8503.45,8510.1,0
22/07/2016 15:30:00,8519.65,8548.95,8489.8,8541.2,0
25/07/2016 15:30:00,8519.95,8641.15,8517.2,8635.65,0
26/07/2016 15:30:00,8633.75,8644.9,8577.15,8590.65,0
27/07/2016 15:30:00,8599.4,8665,8572.05,8615.8,0
28/07/2016 15:30:00,8636.95,8674.7,8625.25,8666.3,0
29/07/2016 15:30:00,8668.3,8670.35,8631.15,8638.5,0
01/08/2016 15:30:00,8654.3,8711.3,8590.5,8636.55,0
02/08/2016 15:30:00,8647.45,8687.2,8611.4,8622.9,0
03/08/2016 15:30:00,8635.2,8635.45,8529.6,8544.85,0
04/08/2016 15:30:00,8599.95,8601.4,8518.15,8551.1,0
05/08/2016 15:30:00,8600.2,8689.4,8590.15,8683.15,0
08/08/2016 15:30:00,8712.85,8723.5,8697.6,8711.35,0
09/08/2016 15:30:00,8727.8,8728.35,8638.2,8678.25,0
10/08/2016 15:30:00,8686.7,8690.1,8564.6,8575.3,0
11/08/2016 15:30:00,8572.8,8601.15,8540.05,8592.15,0
12/08/2016 15:30:00,8605.45,8684.3,8604.45,8672.15,0
16/08/2016 15:30:00,8670.25,8682.35,8600.45,8642.55,0
17/08/2016 15:30:00,8639.8,8667.1,8603.6,8624.05,0
18/08/2016 15:30:00,8648.85,8690.7,8645.05,8673.25,0
19/08/2016 15:30:00,8694.3,8696.6,8647.1,8666.9,0
22/08/2016 15:30:00,8667,8684.85,8614,8629.15,0
23/08/2016 15:30:00,8628.35,8642.15,8580,8632.6,0
24/08/2016 15:30:00,8648.5,8661.05,8620.9,8650.3,0
25/08/2016 15:30:00,8668.85,8683.05,8583.65,8592.2,0
26/08/2016 15:30:00,8614.35,8622.95,8547.55,8572.55,0
29/08/2016 15:30:00,8583.75,8622,8543.75,8607.45,0
30/08/2016 15:30:00,8646.75,8750.6,8642.25,8744.35,0
31/08/2016 15:30:00,8754.05,8819.2,8754.05,8786.2,0
01/09/2016 15:30:00,8793.6,8813.25,8759.95,8774.65,0
02/09/2016 15:30:00,8796.35,8824.1,8768.2,8809.65,0
06/09/2016 15:30:00,8852.7,8950.85,8848.45,8943,0
07/09/2016 15:30:00,8968.7,8968.7,8913.35,8917.95,0
08/09/2016 15:30:00,8915.5,8960.35,8896,8952.5,0
09/09/2016 15:30:00,8934.3,8939.15,8858.7,8866.7,0
12/09/2016 15:30:00,8732.95,8746.95,8699.4,8715.6,0
14/09/2016 15:30:00,8710.65,8739.85,8688.9,8726.6,0
15/09/2016 15:30:00,8743.85,8751.95,8704.35,8742.55,0
16/09/2016 15:30:00,8780.85,8847.65,8750.5,8779.85,0
19/09/2016 15:30:00,8788.45,8824.3,8774.2,8808.4,0
20/09/2016 15:30:00,8816.1,8816.45,8759.3,8775.9,0
21/09/2016 15:30:00,8790.3,8826.85,8757.3,8777.15,0
22/09/2016 15:30:00,8873.35,8893.35,8837.8,8867.45,0
23/09/2016 15:30:00,8880.75,8885.2,8820.3,8831.55,0
26/09/2016 15:30:00,8807.9,8809.55,8715.1,8723.05,0
27/09/2016 15:30:00,8748.9,8768.5,8690.5,8706.4,0
28/09/2016 15:30:00,8711.2,8767.05,8703.15,8745.15,0
29/09/2016 15:30:00,8792.7,8800.65,8558.25,8591.25,0
30/09/2016 15:30:00,8581.5,8637.15,8555.2,8611.15,0
03/10/2016 15:30:00,8666.15,8745.2,8635,8738.1,0
04/10/2016 15:30:00,8770,8783.65,8736.1,8769.15,0
05/10/2016 15:30:00,8806.35,8806.95,8731.4,8743.95,0
06/10/2016 15:30:00,8768.7,8781.15,8684.65,8709.55,0
07/10/2016 15:30:00,8721.7,8723.7,8663.8,8697.6,0
10/10/2016 15:30:00,8735.35,8745.8,8703.95,8708.8,0
13/10/2016 15:30:00,8671.5,8681.55,8541.35,8573.35,0
14/10/2016 15:30:00,8594,8604.45,8549.8,8583.4,0
17/10/2016 15:30:00,8612.95,8615.4,8506.15,8520.4,0
18/10/2016 15:30:00,8556.05,8685.1,8555.9,8677.9,0
19/10/2016 15:30:00,8697.5,8698.75,8636.7,8659.1,0
20/10/2016 15:30:00,8693.35,8727,8678.3,8699.4,0
21/10/2016 15:30:00,8708.6,8709.1,8652.05,8693.05,0
24/10/2016 15:30:00,8709.85,8736.95,8684.15,8708.95,0
25/10/2016 15:30:00,8721.7,8722.65,8663.45,8691.3,0
26/10/2016 15:30:00,8657.3,8657.3,8596.6,8615.25,0
27/10/2016 15:30:00,8607.1,8624.85,8550.25,8615.25,0
28/10/2016 15:30:00,8625,8653.75,8581.75,8638,0
01/11/2016 15:30:00,8653.15,8669.6,8614.5,8626.25,0
02/11/2016 15:30:00,8542.8,8549.5,8504.85,8514,0
03/11/2016 15:30:00,8499.85,8537.65,8476.15,8484.95,0
04/11/2016 15:30:00,8503.6,8504,8400.25,8433.75,0
07/11/2016 15:30:00,8535.75,8535.85,8481.45,8497.05,0
08/11/2016 15:30:00,8540,8559.4,8480.1,8543.55,0
09/11/2016 15:30:00,8067.5,8476.2,8002.25,8432,0
10/11/2016 15:30:00,8555.6,8598.45,8510.7,8525.75,0
11/11/2016 15:30:00,8456.65,8460.6,8284.95,8296.3,0
15/11/2016 15:30:00,8284.85,8288.55,8093.2,8108.45,0
16/11/2016 15:30:00,8205.65,8210.05,8089.4,8111.6,0
17/11/2016 15:30:00,8105.1,8151.25,8060.3,8079.95,0
18/11/2016 15:30:00,8097.55,8128.95,8048.3,8074.1,0
21/11/2016 15:30:00,8102.1,8102.45,7916.4,7929.1,0
22/11/2016 15:30:00,7989.15,8019.05,7938.15,8002.3,0
23/11/2016 15:30:00,8051.2,8055.2,7973.1,8033.3,0
24/11/2016 15:30:00,8011.8,8024.85,7952.55,7965.5,0
25/11/2016 15:30:00,8007.95,8122.25,7976.75,8114.3,0
28/11/2016 15:30:00,8080.65,8146.5,8066.5,8126.9,0
29/11/2016 15:30:00,8131.55,8197.35,8128.7,8142.15,0
30/11/2016 15:30:00,8172.15,8234.25,8139.25,8224.5,0
01/12/2016 15:30:00,8244,8250.8,8185.05,8192.9,0
02/12/2016 15:30:00,8153.55,8159.3,8070.05,8086.8,0
05/12/2016 15:30:00,8088.75,8141.9,8056.85,8128.75,0
06/12/2016 15:30:00,8153.15,8178.7,8130.85,8143.15,0
07/12/2016 15:30:00,8168.4,8190.45,8077.5,8102.05,0
08/12/2016 15:30:00,8152.1,8256.25,8151.75,8246.85,0
09/12/2016 15:30:00,8271.7,8274.95,8241.95,8261.75,0
12/12/2016 15:30:00,8230.65,8230.65,8154.45,8170.8,0
13/12/2016 15:30:00,8196.15,8228.85,8155.8,8221.8,0
14/12/2016 15:30:00,8229.35,8229.4,8165.1,8182.45,0
15/12/2016 15:30:00,8128.4,8225.9,8121.95,8153.6,0
16/12/2016 15:30:00,8178.2,8178.7,8127.45,8139.45,0
19/12/2016 15:30:00,8126,8132.5,8094.85,8104.35,0
20/12/2016 15:30:00,8110.6,8124.1,8062.75,8082.4,0
21/12/2016 15:30:00,8105.85,8112.55,8053.25,8061.3,0
22/12/2016 15:30:00,8043.85,8046.45,7964.95,7979.1,0
23/12/2016 15:30:00,7972.5,8022.6,7942.05,7985.75,0
26/12/2016 15:30:00,7965.1,7970.05,7893.8,7908.25,0
27/12/2016 15:30:00,7915.05,8044.65,7903.7,8032.85,0
28/12/2016 15:30:00,8047.55,8100.55,8028.4,8034.85,0
29/12/2016 15:30:00,8030.6,8111.1,8020.8,8103.6,0
30/12/2016 15:30:00,8119.65,8197,8114.75,8185.8,0
02/01/2017 15:30:00,8210.1,8212,8133.8,8179.5,0
03/01/2017 15:30:00,8196.05,8219.1,8148.6,8192.25,0
04/01/2017 15:30:00,8202.65,8218.5,8180.9,8190.5,0
05/01/2017 15:30:00,8226.65,8282.65,8223.7,8273.8,0
06/01/2017 15:30:00,8281.85,8306.85,8233.25,8243.8,0
09/01/2017 15:30:00,8259.35,8263,8227.75,8236.05,0
10/01/2017 15:30:00,8262.7,8293.8,8261,8288.6,0
11/01/2017 15:30:00,8327.8,8389,8322.25,8380.65,0
12/01/2017 15:30:00,8391.05,8417.2,8382.3,8407.2,0
13/01/2017 15:30:00,8457.65,8461.05,8373.15,8400.35,0
16/01/2017 15:30:00,8390.95,8426.7,8374.4,8412.8,0
17/01/2017 15:30:00,8415.05,8440.9,8378.3,8398,0
18/01/2017 15:30:00,8403.85,8460.3,8397.4,8417,0
19/01/2017 15:30:00,8418.4,8445.15,8404.05,8435.1,0
20/01/2017 15:30:00,8404.35,8423.65,8340.95,8349.35,0
23/01/2017 15:30:00,8329.6,8404.15,8327.2,8391.5,0
24/01/2017 15:30:00,8407.05,8480.95,8398.15,8475.8,0
25/01/2017 15:30:00,8499.45,8612.6,8493.95,8602.75,0
27/01/2017 15:30:00,8610.5,8672.7,8606.9,8641.25,0
30/01/2017 15:30:00,8635.55,8662.6,8617.75,8632.75,0
31/01/2017 15:30:00,8629.45,8631.75,8552.4,8561.3,0
01/02/2017 15:30:00,8570.35,8722.4,8537.5,8716.4,0
02/02/2017 15:30:00,8724.75,8757.6,8685.8,8734.25,0
03/02/2017 15:30:00,8735.15,8748.25,8707.75,8740.95,0
06/02/2017 15:30:00,8785.45,8814.1,8770.2,8801.05,0
07/02/2017 15:30:00,8805.7,8809.3,8741.05,8768.3,0
08/02/2017 15:30:00,8774.55,8791.25,8715,8769.05,0
09/02/2017 15:30:00,8795.55,8821.4,8724.1,8778.4,0
10/02/2017 15:30:00,8812.35,8822.1,8771.2,8793.55,0
13/02/2017 15:30:00,8819.8,8826.9,8754.2,8805.05,0
14/02/2017 15:30:00,8819.9,8820.45,8772.5,8792.3,0
15/02/2017 15:30:00,8778.95,8807.9,8712.85,8724.7,0
16/02/2017 15:30:00,8739,8783.95,8719.6,8778,0
17/02/2017 15:30:00,8883.7,8896.45,8804.25,8821.7,0
20/02/2017 15:30:00,8818.55,8886.25,8809.8,8879.2,0
21/02/2017 15:30:00,8890.75,8920.8,8860.95,8907.85,0
22/02/2017 15:30:00,8931.6,8960.75,8905.25,8926.9,0
23/02/2017 15:30:00,8956.4,8982.15,8927.55,8939.5,0
27/02/2017 15:30:00,8943.7,8951.8,8888.65,8896.7,0
28/02/2017 15:30:00,8898.95,8914.75,8867.6,8879.6,0
01/03/2017 15:30:00,8904.4,8960.8,8898.6,8945.8,0
02/03/2017 15:30:00,8982.85,8992.5,8879.8,8899.75,0
03/03/2017 15:30:00,8883.5,8907.1,8860.1,8897.55,0
06/03/2017 15:30:00,8915.1,8967.8,8914,8963.45,0
07/03/2017 15:30:00,8977.75,8977.85,8932.8,8946.9,0
08/03/2017 15:30:00,8950.7,8957.05,8891.95,8924.3,0
09/03/2017 15:30:00,8914.5,8945.8,8899.5,8927,0
10/03/2017 15:30:00,8953.7,8975.7,8903.95,8934.55,0
14/03/2017 15:30:00,9091.65,9122.75,9060.5,9087,0
15/03/2017 15:30:00,9086.85,9106.55,9075.5,9084.8,0
16/03/2017 15:30:00,9129.65,9158.45,9128.55,9153.7,0
17/03/2017 15:30:00,9207.8,9218.4,9147.6,9160.05,0
20/03/2017 15:30:00,9166.95,9167.6,9116.3,9126.85,0
21/03/2017 15:30:00,9133.95,9147.75,9087.2,9121.5,0
22/03/2017 15:30:00,9047.2,9072.9,9019.3,9030.45,0
23/03/2017 15:30:00,9048.75,9099.05,9048.6,9086.3,0
24/03/2017 15:30:00,9104,9133.55,9089.4,9108,0
27/03/2017 15:30:00,9093.45,9094.85,9024.65,9045.2,0
28/03/2017 15:30:00,9081.5,9110.4,9079.8,9100.8,0
29/03/2017 15:30:00,9128.7,9153.15,9109.1,9143.8,0
30/03/2017 15:30:00,9142.6,9183.15,9136.35,9173.75,0
31/03/2017 15:30:00,9158.9,9191.7,9152.1,9173.75,0
03/04/2017 15:30:00,9220.6,9245.35,9192.4,9237.85,0
05/04/2017 15:30:00,9264.4,9273.9,9215.4,9265.15,0
06/04/2017 15:30:00,9245.8,9267.95,9218.85,9261.95,0
07/04/2017 15:30:00,9223.7,9250.5,9188.1,9198.3,0
10/04/2017 15:30:00,9225.6,9225.65,9174.85,9181.45,0
11/04/2017 15:30:00,9184.55,9242.7,9172.85,9237,0
12/04/2017 15:30:00,9242.5,9246.4,9161.8,9203.45,0
13/04/2017 15:30:00,9202.5,9202.65,9144.95,9150.8,0
17/04/2017 15:30:00,9144.75,9160,9120.25,9139.3,0
18/04/2017 15:30:00,9163,9217.9,9095.45,9105.15,0
19/04/2017 15:30:00,9112.2,9120.5,9075.15,9103.5,0
20/04/2017 15:30:00,9108.1,9143.9,9102.65,9136.4,0
21/04/2017 15:30:00,9179.1,9183.65,9088.75,9119.4,0
24/04/2017 15:30:00,9135.35,9225.4,9130.55,9217.95,0
25/04/2017 15:30:00,9273.05,9309.2,9250.35,9306.6,0
26/04/2017 15:30:00,9336.2,9367,9301.35,9351.85,0
27/04/2017 15:30:00,9359.15,9367.15,9322.65,9342.15,0
28/04/2017 15:30:00,9340.95,9342.65,9282.25,9304.05,0
02/05/2017 15:30:00,9339.85,9352.55,9269.9,9313.8,0
03/05/2017 15:30:00,9344.7,9346.3,9298.4,9311.95,0
04/05/2017 15:30:00,9360.95,9365.65,9323.25,9359.9,0
05/05/2017 15:30:00,9374.55,9377.1,9272,9285.3,0
08/05/2017 15:30:00,9311.45,9338.7,9297.95,9314.05,0
09/05/2017 15:30:00,9337.35,9338.95,9307.7,9316.85,0
10/05/2017 15:30:00,9339.65,9414.75,9336,9407.3,0
11/05/2017 15:30:00,9448.6,9450.65,9411.3,9422.4,0
12/05/2017 15:30:00,9436.65,9437.75,9372.55,9400.9,0
15/05/2017 15:30:00,9433.55,9449.25,9423.1,9445.4,0
16/05/2017 15:30:00,9461,9517.2,9456.35,9512.25,0
17/05/2017 15:30:00,9517.6,9532.6,9486.1,9525.75,0
18/05/2017 15:30:00,9453.2,9489.1,9418.1,9429.45,0
19/05/2017 15:30:00,9469.9,9505.75,9390.75,9427.9,0
22/05/2017 15:30:00,9480.25,9498.65,9427.9,9438.25,0
23/05/2017 15:30:00,9445.05,9448.05,9370,9386.15,0
24/05/2017 15:30:00,9410.9,9431.9,9341.65,9360.55,0
25/05/2017 15:30:00,9384.05,9523.3,9379.2,9509.75,0
26/05/2017 15:30:00,9507.75,9604.9,9495.4,9595.1,0
29/05/2017 15:30:00,9560.05,9637.75,9547.7,9604.9,0
30/05/2017 15:30:00,9590.65,9635.3,9581.2,9624.55,0
31/05/2017 15:30:00,9636.55,9649.6,9609.25,9621.25,0
01/06/2017 15:30:00,9603.55,9634.65,9589.9,9616.1,0
02/06/2017 15:30:00,9657.15,9673.5,9637.45,9653.5,0
05/06/2017 15:30:00,9656.3,9687.2,9640.7,9675.1,0
06/06/2017 15:30:00,9704.25,9709.3,9630.2,9637.15,0
07/06/2017 15:30:00,9663.95,9678.55,9630.55,9663.9,0
08/06/2017 15:30:00,9682.4,9688.7,9641.5,9647.25,0
09/06/2017 15:30:00,9638.55,9676.25,9608.15,9668.25,0
12/06/2017 15:30:00,9646.7,9647.05,9598.5,9616.4,0
13/06/2017 15:30:00,9615.55,9654.15,9595.4,9606.9,0
14/06/2017 15:30:00,9621.55,9627.4,9580.45,9618.15,0
15/06/2017 15:30:00,9617.9,9621.4,9560.8,9578.05,0
16/06/2017 15:30:00,9595.45,9615.85,9565.5,9588.05,0
19/06/2017 15:30:00,9626.4,9673.3,9614.9,9657.55,0
20/06/2017 15:30:00,9670.5,9676.5,9643.75,9653.5,0
21/06/2017 15:30:00,9648.1,9650.45,9608.6,9633.6,0
22/06/2017 15:30:00,9642.65,9698.85,9617.75,9630,0
23/06/2017 15:30:00,9643.25,9647.65,9565.3,9574.95,0
27/06/2017 15:30:00,9594.05,9615.4,9473.45,9511.4,0
28/06/2017 15:30:00,9520.2,9522.5,9474.35,9491.25,0
29/06/2017 15:30:00,9522.95,9575.8,9493.8,9504.1,0
30/06/2017 15:30:00,9478.5,9535.8,9448.75,9520.9,0
03/07/2017 15:30:00,9587.95,9624,9543.55,9615,0
04/07/2017 15:30:00,9645.9,9650.65,9595.5,9613.3,0
05/07/2017 15:30:00,9619.75,9643.65,9607.35,9637.6,0
06/07/2017 15:30:00,9653.6,9700.7,9639.95,9674.55,0
07/07/2017 15:30:00,9670.35,9684.25,9642.65,9665.8,0
10/07/2017 15:30:00,9719.3,9782.15,9646.45,9771.05,0
11/07/2017 15:30:00,9797.45,9830.05,9778.85,9786.05,0
12/07/2017 15:30:00,9807.3,9824.95,9787.7,9816.1,0
13/07/2017 15:30:00,9855.8,9897.25,9853.45,9891.7,0
14/07/2017 15:30:00,9913.3,9913.3,9845.45,9886.35,0
17/07/2017 15:30:00,9908.15,9928.2,9894.7,9915.95,0
18/07/2017 15:30:00,9832.7,9885.35,9792.05,9827.15,0
19/07/2017 15:30:00,9855.95,9905.05,9851.65,9899.6,0
20/07/2017 15:30:00,9920.2,9922.55,9863.45,9873.3,0
21/07/2017 15:30:00,9899.6,9924.7,9838,9915.25,0
24/07/2017 15:30:00,9936.8,9982.05,9919.6,9966.4,0
25/07/2017 15:30:00,10010.55,10011.3,9949.1,9964.55,0
26/07/2017 15:30:00,9983.65,10025.95,9965.95,10020.65,0
27/07/2017 15:30:00,10063.25,10114.85,10005.5,10020.55,0
28/07/2017 15:30:00,9996.55,10026.05,9944.5,10014.5,0
31/07/2017 15:30:00,10034.7,10085.9,10016.95,10077.1,0
01/08/2017 15:30:00,10101.05,10128.6,10065.75,10114.65,0
02/08/2017 15:30:00,10136.3,10137.85,10054.2,10081.5,0
03/08/2017 15:30:00,10081.15,10081.15,9998.25,10013.65,0
04/08/2017 15:30:00,10008.6,10075.25,9988.35,10066.4,0
07/08/2017 15:30:00,10074.8,10088.1,10046.35,10057.4,0
08/08/2017 15:30:00,10068.35,10083.8,9947,9978.55,0
09/08/2017 15:30:00,9961.15,9969.8,9893.05,9908.05,0
10/08/2017 15:30:00,9872.85,9892.65,9776.2,9820.25,0
11/08/2017 15:30:00,9712.15,9771.65,9685.55,9710.8,0
14/08/2017 15:30:00,9755.75,9818.3,9752.1,9794.15,0
16/08/2017 15:30:00,9825.85,9903.95,9773.85,9897.3,0
17/08/2017 15:30:00,9945.55,9947.8,9883.75,9904.15,0
18/08/2017 15:30:00,9865.95,9865.95,9783.65,9837.4,0
21/08/2017 15:30:00,9864.25,9884.35,9740.1,9754.35,0
22/08/2017 15:30:00,9815.75,9828.45,9752.6,9765.55,0
23/08/2017 15:30:00,9803.05,9857.9,9786.75,9852.5,0
24/08/2017 15:30:00,9881.2,9881.5,9848.85,9857.05,0
28/08/2017 15:30:00,9907.15,9925.75,9882,9912.8,0
29/08/2017 15:30:00,9886.4,9887.35,9783.75,9796.05,0
30/08/2017 15:30:00,9859.5,9909.45,9850.8,9884.4,0
31/08/2017 15:30:00,9905.7,9925.1,9856.95,9917.9,0
01/09/2017 15:30:00,9937.65,9983.45,9909.85,9974.4,0
04/09/2017 15:30:00,9984.15,9988.4,9861,9912.85,0
05/09/2017 15:30:00,9933.25,9963.1,9901.05,9952.2,0
06/09/2017 15:30:00,9899.25,9931.55,9882.55,9916.2,0
07/09/2017 15:30:00,9945.85,9964.85,9917.2,9929.9,0
08/09/2017 15:30:00,9958.65,9963.6,9913.3,9934.8,0
11/09/2017 15:30:00,9971.75,10028.65,9968.8,10006.05,0
12/09/2017 15:30:00,10056.85,10097.55,10028.05,10093.05,0
13/09/2017 15:30:00,10099.25,10131.95,10063.15,10079.3,0
14/09/2017 15:30:00,10107.4,10126.5,10070.35,10086.6,0
15/09/2017 15:30:00,10062.35,10115.15,10043.65,10085.4,0
18/09/2017 15:30:00,10133.1,10171.7,10131.3,10153.1,0
19/09/2017 15:30:00,10175.6,10178.95,10129.95,10147.55,0
20/09/2017 15:30:00,10160.95,10171.05,10134.2,10141.15,0
21/09/2017 15:30:00,10139.6,10158.9,10058.6,10121.9,0
22/09/2017 15:30:00,10094.35,10095.05,9952.8,9964.4,0
25/09/2017 15:30:00,9960.1,9960.5,9816.05,9872.6,0
26/09/2017 15:30:00,9875.25,9891.35,9813,9871.5,0
27/09/2017 15:30:00,9920.6,9921.05,9714.4,9735.75,0
28/09/2017 15:30:00,9736.4,9789.2,9687.55,9768.95,0
29/09/2017 15:30:00,9814.3,9854,9775.35,9788.6,0
03/10/2017 15:30:00,9893.3,9895.4,9831.05,9859.5,0
04/10/2017 15:30:00,9884.35,9938.3,9850.65,9914.9,0
05/10/2017 15:30:00,9927,9945.95,9881.85,9888.7,0
06/10/2017 15:30:00,9908.15,9989.35,9906.6,9979.7,0
09/10/2017 15:30:00,9988.2,10015.75,9959.45,9988.75,0
10/10/2017 15:30:00,10013.7,10034,10002.3,10016.95,0
11/10/2017 15:30:00,10042.6,10067.25,9955.8,9984.8,0
12/10/2017 15:30:00,10011.2,10104.45,9977.1,10096.4,0
13/10/2017 15:30:00,10123.7,10191.9,10120.1,10167.45,0
16/10/2017 15:30:00,10207.4,10242.95,10175.1,10230.85,0
17/10/2017 20:00:00,10227.65,10251.85,10212.6,10234.45,0
18/10/2017 15:30:00,10209.4,10236.45,10175.75,10210.85,0
19/10/2017 20:00:00,10210.35,10211.95,10123.35,10146.55,0
23/10/2017 15:30:00,10176.65,10224.15,10124.5,10184.85,0
24/10/2017 15:30:00,10218.55,10237.75,10182.4,10207.7,0
25/10/2017 15:30:00,10321.15,10340.55,10240.9,10295.35,0
26/10/2017 15:30:00,10291.8,10355.65,10271.85,10343.8,0
27/10/2017 15:30:00,10362.3,10366.15,10311.3,10323.05,0
30/10/2017 15:30:00,10353.85,10384.5,10344.3,10363.65,0
31/10/2017 15:30:00,10364.9,10367.7,10323.95,10335.3,0
01/11/2017 15:30:00,10390.35,10451.65,10383.05,10440.5,0
02/11/2017 15:30:00,10440.5,10453,10412.55,10423.8,0
03/11/2017 15:30:00,10461.55,10461.7,10403.6,10452.5,0
06/11/2017 15:30:00,10431.75,10490.45,10413.75,10451.8,0
07/11/2017 15:30:00,10477.15,10485.75,10340.8,10350.15,0
08/11/2017 15:30:00,10361.95,10384.25,10285.5,10303.15,0
09/11/2017 15:30:00,10358.65,10368.45,10266.95,10308.95,0
10/11/2017 15:30:00,10304.35,10344.95,10254.1,10321.75,0
13/11/2017 15:30:00,10322,10334.15,10216.25,10224.95,0
14/11/2017 15:30:00,10223.4,10248,10175.55,10186.6,0
15/11/2017 15:30:00,10171.95,10175.45,10094,10118.05,0
16/11/2017 15:30:00,10152.9,10232.25,10139.2,10214.75,0
17/11/2017 15:30:00,10324.55,10343.6,10268.05,10283.6,0
20/11/2017 15:30:00,10287.2,10309.85,10261.5,10298.75,0
21/11/2017 15:30:00,10329.25,10358.7,10315.05,10326.9,0
22/11/2017 15:30:00,10350.8,10368.7,10309.55,10342.3,0
23/11/2017 15:30:00,10358.45,10374.3,10307.3,10348.75,0
24/11/2017 15:30:00,10366.8,10404.5,10362.25,10389.7,0
27/11/2017 15:30:00,10361.05,10407.15,10340.2,10399.55,0
28/11/2017 15:30:00,10387.9,10409.55,10355.2,10370.25,0
29/11/2017 15:30:00,10376.65,10392.95,10345.9,10361.3,0
30/11/2017 15:30:00,10332.7,10332.7,10211.25,10226.55,0
01/12/2017 15:30:00,10263.7,10272.7,10108.55,10121.8,0
04/12/2017 15:30:00,10175.05,10179.2,10095.7,10127.75,0
05/12/2017 15:30:00,10118.25,10147.95,10069.1,10118.25,0
06/12/2017 15:30:00,10088.8,10104.2,10033.35,10044.1,0
07/12/2017 15:30:00,10063.45,10182.65,10061.9,10166.7,0
08/12/2017 15:30:00,10198.45,10270.85,10195.25,10265.65,0
11/12/2017 15:30:00,10310.5,10329.2,10282.05,10322.25,0
12/12/2017 15:30:00,10324.9,10326.1,10230.2,10240.15,0
13/12/2017 15:30:00,10236.6,10296.55,10169.85,10192.95,0
14/12/2017 15:30:00,10229.3,10276.1,10141.55,10252.1,0
15/12/2017 15:30:00,10345.65,10373.1,10319.65,10333.25,0
18/12/2017 15:30:00,10263.1,10443.55,10074.8,10388.75,0
19/12/2017 15:30:00,10414.8,10472.2,10406,10463.2,0
20/12/2017 15:30:00,10494.4,10494.45,10437.15,10444.2,0
21/12/2017 15:30:00,10473.95,10473.95,10426.9,10440.3,0
22/12/2017 15:30:00,10457.3,10501.1,10448.25,10493,0
26/12/2017 15:30:00,10512.3,10545.45,10477.95,10531.5,0
27/12/2017 15:30:00,10531.05,10552.4,10469.25,10490.75,0
28/12/2017 15:30:00,10498.2,10534.55,10460.45,10477.9,0
29/12/2017 15:30:00,10492.35,10538.7,10488.65,10530.7,0
01/01/2018 15:30:00,10531.7,10537.85,10423.1,10435.55,0
02/01/2018 15:30:00,10477.55,10495.2,10404.65,10442.2,0
03/01/2018 15:30:00,10482.65,10503.6,10429.55,10443.2,0
04/01/2018 15:30:00,10469.4,10513,10441.45,10504.8,0
05/01/2018 15:30:00,10534.25,10566.1,10520.1,10558.85,0
08/01/2018 15:30:00,10591.7,10631.2,10588.55,10623.6,0
09/01/2018 15:30:00,10645.1,10659.15,10603.6,10637,0
10/01/2018 15:30:00,10652.05,10655.5,10592.7,10632.2,0
11/01/2018 15:30:00,10637.05,10664.6,10612.35,10651.2,0
12/01/2018 15:30:00,10682.55,10690.4,10597.1,10681.25,0
15/01/2018 15:30:00,10718.5,10782.65,10713.8,10741.55,0
16/01/2018 15:30:00,10761.5,10762.35,10687.85,10700.45,0
17/01/2018 15:30:00,10702.45,10803,10666.75,10788.55,0
18/01/2018 15:30:00,10873.4,10887.5,10782.4,10817,0
19/01/2018 15:30:00,10829.2,10906.85,10793.9,10894.7,0
22/01/2018 15:30:00,10883.2,10975.1,10881.4,10966.2,0
23/01/2018 15:30:00,10997.4,11092.9,10994.55,11083.7,0
24/01/2018 15:30:00,11069.35,11110.1,11046.15,11086,0
25/01/2018 15:30:00,11095.6,11095.6,11009.2,11069.65,0
29/01/2018 15:30:00,11079.35,11171.55,11075.95,11130.4,0
30/01/2018 15:30:00,11120.85,11121.1,11033.9,11049.65,0
31/01/2018 15:30:00,11018.8,11058.5,10979.3,11027.7,0
01/02/2018 15:30:00,11044.55,11117.35,10878.8,11016.9,0
02/02/2018 15:30:00,10938.2,10954.95,10736.1,10760.6,0
05/02/2018 15:30:00,10604.3,10702.75,10586.8,10666.55,0
06/02/2018 15:30:00,10295.15,10594.15,10276.3,10498.25,0
07/02/2018 15:30:00,10607.2,10614,10446.4,10476.7,0
08/02/2018 15:30:00,10518.5,10637.8,10479.55,10576.85,0
09/02/2018 15:30:00,10416.5,10480.2,10398.2,10454.95,0
12/02/2018 15:30:00,10518.2,10555.5,10485.4,10539.75,0
14/02/2018 15:30:00,10585.75,10590.55,10456.65,10500.9,0
15/02/2018 15:30:00,10537.9,10618.1,10511.05,10545.5,0
16/02/2018 15:30:00,10596.2,10612.9,10434.05,10452.3,0
19/02/2018 15:30:00,10488.9,10489.35,10302.75,10378.4,0
20/02/2018 15:30:00,10391,10429.35,10347.65,10360.4,0
21/02/2018 15:30:00,10426,10426.1,10349.6,10397.45,0
22/02/2018 15:30:00,10354.35,10397.55,10340.65,10382.7,0
23/02/2018 15:30:00,10408.1,10499.1,10396.65,10491.05,0
26/02/2018 15:30:00,10526.55,10592.95,10520.2,10582.6,0
27/02/2018 15:30:00,10615.2,10631.65,10537.25,10554.3,0
28/02/2018 15:30:00,10488.95,10535.5,10461.55,10492.85,0
01/03/2018 15:30:00,10479.95,10525.5,10447.15,10458.35,0
05/03/2018 15:30:00,10428.3,10428.7,10323.9,10358.85,0
06/03/2018 15:30:00,10420.5,10441.35,10215.9,10249.25,0
07/03/2018 15:30:00,10232.95,10243.35,10141.55,10154.2,0
08/03/2018 15:30:00,10216.25,10270.35,10146.4,10242.65,0
09/03/2018 15:30:00,10271.3,10296.7,10211.9,10226.85,0
12/03/2018 15:30:00,10301.6,10433.65,10295.45,10421.4,0
13/03/2018 15:30:00,10389.5,10478.6,10377.85,10426.85,0
14/03/2018 15:30:00,10393.05,10420.35,10336.3,10410.9,0
15/03/2018 15:30:00,10405.45,10420,10346.2,10360.15,0
16/03/2018 15:30:00,10345.15,10346.3,10180.25,10195.15,0
19/03/2018 15:30:00,10215.35,10224.55,10075.3,10094.25,0
20/03/2018 15:30:00,10051.55,10155.65,10049.1,10124.35,0
21/03/2018 15:30:00,10181.95,10227.3,10132.95,10155.25,0
22/03/2018 15:30:00,10167.5,10207.85,10105.4,10114.75,0
23/03/2018 15:30:00,9968.8,10027.7,9951.9,9998.05,0
26/03/2018 15:30:00,9989.15,10143.5,9958.55,10130.65,0
27/03/2018 15:30:00,10188,10207.9,10139.65,10184.15,0
28/03/2018 15:30:00,10143.6,10158.35,10096.9,10113.7,0
02/04/2018 15:30:00,10151.65,10220.1,10127.75,10211.8,0
03/04/2018 15:30:00,10186.85,10255.35,10171.05,10245,0
04/04/2018 15:30:00,10274.6,10279.85,10111.3,10128.4,0
05/04/2018 15:30:00,10228.45,10331.8,10227.45,10325.15,0
06/04/2018 15:30:00,10322.75,10350.45,10290.85,10331.6,0
09/04/2018 15:30:00,10333.7,10397.7,10328.5,10379.35,0
10/04/2018 15:30:00,10412.9,10424.85,10381.5,10402.25,0
11/04/2018 15:30:00,10428.15,10428.15,10355.6,10417.15,0
12/04/2018 15:30:00,10410.65,10469.9,10395.25,10458.65,0
13/04/2018 15:30:00,10495.3,10519.9,10451.45,10480.6,0
16/04/2018 15:30:00,10398.3,10540.15,10396.35,10528.35,0
17/04/2018 15:30:00,10557.3,10560.45,10495.65,10548.7,0
18/04/2018 15:30:00,10578.9,10594.2,10509.7,10526.2,0
19/04/2018 15:30:00,10563.65,10572.2,10546.2,10565.3,0
20/04/2018 15:30:00,10560.35,10582.35,10527.45,10564.05,0
23/04/2018 15:30:00,10592.8,10638.35,10514.95,10584.7,0
24/04/2018 15:30:00,10578.1,10636.8,10569,10614.35,0
25/04/2018 15:30:00,10612.4,10612.6,10536.45,10570.55,0
26/04/2018 15:30:00,10586.5,10628.4,10559.65,10617.8,0
27/04/2018 15:30:00,10651.65,10719.8,10647.55,10692.3,0
30/04/2018 15:30:00,10705.75,10759,10704.6,10739.35,0
02/05/2018 15:30:00,10783.85,10784.65,10689.8,10718.05,0
03/05/2018 15:30:00,10720.15,10720.6,10647.45,10679.65,0
04/05/2018 15:30:00,10700.45,10700.45,10601.6,10618.25,0
07/05/2018 15:30:00,10653.15,10725.65,10635.65,10715.5,0
08/05/2018 15:30:00,10757.9,10758.55,10689.4,10717.8,0
09/05/2018 15:30:00,10693.35,10766.25,10689.85,10741.7,0
10/05/2018 15:30:00,10779.65,10785.55,10705,10716.55,0
11/05/2018 15:30:00,10741.95,10812.05,10724.45,10806.5,0
14/05/2018 15:30:00,10815.15,10834.85,10774.75,10806.6,0
15/05/2018 15:30:00,10812.6,10929.2,10781.4,10801.85,0
16/05/2018 15:30:00,10751.95,10790.45,10699.7,10741.1,0
17/05/2018 15:30:00,10775.6,10777.25,10664.5,10682.7,0
18/05/2018 15:30:00,10671.85,10674.95,10589.1,10596.4,0
21/05/2018 15:30:00,10616.7,10621.7,10505.8,10516.7,0
22/05/2018 15:30:00,10518.45,10558.6,10490.55,10536.7,0
23/05/2018 15:30:00,10521.1,10533.55,10417.8,10430.35,0
24/05/2018 15:30:00,10464.85,10535.15,10419.8,10513.85,0
25/05/2018 15:30:00,10533.05,10628.05,10524,10605.15,0
28/05/2018 15:30:00,10648.35,10709.8,10640.55,10688.65,0
29/05/2018 15:30:00,10689.4,10717.25,10616.1,10633.3,0
30/05/2018 15:30:00,10579,10648.7,10558.45,10614.35,0
31/05/2018 15:30:00,10670.1,10763.8,10620.4,10736.15,0
01/06/2018 15:30:00,10738.45,10764.75,10681.5,10696.2,0
04/06/2018 15:30:00,10765.95,10770.3,10618.35,10628.5,0
05/06/2018 15:30:00,10630.7,10633.15,10550.9,10593.15,0
06/06/2018 15:30:00,10603.45,10698.35,10587.5,10684.65,0
07/06/2018 15:30:00,10722.6,10818,10722.6,10768.35,0
08/06/2018 15:30:00,10736.4,10779.45,10709.05,10767.65,0
11/06/2018 15:30:00,10781.85,10850.55,10777.05,10786.95,0
12/06/2018 15:30:00,10816.15,10856.55,10789.4,10842.85,0
13/06/2018 15:30:00,10887.5,10893.25,10842.65,10856.7,0
14/06/2018 15:30:00,10832.9,10833.7,10773.55,10808.05,0
15/06/2018 15:30:00,10808.65,10834,10755.4,10817.7,0
18/06/2018 15:30:00,10830.2,10830.2,10787.35,10799.85,0
19/06/2018 15:30:00,10789.45,10789.45,10701.2,10710.45,0
20/06/2018 15:30:00,10734.65,10781.8,10724.05,10772.05,0
21/06/2018 15:30:00,10808.45,10809.6,10725.9,10741.1,0
22/06/2018 15:30:00,10742.7,10837,10710.45,10821.85,0
25/06/2018 15:30:00,10822.9,10831.05,10753.05,10762.45,0
26/06/2018 15:30:00,10742.7,10805.25,10732.55,10769.15,0
27/06/2018 15:30:00,10785.5,10785.5,10652.4,10671.4,0
28/06/2018 15:30:00,10660.8,10674.2,10557.7,10589.1,0
29/06/2018 15:30:00,10612.85,10723.05,10612.35,10714.3,0
02/07/2018 15:30:00,10732.35,10736.15,10604.65,10657.3,0
03/07/2018 15:30:00,10668.6,10713.3,10630.25,10699.9,0
04/07/2018 15:30:00,10715,10777.15,10677.75,10769.9,0
05/07/2018 15:30:00,10786.05,10786.05,10726.25,10749.75,0
06/07/2018 15:30:00,10744.15,10816.35,10735.05,10772.65,0
09/07/2018 15:30:00,10838.3,10860.35,10807.15,10852.9,0
10/07/2018 15:30:00,10902.75,10956.9,10876.65,10947.25,0
11/07/2018 15:30:00,10956.4,10976.65,10923,10948.3,0
12/07/2018 15:30:00,11006.95,11078.3,10999.65,11023.2,0
13/07/2018 15:30:00,11056.9,11071.35,10999.75,11018.9,0
16/07/2018 15:30:00,11018.95,11019.5,10926.25,10936.85,0
17/07/2018 15:30:00,10939.65,11018.5,10925.6,11008.05,0
18/07/2018 15:30:00,11060.2,11076.2,10956.3,10980.45,0
19/07/2018 15:30:00,10999.5,11006.5,10935.45,10957.1,0
20/07/2018 15:30:00,10963.5,11030.25,10946.2,11010.2,0
23/07/2018 15:30:00,11019.85,11093.4,11010.95,11084.75,0
24/07/2018 15:30:00,11109,11143.4,11092.5,11134.3,0
25/07/2018 15:30:00,11148.4,11157.15,11113.25,11132,0
26/07/2018 15:30:00,11132.95,11185.85,11125.7,11167.3,0
27/07/2018 15:30:00,11232.75,11283.4,11210.25,11278.35,0
30/07/2018 15:30:00,11296.65,11328.1,11261.45,11319.55,0
31/07/2018 15:30:00,11311.05,11366,11267.75,11356.5,0
01/08/2018 15:30:00,11359.8,11390.55,11313.55,11346.2,0
02/08/2018 15:30:00,11328.9,11328.9,11234.95,11244.7,0
03/08/2018 15:30:00,11297.8,11368,11294.55,11360.8,0
06/08/2018 15:30:00,11401.5,11427.65,11370.6,11387.1,0
07/08/2018 15:30:00,11423.15,11428.95,11359.7,11389.45,0
08/08/2018 15:30:00,11412.5,11459.95,11379.3,11450,0
09/08/2018 15:30:00,11493.25,11495.2,11454.1,11470.7,0
10/08/2018 15:30:00,11474.95,11478.75,11419.65,11429.5,0
13/08/2018 15:30:00,11369.6,11406.3,11340.3,11355.75,0
14/08/2018 15:30:00,11381.7,11452.45,11370.8,11435.1,0
16/08/2018 15:30:00,11397.15,11449.85,11366.25,11385.05,0
17/08/2018 15:30:00,11437.15,11486.45,11431.8,11470.75,0
20/08/2018 15:30:00,11502.1,11565.3,11499.65,11551.75,0
21/08/2018 15:30:00,11576.2,11581.75,11539.6,11570.9,0
23/08/2018 15:30:00,11620.7,11620.7,11546.7,11582.75,0
24/08/2018 15:30:00,11566.6,11604.6,11532,11557.1,0
27/08/2018 15:30:00,11605.85,11700.95,11595.6,11691.95,0
28/08/2018 15:30:00,11731.95,11760.2,11710.5,11738.5,0
29/08/2018 15:30:00,11744.95,11753.2,11678.85,11691.9,0
30/08/2018 15:30:00,11694.75,11698.8,11639.7,11676.8,0
31/08/2018 15:30:00,11675.85,11727.65,11640.1,11680.5,0
03/09/2018 15:30:00,11751.8,11751.8,11567.4,11582.35,0
04/09/2018 15:30:00,11598.75,11602.55,11496.85,11520.3,0
05/09/2018 15:30:00,11514.85,11542.65,11393.85,11476.95,0
06/09/2018 15:30:00,11514.15,11562.25,11436.05,11536.9,0
07/09/2018 15:30:00,11558.25,11603,11484.4,11589.1,0
10/09/2018 15:30:00,11570.25,11573,11427.3,11438.1,0
11/09/2018 15:30:00,11476.85,11479.4,11274,11287.5,0
12/09/2018 15:30:00,11340.1,11380.75,11250.2,11369.9,0
14/09/2018 15:30:00,11443.5,11523.25,11430.55,11515.2,0
17/09/2018 15:30:00,11464.95,11464.95,11366.9,11377.75,0
18/09/2018 15:30:00,11381.55,11411.45,11268.95,11278.9,0
19/09/2018 15:30:00,11326.65,11332.05,11210.9,11234.35,0
21/09/2018 15:30:00,11271.3,11346.8,10866.45,11143.1,0
24/09/2018 15:30:00,11164.4,11170.15,10943.6,10967.4,0
25/09/2018 15:30:00,10969.95,11080.6,10882.85,11067.45,0
26/09/2018 15:30:00,11145.55,11145.55,10993.05,11053.8,0
27/09/2018 15:30:00,11079.8,11089.45,10953.35,10977.55,0
28/09/2018 15:30:00,11008.1,11034.1,10850.3,10930.45,0
01/10/2018 15:30:00,10930.9,11035.65,10821.55,11008.3,0
03/10/2018 15:30:00,10982.7,10989.05,10843.75,10858.25,0
04/10/2018 15:30:00,10754.7,10754.7,10547.25,10599.25,0
05/10/2018 15:30:00,10514.1,10540.65,10261.9,10316.45,0
08/10/2018 15:30:00,10310.15,10398.35,10198.4,10348.05,0
09/10/2018 15:30:00,10390.3,10397.6,10279.35,10301.05,0
10/10/2018 15:30:00,10331.85,10482.35,10318.25,10460.1,0
11/10/2018 15:30:00,10169.8,10335.95,10138.6,10234.65,0
12/10/2018 15:30:00,10331.55,10492.45,10322.15,10472.5,0
15/10/2018 15:30:00,10524.2,10526.3,10410.15,10512.5,0
16/10/2018 15:30:00,10550.15,10604.9,10525.3,10584.75,0
17/10/2018 15:30:00,10688.7,10710.15,10436.45,10453.05,0
19/10/2018 15:30:00,10339.7,10380.1,10249.6,10303.55,0
22/10/2018 15:30:00,10405.85,10408.55,10224,10245.25,0
23/10/2018 15:30:00,10152.6,10222.1,10102.35,10146.8,0
24/10/2018 15:30:00,10278.15,10290.65,10126.7,10224.75,0
25/10/2018 15:30:00,10135.05,10166.6,10079.3,10124.9,0
26/10/2018 15:30:00,10122.35,10128.85,10004.55,10030,0
29/10/2018 15:30:00,10078.1,10275.3,10020.35,10250.85,0
30/10/2018 15:30:00,10239.4,10285.1,10175.35,10198.4,0
31/10/2018 15:30:00,10209.55,10396,10105.1,10386.6,0
01/11/2018 15:30:00,10441.7,10441.9,10341.9,10380.45,0
02/11/2018 15:30:00,10462.3,10606.95,10457.7,10553,0
05/11/2018 19:00:00,10558.75,10558.8,10477,10524,0
06/11/2018 15:30:00,10552,10600.25,10491.45,10530,0
09/11/2018 15:30:00,10614.7,10619.55,10544.85,10585.2,0
12/11/2018 15:30:00,10607.8,10645.5,10464.05,10482.2,0
13/11/2018 15:30:00,10451.9,10596.25,10440.55,10582.5,0
14/11/2018 15:30:00,10634.9,10651.6,10532.7,10576.3,0
15/11/2018 15:30:00,10580.6,10646.5,10557.5,10616.7,0
16/11/2018 15:30:00,10644,10695.15,10631.15,10682.2,0
19/11/2018 15:30:00,10731.25,10774.7,10688.8,10763.4,0
20/11/2018 15:30:00,10740.1,10740.85,10640.85,10656.2,0
21/11/2018 15:30:00,10670.95,10671.3,10562.35,10600.05,0
22/11/2018 15:30:00,10612.65,10646.25,10512,10526.75,0
26/11/2018 15:30:00,10568.3,10637.8,10489.75,10628.6,0
27/11/2018 15:30:00,10621.45,10695.15,10596.35,10685.6,0
28/11/2018 15:30:00,10708.75,10757.8,10699.85,10728.85,0
29/11/2018 15:30:00,10808.7,10883.05,10782.35,10858.7,0
30/11/2018 15:30:00,10892.1,10922.45,10835.1,10876.75,0
03/12/2018 15:30:00,10930.7,10941.2,10845.35,10883.75,0
04/12/2018 15:30:00,10877.1,10890.95,10833.35,10869.5,0
05/12/2018 15:30:00,10820.45,10821.05,10747.95,10782.9,0
06/12/2018 15:30:00,10718.15,10722.65,10588.25,10601.15,0
07/12/2018 15:30:00,10644.8,10704.55,10599.35,10693.7,0
10/12/2018 15:30:00,10508.7,10558.85,10474.95,10488.45,0
11/12/2018 15:30:00,10350.05,10567.15,10333.85,10549.15,0
12/12/2018 15:30:00,10591,10752.2,10560.8,10737.6,0
13/12/2018 15:30:00,10810.75,10838.6,10749.5,10791.55,0
14/12/2018 15:30:00,10784.5,10815.75,10752.1,10805.45,0
17/12/2018 15:30:00,10853.2,10900.35,10844.85,10888.35,0
18/12/2018 15:30:00,10850.9,10915.4,10819.1,10908.7,0
19/12/2018 15:30:00,10930.55,10985.15,10928,10967.3,0
20/12/2018 15:30:00,10885.2,10962.55,10880.05,10951.7,0
21/12/2018 15:30:00,10944.25,10963.65,10738.65,10754,0
24/12/2018 15:30:00,10780.9,10782.3,10649.25,10663.5,0
26/12/2018 15:30:00,10635.45,10747.5,10534.55,10729.85,0
27/12/2018 15:30:00,10817.9,10834.2,10764.45,10779.8,0
28/12/2018 15:30:00,10820.95,10893.6,10817.15,10859.9,0
31/12/2018 15:30:00,10913.2,10923.55,10853.2,10862.55,0
01/01/2019 15:30:00,10881.7,10923.6,10807.1,10910.1,0
02/01/2019 15:30:00,10868.85,10895.35,10735.05,10792.5,0
03/01/2019 15:30:00,10796.8,10814.05,10661.25,10672.25,0
04/01/2019 15:30:00,10699.7,10741.05,10628.65,10727.35,0
07/01/2019 15:30:00,10804.85,10835.95,10750.15,10771.8,0
08/01/2019 15:30:00,10786.25,10818.45,10733.25,10802.15,0
09/01/2019 15:30:00,10862.4,10870.4,10749.4,10855.15,0
10/01/2019 15:30:00,10859.35,10859.35,10801.8,10821.6,0
11/01/2019 15:30:00,10834.75,10850.15,10739.4,10794.95,0
14/01/2019 15:30:00,10807,10808,10692.35,10737.6,0
15/01/2019 15:30:00,10777.55,10896.95,10777.55,10886.8,0
16/01/2019 15:30:00,10899.65,10928.15,10876.9,10890.3,0
17/01/2019 15:30:00,10920.85,10930.65,10844.65,10905.2,0
18/01/2019 15:30:00,10914.85,10928.2,10852.2,10906.95,0
21/01/2019 15:30:00,10919.35,10987.45,10885.75,10961.85,0
22/01/2019 15:30:00,10949.8,10949.8,10864.15,10922.75,0
23/01/2019 15:30:00,10931.05,10944.8,10811.95,10831.5,0
24/01/2019 15:30:00,10844.05,10866.6,10798.65,10849.8,0
25/01/2019 15:30:00,10859.75,10931.7,10756.45,10780.55,0
28/01/2019 15:30:00,10792.45,10804.45,10630.95,10661.55,0
29/01/2019 15:30:00,10653.7,10690.35,10583.65,10652.2,0
30/01/2019 15:30:00,10702.25,10710.2,10612.85,10651.8,0
31/01/2019 15:30:00,10690.55,10838.05,10678.55,10830.95,0
01/02/2019 15:30:00,10851.35,10983.45,10813.45,10893.65,0
04/02/2019 15:30:00,10876.75,10927.9,10814.15,10912.25,0
05/02/2019 15:30:00,10908.65,10956.7,10886.7,10934.35,0
06/02/2019 15:30:00,10965.1,11072.6,10962.7,11062.45,0
07/02/2019 15:30:00,11070.45,11118.1,11043.6,11069.4,0
08/02/2019 15:30:00,11023.5,11041.2,10925.45,10943.6,0
11/02/2019 15:30:00,10930.9,10930.9,10857.1,10888.8,0
12/02/2019 15:30:00,10879.7,10910.9,10823.8,10831.4,0
13/02/2019 15:30:00,10870.55,10891.65,10772.1,10793.65,0
14/02/2019 15:30:00,10786.1,10792.7,10718.75,10746.05,0
15/02/2019 15:30:00,10780.25,10785.75,10620.4,10724.4,0
19/02/2019 15:30:00,10636.7,10722.85,10585.65,10604.35,0
20/02/2019 15:30:00,10655.45,10752.7,10646.4,10735.45,0
21/02/2019 15:30:00,10744.1,10808.85,10721.5,10789.85,0
22/02/2019 15:30:00,10782.7,10801.55,10758.4,10791.65,0
25/02/2019 15:30:00,10813.25,10887.1,10788.05,10880.1,0
26/02/2019 15:30:00,10775.3,10888.75,10729.3,10835.3,0
27/02/2019 15:30:00,10881.2,10939.7,10751.2,10806.65,0
28/02/2019 15:30:00,10865.7,10865.7,10784.85,10792.5,0
01/03/2019 15:30:00,10842.65,10877.9,10823.1,10863.5,0
05/03/2019 15:30:00,10864.85,10994.9,10817,10987.45,0
06/03/2019 15:30:00,11024.85,11062.3,10998.85,11053,0
07/03/2019 15:30:00,11077.95,11089.05,11027.1,11058.2,0
08/03/2019 15:30:00,11038.85,11049,11008.95,11035.4,0
11/03/2019 15:30:00,11068.75,11180.9,11059.85,11168.05,0
12/03/2019 15:30:00,11231.35,11320.4,11227,11301.2,0
13/03/2019 15:30:00,11326.2,11352.3,11276.6,11341.7,0
14/03/2019 15:30:00,11382.5,11383.45,11313.75,11343.25,0
15/03/2019 15:30:00,11376.85,11487,11370.8,11426.85,0
18/03/2019 15:30:00,11473.85,11530.15,11412.5,11462.2,0
19/03/2019 15:30:00,11500.3,11543.85,11451.25,11532.4,0
20/03/2019 15:30:00,11553.35,11556.1,11503.1,11521.05,0
22/03/2019 15:30:00,11549.2,11572.8,11434.55,11456.9,0
25/03/2019 15:30:00,11395.65,11395.65,11311.6,11354.25,0
26/03/2019 15:30:00,11375.2,11496.75,11352.45,11483.25,0
27/03/2019 15:30:00,11531.45,11546.2,11413,11445.05,0
28/03/2019 15:30:00,11463.65,11588.5,11452.45,11570,0
29/03/2019 15:30:00,11625.45,11630.35,11570.15,11623.9,0
01/04/2019 15:30:00,11665.2,11738.1,11644.75,11669.15,0
02/04/2019 15:30:00,11711.55,11729.35,11655.85,11713.2,0
03/04/2019 15:30:00,11735.3,11761,11629.15,11643.95,0
04/04/2019 15:30:00,11660.2,11662.55,11559.2,11598,0
05/04/2019 15:30:00,11638.4,11689.65,11609.5,11665.95,0
08/04/2019 15:30:00,11704.35,11710.3,11549.1,11604.5,0
09/04/2019 15:30:00,11612.05,11683.9,11569.7,11671.95,0
10/04/2019 15:30:00,11646.85,11680.05,11571.75,11584.3,0
11/04/2019 15:30:00,11592.55,11606.7,11550.55,11596.7,0
12/04/2019 15:30:00,11612.85,11657.35,11578.8,11643.45,0
15/04/2019 15:30:00,11667,11704.6,11648.25,11690.35,0
16/04/2019 15:30:00,11736.2,11810.95,11731.55,11787.15,0
18/04/2019 15:30:00,11856.15,11856.15,11738.5,11752.8,0
22/04/2019 15:30:00,11727.05,11727.05,11583.95,11594.45,0
23/04/2019 15:30:00,11612.95,11645.95,11564.8,11575.95,0
24/04/2019 15:30:00,11601.5,11740.85,11578.85,11726.15,0
25/04/2019 15:30:00,11735.7,11796.75,11624.3,11641.8,0
26/04/2019 15:30:00,11683.75,11762.9,11661.75,11754.65,0
30/04/2019 15:30:00,11748.75,11756.25,11655.9,11748.15,0
02/05/2019 15:30:00,11725.55,11789.3,11699.55,11724.75,0
03/05/2019 15:30:00,11722.6,11770.9,11699.35,11712.25,0
06/05/2019 15:30:00,11605.8,11632.55,11571.35,11598.25,0
07/05/2019 19:00:00,11651.5,11657.05,11484.45,11497.9,0
08/05/2019 15:30:00,11478.7,11479.1,11346.95,11359.45,0
09/05/2019 15:30:00,11322.4,11357.6,11255.05,11301.8,0
10/05/2019 15:30:00,11314.15,11345.8,11251.05,11278.9,0
13/05/2019 15:30:00,11258.7,11300.2,11125.6,11148.2,0
14/05/2019 15:30:00,11151.65,11294.75,11108.3,11222.05,0
15/05/2019 15:30:00,11271.7,11286.8,11136.95,11157,0
16/05/2019 15:30:00,11180.35,11281.55,11143.35,11257.1,0
17/05/2019 15:30:00,11261.9,11426.15,11259.85,11407.15,0
20/05/2019 15:30:00,11651.9,11845.2,11591.7,11828.25,0
21/05/2019 15:30:00,11863.65,11883.55,11682.8,11709.1,0
22/05/2019 15:30:00,11727.95,11784.8,11682.4,11737.9,0
23/05/2019 15:30:00,11901.3,12041.15,11614.5,11657.05,0
24/05/2019 15:30:00,11748,11859,11658.1,11844.1,0
27/05/2019 15:30:00,11855.5,11957.15,11812.4,11924.75,0
28/05/2019 15:30:00,11958.35,11958.55,11864.9,11928.75,0
29/05/2019 15:30:00,11905.8,11931.9,11836.8,11861.1,0
30/05/2019 15:30:00,11865.3,11968.55,11859.4,11945.9,0
31/05/2019 15:30:00,11999.8,12039.25,11829.45,11922.8,0
03/06/2019 15:30:00,11953.75,12103.05,11920.1,12088.55,0
04/06/2019 15:30:00,12052.65,12095.2,12005.85,12021.65,0
06/06/2019 15:30:00,12039.8,12039.8,11830.25,11843.75,0
07/06/2019 15:30:00,11865.2,11897.5,11769.5,11870.65,0
10/06/2019 15:30:00,11934.9,11975.05,11871.75,11922.7,0
11/06/2019 15:30:00,11959.85,12000.35,11904.35,11965.6,0
12/06/2019 15:30:00,11962.45,11962.45,11866.35,11906.2,0
13/06/2019 15:30:00,11873.9,11931.35,11817.05,11914.05,0
14/06/2019 15:30:00,11910.1,11911.85,11797.7,11823.3,0
17/06/2019 15:30:00,11844,11844.05,11657.75,11672.15,0
18/06/2019 15:30:00,11677.05,11727.2,11641.15,11691.5,0
19/06/2019 15:30:00,11744.45,11802.5,11625.1,11691.45,0
20/06/2019 15:30:00,11653.65,11843.5,11635.05,11831.75,0
21/06/2019 15:30:00,11827.6,11827.95,11705.1,11724.1,0
24/06/2019 15:30:00,11725.8,11754,11670.2,11699.65,0
25/06/2019 15:30:00,11681,11814.4,11651,11796.45,0
26/06/2019 15:30:00,11768.15,11871.85,11757.55,11847.55,0
27/06/2019 15:30:00,11860.85,11911.15,11821.05,11841.55,0
28/06/2019 15:30:00,11861.15,11871.7,11775.5,11788.85,0
01/07/2019 15:30:00,11839.9,11884.65,11830.8,11865.6,0
02/07/2019 15:30:00,11890.3,11917.45,11814.7,11910.3,0
03/07/2019 15:30:00,11932.15,11945.2,11887.05,11916.75,0
04/07/2019 15:30:00,11928.8,11969.25,11923.65,11946.75,0
05/07/2019 15:30:00,11964.75,11981.75,11797.9,11811.15,0
08/07/2019 15:30:00,11770.4,11771.9,11523.3,11558.6,0
09/07/2019 15:30:00,11531.6,11582.55,11461,11555.9,0
10/07/2019 15:30:00,11536.15,11593.7,11475.65,11498.9,0
11/07/2019 15:30:00,11561.45,11599,11519.5,11582.9,0
12/07/2019 15:30:00,11601.15,11639.55,11538.6,11552.5,0
15/07/2019 15:30:00,11614.75,11618.4,11532.3,11588.35,0
16/07/2019 15:30:00,11596.65,11670.05,11573.95,11662.6,0
17/07/2019 15:30:00,11670.75,11706.65,11651.15,11687.5,0
18/07/2019 15:30:00,11675.6,11677.15,11582.4,11596.9,0
19/07/2019 15:30:00,11627.95,11640.35,11399.3,11419.25,0
22/07/2019 15:30:00,11392.85,11398.15,11301.25,11346.2,0
23/07/2019 15:30:00,11372.25,11398.15,11302.8,11331.05,0
24/07/2019 15:30:00,11322.45,11359.75,11229.8,11271.3,0
25/07/2019 15:30:00,11290.4,11361.4,11239.35,11252.15,0
26/07/2019 15:30:00,11247.45,11307.6,11210.05,11284.3,0
29/07/2019 15:30:00,11307.5,11310.95,11152.4,11189.2,0
30/07/2019 15:30:00,11213.7,11267.45,11072.65,11085.4,0
31/07/2019 15:30:00,11034.05,11145.3,10999.4,11118,0
01/08/2019 15:30:00,11060.2,11076.75,10881,10980,0
02/08/2019 15:30:00,10930.3,11080.15,10848.95,10997.35,0
05/08/2019 15:30:00,10895.8,10895.8,10782.6,10862.6,0
06/08/2019 15:30:00,10815.4,11018.55,10813.8,10948.25,0
07/08/2019 15:30:00,10958.1,10975.65,10835.9,10855.5,0
08/08/2019 15:30:00,10899.2,11058.05,10842.95,11032.45,0
09/08/2019 15:30:00,11087.9,11181.45,11062.8,11109.65,0
13/08/2019 15:30:00,11139.4,11145.9,10901.6,10925.85,0
14/08/2019 15:30:00,11003.25,11078.15,10935.6,11029.4,0
16/08/2019 15:30:00,11043.65,11068.65,10924.3,11047.8,0
19/08/2019 15:30:00,11094.8,11146.9,11037.85,11053.9,0
20/08/2019 15:30:00,11063.9,11076.3,10985.3,11017,0
21/08/2019 15:30:00,11018.15,11034.2,10906.65,10918.7,0
22/08/2019 15:30:00,10905.3,10908.25,10718.3,10741.35,0
23/08/2019 15:30:00,10699.6,10862.55,10637.15,10829.35,0
26/08/2019 15:30:00,11000.3,11070.3,10756.55,11057.85,0
27/08/2019 15:30:00,11106.55,11141.75,11049.5,11105.35,0
28/08/2019 15:30:00,11101.3,11129.65,10987.65,11046.1,0
29/08/2019 15:30:00,10996.05,11021.1,10922.4,10948.3,0
30/08/2019 15:30:00,10987.8,11042.6,10874.8,11023.25,0
03/09/2019 15:30:00,10960.95,10967.5,10772.7,10797.9,0
04/09/2019 15:30:00,10790.4,10858.75,10746.35,10844.65,0
05/09/2019 15:30:00,10860.95,10920.1,10816,10847.9,0
06/09/2019 15:30:00,10883.8,10957.05,10867.45,10946.2,0
09/09/2019 15:30:00,10936.7,11028.85,10889.8,11003.05,0
11/09/2019 15:30:00,11028.5,11054.8,11011.65,11035.7,0
12/09/2019 15:30:00,11058.3,11081.75,10964.95,10982.8,0
13/09/2019 15:30:00,10986.8,11084.45,10945.75,11075.9,0
16/09/2019 15:30:00,10994.85,11052.7,10968.2,11003.5,0
17/09/2019 15:30:00,11000.1,11000.1,10796.5,10817.6,0
18/09/2019 15:30:00,10872.8,10885.15,10804.85,10840.65,0
19/09/2019 15:30:00,10845.2,10845.2,10670.25,10704.8,0
20/09/2019 15:30:00,10746.8,11381.9,10691,11274.2,0
23/09/2019 15:30:00,11542.7,11694.85,11471.35,11600.2,0
24/09/2019 15:30:00,11590.7,11655.05,11539.2,11588.2,0
25/09/2019 15:30:00,11564.85,11564.95,11416.1,11440.2,0
26/09/2019 15:30:00,11469.85,11610.85,11466.35,11571.2,0
27/09/2019 15:30:00,11556.35,11593.6,11499.75,11512.4,0
30/09/2019 15:30:00,11491.15,11508.25,11390.8,11474.45,0
01/10/2019 15:30:00,11515.4,11554.2,11247.9,11359.9,0
03/10/2019 15:30:00,11322.25,11370.4,11257.35,11314,0
04/10/2019 15:30:00,11388.45,11400.3,11158.35,11174.75,0
07/10/2019 15:30:00,11196.2,11233.85,11112.65,11126.4,0
09/10/2019 15:30:00,11152.95,11321.6,11090.15,11313.3,0
10/10/2019 15:30:00,11280.5,11293.35,11208.55,11234.55,0
11/10/2019 15:30:00,11257.7,11362.9,11189.4,11305.05,0
14/10/2019 15:30:00,11335.9,11420.45,11290.05,11341.15,0
15/10/2019 15:30:00,11360.85,11462.35,11342.1,11428.3,0
16/10/2019 15:30:00,11464.95,11481.05,11411.1,11464,0
17/10/2019 15:30:00,11466.3,11599.1,11439.65,11586.35,0
18/10/2019 15:30:00,11580.3,11684.7,11553.15,11661.85,0
22/10/2019 15:30:00,11657.15,11714.35,11573.65,11588.35,0
23/10/2019 15:30:00,11596.2,11651.6,11554.4,11604.1,0
24/10/2019 15:30:00,11661.65,11679.6,11534.65,11582.6,0
25/10/2019 19:00:00,11646.15,11646.9,11490.75,11583.9,0
27/10/2019 19:25:00,11662.25,11672.4,11604.6,11627.15,0
29/10/2019 15:30:00,11643.95,11809.4,11627.35,11786.85,0
30/10/2019 15:30:00,11883.9,11883.95,11784.45,11844.1,0
31/10/2019 15:30:00,11890.45,11945,11855.1,11877.45,0
01/11/2019 15:30:00,11886.6,11918.3,11843.35,11890.6,0
04/11/2019 15:30:00,11928.9,11989.15,11905.35,11941.3,0
05/11/2019 15:30:00,11974.6,11978.95,11861.9,11917.2,0
06/11/2019 15:30:00,11911.5,12002.9,11850.25,11966.05,0
07/11/2019 15:30:00,12021.1,12021.4,11946.85,12012.05,0
08/11/2019 15:30:00,11987.15,12034.15,11888.75,11908.15,0
11/11/2019 15:30:00,11879.2,11932.65,11853.95,11913.45,0
13/11/2019 15:30:00,11908.3,11946.8,11823.2,11840.45,0
14/11/2019 15:30:00,11858.75,11895.65,11802.65,11872.1,0
15/11/2019 15:30:00,11904.2,11973.65,11879.25,11895.45,0
18/11/2019 15:30:00,11915.15,11946.2,11867.6,11884.5,0
19/11/2019 15:30:00,11919.45,11958.85,11881.75,11940.1,0
20/11/2019 15:30:00,12004.75,12038.6,11966.05,11999.1,0
21/11/2019 15:30:00,12025.65,12028.2,11956.9,11968.4,0
22/11/2019 15:30:00,11967.3,11968.1,11883.5,11914.4,0
25/11/2019 15:30:00,11922.45,12084.5,11919.75,12073.75,0
26/11/2019 15:30:00,12110.2,12132.45,12006.35,12037.7,0
27/11/2019 15:30:00,12068.5,12114.9,12055.15,12100.7,0
28/11/2019 15:30:00,12132.1,12158.8,12099.95,12151.15,0
29/11/2019 15:30:00,12146.2,12147.4,12017.4,12056.05,0
02/12/2019 15:30:00,12137.05,12137.15,12023.7,12048.25,0
03/12/2019 15:30:00,12067.65,12068.6,11956.4,11994.2,0
04/12/2019 15:30:00,11969.95,12054.7,11935.3,12043.2,0
05/12/2019 15:30:00,12071.25,12081.2,11998.75,12018.4,0
06/12/2019 15:30:00,12047.35,12057.05,11888.85,11921.5,0
09/12/2019 15:30:00,11939.1,11981.95,11888.05,11937.5,0
10/12/2019 15:30:00,11950.5,11953.2,11844.7,11856.8,0
11/12/2019 15:30:00,11867.35,11923.2,11832.3,11910.15,0
12/12/2019 15:30:00,11944.3,12005.5,11934,11971.8,0
13/12/2019 15:30:00,12026.4,12098.85,12023.6,12086.7,0
16/12/2019 15:30:00,12131.35,12134.65,12046.3,12053.95,0
17/12/2019 15:30:00,12082.45,12182.75,12070.35,12165,0
18/12/2019 15:30:00,12197,12237.7,12163.45,12221.65,0
19/12/2019 15:30:00,12223.4,12268.35,12191.15,12259.7,0
20/12/2019 15:30:00,12266.45,12293.9,12252.75,12271.8,0
23/12/2019 15:30:00,12235.45,12287.15,12213.25,12262.75,0
24/12/2019 15:30:00,12269.25,12283.7,12202.1,12214.55,0
26/12/2019 15:30:00,12211.85,12221.55,12118.85,12126.55,0
27/12/2019 15:30:00,12172.9,12258.45,12157.9,12245.8,0
30/12/2019 15:30:00,12274.9,12286.45,12213.8,12255.85,0
31/12/2019 15:30:00,12247.1,12247.1,12151.8,12168.45,0
01/01/2020 15:30:00,12202.15,12222.2,12165.3,12182.5,0
02/01/2020 15:30:00,12198.55,12289.9,12195.25,12282.2,0
03/01/2020 15:30:00,12261.1,12265.6,12191.35,12226.65,0
06/01/2020 15:30:00,12170.6,12179.1,11974.2,11993.05,0
07/01/2020 15:30:00,12079.1,12152.15,12005.35,12052.95,0
08/01/2020 15:30:00,11939.1,12044.95,11929.6,12025.35,0
09/01/2020 15:30:00,12153.15,12224.05,12132.55,12215.9,0
10/01/2020 15:30:00,12271,12311.2,12213.2,12256.8,0
13/01/2020 15:30:00,12296.7,12337.75,12285.8,12329.55,0
14/01/2020 15:30:00,12333.1,12374.25,12308.7,12362.3,0
15/01/2020 15:30:00,12349.4,12355.15,12278.75,12343.3,0
16/01/2020 15:30:00,12347.1,12389.05,12315.8,12355.5,0
17/01/2020 15:30:00,12328.4,12385.45,12321.4,12352.35,0
20/01/2020 15:30:00,12430.5,12430.5,12216.9,12224.55,0
21/01/2020 15:30:00,12195.3,12230.05,12162.3,12169.85,0
22/01/2020 15:30:00,12218.35,12225.05,12087.9,12106.9,0
23/01/2020 15:30:00,12123.75,12189,12094.1,12180.35,0
24/01/2020 15:30:00,12174.55,12272.15,12149.65,12248.25,0
27/01/2020 15:30:00,12197.1,12216.6,12107,12119,0
28/01/2020 15:30:00,12148.1,12163.55,12024.5,12055.8,0
29/01/2020 15:30:00,12114.9,12169.6,12103.8,12129.5,0
30/01/2020 15:30:00,12147.75,12150.3,12010.6,12035.8,0
31/01/2020 15:30:00,12100.4,12103.55,11945.85,11962.1,0
01/02/2020 17:00:00,11939,12017.35,11633.3,11641.25,0
03/02/2020 15:30:00,11627.45,11749.85,11614.5,11707.9,0
04/02/2020 15:30:00,11786.25,11986.15,11783.4,11979.65,0
05/02/2020 15:30:00,12005.85,12098.15,11953.35,12089.15,0
06/02/2020 15:30:00,12120,12160.6,12084.65,12137.95,0
07/02/2020 15:30:00,12151.15,12154.7,12073.95,12098.35,0
10/02/2020 15:30:00,12102.35,12103.55,11990.75,12031.5,0
11/02/2020 15:30:00,12108.4,12172.3,12099,12107.9,0
12/02/2020 15:30:00,12151,12231.75,12144.3,12201.2,0
13/02/2020 15:30:00,12219.55,12225.65,12139.8,12174.65,0
14/02/2020 15:30:00,12190.15,12246.7,12091.2,12113.45,0
17/02/2020 15:30:00,12131.8,12159.6,12037,12045.8,0
18/02/2020 15:30:00,12028.25,12030.75,11908.05,11992.5,0
19/02/2020 15:30:00,12090.6,12134.7,12042.1,12125.9,0
20/02/2020 15:30:00,12119,12152,12071.45,12080.85,0
24/02/2020 15:30:00,12012.55,12012.55,11813.4,11829.4,0
25/02/2020 15:30:00,11877.5,11883.05,11779.9,11797.9,0
26/02/2020 15:30:00,11738.55,11783.25,11639.6,11678.5,0
27/02/2020 15:30:00,11661.25,11663.85,11536.7,11633.3,0
28/02/2020 15:30:00,11382,11384.8,11175.05,11201.75,0
02/03/2020 15:30:00,11387.35,11433,11036.25,11132.75,0
03/03/2020 15:30:00,11217.55,11342.25,11152.55,11303.3,0
04/03/2020 15:30:00,11351.35,11356.6,11082.15,11251,0
05/03/2020 15:30:00,11306.05,11389.5,11244.6,11269,0
06/03/2020 15:30:00,10942.65,11035.1,10827.4,10989.45,0
09/03/2020 15:30:00,10742.05,10751.55,10294.45,10451.45,0
11/03/2020 15:30:00,10334.3,10545.1,10334,10458.4,0
12/03/2020 15:30:00,10039.95,10040.75,9508,9590.15,0
13/03/2020 15:30:00,9107.6,10159.4,8555.15,9955.2,0
16/03/2020 15:30:00,9587.8,9602.2,9165.1,9197.4,0
17/03/2020 15:30:00,9285.4,9403.8,8915.6,8967.05,0
18/03/2020 15:30:00,9088.45,9127.55,8407.05,8468.8,0
19/03/2020 15:30:00,8063.3,8575.45,7832.55,8263.45,0
20/03/2020 15:30:00,8284.45,8883,8178.2,8745.45,0
23/03/2020 15:30:00,7945.7,8159.25,7583.6,7610.25,0
24/03/2020 15:30:00,7848.3,8036.95,7511.1,7801.05,0
25/03/2020 15:30:00,7735.15,8376.75,7714.75,8317.85,0
26/03/2020 15:30:00,8451,8749.05,8304.9,8641.45,0
27/03/2020 15:30:00,8949.1,9038.9,8522.9,8660.25,0
30/03/2020 15:30:00,8385.95,8576,8244,8281.1,0
31/03/2020 15:30:00,8529.35,8678.3,8358,8597.75,0
01/04/2020 15:30:00,8584.1,8588.1,8198.35,8253.8,0
03/04/2020 15:30:00,8356.55,8356.55,8055.8,8083.8,0
07/04/2020 15:30:00,8446.3,8819.4,8360.95,8792.2,0
08/04/2020 15:30:00,8688.9,9131.7,8653.9,8748.75,0
09/04/2020 15:30:00,8973.05,9128.35,8904.55,9111.9,0
13/04/2020 15:30:00,9103.95,9112.05,8912.4,8993.85,0
15/04/2020 15:30:00,9196.4,9261.2,8874.1,8925.3,0
16/04/2020 15:30:00,8851.25,9053.75,8821.9,8992.8,0
17/04/2020 15:30:00,9323.45,9324,9091.35,9266.75,0
20/04/2020 15:30:00,9390.2,9390.85,9230.8,9261.85,0
21/04/2020 15:30:00,9016.95,9044.4,8909.4,8981.45,0
22/04/2020 15:30:00,9026.75,9209.75,8946.25,9187.3,0
23/04/2020 15:30:00,9232.35,9343.6,9170.15,9313.9,0
24/04/2020 15:30:00,9163.9,9296.9,9141.3,9154.4,0
27/04/2020 15:30:00,9259.7,9377.1,9250.35,9282.3,0
28/04/2020 15:30:00,9389.8,9404.4,9260,9380.9,0
29/04/2020 15:30:00,9408.6,9599.85,9392.35,9553.35,0
30/04/2020 15:30:00,9753.5,9889.05,9731.5,9859.9,0
04/05/2020 15:30:00,9533.5,9533.5,9266.95,9293.5,0
05/05/2020 15:30:00,9429.4,9450.9,9190.75,9205.6,0
06/05/2020 15:30:00,9226.8,9346.9,9116.5,9270.9,0
07/05/2020 15:30:00,9234.05,9277.85,9175.9,9199.05,0
08/05/2020 15:30:00,9376.95,9382.65,9238.2,9251.5,0
11/05/2020 15:30:00,9348.15,9439.9,9219.95,9239.2,0
12/05/2020 15:30:00,9168.85,9240.85,9043.95,9196.55,0
13/05/2020 15:30:00,9584.2,9584.5,9351.1,9383.55,0
14/05/2020 15:30:00,9213.95,9281.1,9119.75,9142.75,0
15/05/2020 15:30:00,9182.4,9182.4,9050,9136.85,0
18/05/2020 15:30:00,9158.3,9158.3,8806.75,8823.25,0
19/05/2020 15:30:00,8961.7,9030.35,8855.3,8879.1,0
20/05/2020 15:30:00,8889.15,9093.8,8875.35,9066.55,0
21/05/2020 15:30:00,9079.45,9178.55,9056.1,9106.25,0
22/05/2020 15:30:00,9067.9,9149.6,8968.55,9039.25,0
26/05/2020 15:30:00,9099.75,9161.65,8996.65,9029.05,0
27/05/2020 15:30:00,9082.2,9334,9004.25,9314.95,0
28/05/2020 15:30:00,9364.95,9511.25,9336.5,9490.1,0
29/05/2020 15:30:00,9422.2,9598.85,9376.9,9580.3,0
01/06/2020 15:30:00,9726.85,9931.6,9706.95,9826.15,0
02/06/2020 15:30:00,9880.85,9995.6,9824.05,9979.1,0
03/06/2020 15:30:00,10108.3,10176.2,10035.55,10061.55,0
04/06/2020 15:30:00,10054.25,10123.85,9944.25,10029.1,0
05/06/2020 15:30:00,10093.8,10177.8,10040.75,10142.15,0
08/06/2020 15:30:00,10326.75,10328.5,10120.25,10167.45,0
09/06/2020 15:30:00,10181.15,10291.15,10021.45,10046.65,0
10/06/2020 15:30:00,10072.6,10148.75,10036.85,10116.15,0
11/06/2020 15:30:00,10094.1,10112.05,9885.05,9902,0
12/06/2020 15:30:00,9544.95,9996.05,9544.35,9972.9,0
15/06/2020 15:30:00,9919.35,9943.35,9726.35,9813.7,0
16/06/2020 15:30:00,10014.8,10046.15,9728.5,9914,0
17/06/2020 15:30:00,9876.7,10003.6,9833.8,9881.15,0
18/06/2020 15:30:00,9863.25,10111.2,9845.05,10091.65,0
19/06/2020 15:30:00,10119,10272.4,10072.65,10244.4,0
22/06/2020 15:30:00,10318.75,10393.65,10277.6,10311.2,0
23/06/2020 15:30:00,10347.95,10484.7,10301.75,10471,0
24/06/2020 15:30:00,10529.25,10553.15,10281.95,10305.3,0
25/06/2020 15:30:00,10235.55,10361.8,10194.5,10288.9,0
26/06/2020 15:30:00,10378.9,10409.85,10311.25,10383,0
29/06/2020 15:30:00,10311.95,10337.95,10223.6,10312.4,0
30/06/2020 15:30:00,10382.6,10401.05,10267.35,10302.1,0
01/07/2020 15:30:00,10323.8,10447.05,10299.6,10430.05,0
02/07/2020 15:30:00,10493.05,10598.2,10485.55,10551.7,0
03/07/2020 15:30:00,10614.95,10631.3,10562.65,10607.35,0
06/07/2020 15:30:00,10723.85,10811.4,10695.1,10763.65,0
07/07/2020 15:30:00,10802.85,10813.8,10689.7,10799.65,0
08/07/2020 15:30:00,10818.65,10847.85,10676.55,10705.75,0
09/07/2020 15:30:00,10755.55,10836.85,10733,10813.45,0
10/07/2020 15:30:00,10764.1,10819.4,10713,10768.05,0
13/07/2020 15:30:00,10851.85,10894.05,10756.05,10802.7,0
14/07/2020 15:30:00,10750.85,10755.65,10562.9,10607.35,0
15/07/2020 15:30:00,10701,10827.45,10577.75,10618.2,0
16/07/2020 15:30:00,10706.2,10755.3,10595.2,10739.95,0
17/07/2020 15:30:00,10752,10933.45,10749.65,10901.7,0
20/07/2020 15:30:00,10999.45,11037.9,10953,11022.2,0
21/07/2020 15:30:00,11126.1,11179.55,11113.25,11162.25,0
22/07/2020 15:30:00,11231.2,11238.1,11056.55,11132.6,0
23/07/2020 15:30:00,11135,11239.8,11103.15,11215.45,0
24/07/2020 15:30:00,11149.95,11225.4,11090.3,11194.15,0
27/07/2020 15:30:00,11225,11225,11087.85,11131.8,0
28/07/2020 15:30:00,11154.1,11317.75,11151.4,11300.55,0
29/07/2020 15:30:00,11276.9,11341.4,11149.75,11202.85,0
30/07/2020 15:30:00,11254.3,11299.95,11084.95,11102.15,0
31/07/2020 15:30:00,11139.5,11150.4,11026.65,11073.45,0
03/08/2020 15:30:00,11057.55,11058.05,10882.25,10891.6,0
04/08/2020 15:30:00,10946.65,11112.25,10908.1,11095.25,0
05/08/2020 15:30:00,11155.75,11225.65,11064.05,11101.65,0
06/08/2020 15:30:00,11185.7,11256.8,11127.3,11200.15,0
07/08/2020 15:30:00,11186.65,11231.9,11142.05,11214.05,0
10/08/2020 15:30:00,11270.25,11337.3,11238,11270.15,0
11/08/2020 15:30:00,11322.25,11373.6,11299.15,11322.5,0
12/08/2020 15:30:00,11289,11322,11242.65,11308.4,0
13/08/2020 15:30:00,11334.85,11359.3,11269.95,11300.45,0
14/08/2020 15:30:00,11353.3,11366.25,11111.45,11178.4,0
17/08/2020 15:30:00,11248.9,11267.1,11144.5,11247.1,0
18/08/2020 15:30:00,11259.8,11401.7,11253.15,11385.35,0
19/08/2020 15:30:00,11452.15,11460.35,11394.1,11408.4,0
20/08/2020 15:30:00,11317.45,11361.45,11289.8,11312.2,0
21/08/2020 15:30:00,11409.65,11418.5,11362.2,11371.6,0
24/08/2020 15:30:00,11412,11497.25,11410.65,11466.45,0
25/08/2020 15:30:00,11513.1,11525.9,11423.35,11472.25,0
26/08/2020 15:30:00,11512.85,11561.75,11461.85,11549.6,0
27/08/2020 15:30:00,11609.3,11617.35,11540.6,11559.25,0
28/08/2020 15:30:00,11602.95,11686.05,11589.4,11647.6,0
31/08/2020 15:30:00,11777.55,11794.25,11325.85,11387.5,0
01/09/2020 15:30:00,11464.3,11553.55,11366.9,11470.25,0
02/09/2020 15:30:00,11478.55,11554.75,11430.4,11535,0
03/09/2020 15:30:00,11566.2,11584.95,11507.65,11527.45,0
04/09/2020 15:30:00,11354.4,11452.05,11303.65,11333.85,0
07/09/2020 15:30:00,11359.6,11381.15,11251.7,11355.05,0
08/09/2020 15:30:00,11378.55,11437.25,11290.45,11317.35,0
09/09/2020 15:30:00,11218.6,11298.15,11185.15,11278,0
10/09/2020 15:30:00,11363.3,11464.05,11327.4,11449.25,0
11/09/2020 15:30:00,11447.8,11493.5,11419.9,11464.45,0
14/09/2020 15:30:00,11540.15,11568.9,11383.55,11440.05,0
15/09/2020 15:30:00,11487.2,11535.95,11442.25,11521.8,0
16/09/2020 15:30:00,11538.45,11618.1,11516.75,11604.55,0
17/09/2020 15:30:00,11539.4,11587.2,11498.5,11516.1,0
18/09/2020 15:30:00,11584.1,11584.1,11446.1,11504.95,0
21/09/2020 15:30:00,11503.8,11535.25,11218.5,11250.55,0
22/09/2020 15:30:00,11301.75,11302.2,11084.65,11153.65,0
23/09/2020 15:30:00,11258.75,11259.55,11024.4,11131.85,0
24/09/2020 15:30:00,11011,11015.3,10790.2,10805.55,0
25/09/2020 15:30:00,10910.4,11072.6,10854.85,11050.25,0
28/09/2020 15:30:00,11140.85,11239.35,11099.85,11227.55,0
29/09/2020 15:30:00,11288.6,11305.4,11181,11222.4,0
30/09/2020 15:30:00,11244.45,11295.4,11184.55,11247.55,0
01/10/2020 15:30:00,11364.45,11428.6,11347.05,11416.95,0
05/10/2020 15:30:00,11487.8,11578.05,11452.3,11503.35,0
06/10/2020 15:30:00,11603.45,11680.3,11564.3,11662.4,0
07/10/2020 15:30:00,11679.25,11763.05,11629.35,11738.85,0
08/10/2020 15:30:00,11835.4,11905.7,11791.15,11834.6,0
09/10/2020 15:30:00,11852.05,11938.6,11805.2,11914.2,0
12/10/2020 15:30:00,11973.55,12022.05,11867.2,11930.95,0
13/10/2020 15:30:00,11934.65,11988.2,11888.9,11934.5,0
14/10/2020 15:30:00,11917.4,11997.2,11822.15,11971.05,0
15/10/2020 15:30:00,12023.45,12025.45,11661.3,11680.35,0
16/10/2020 15:30:00,11727.4,11789.75,11667.85,11762.45,0
19/10/2020 15:30:00,11879.2,11898.25,11820.4,11873.05,0
20/10/2020 15:30:00,11861,11949.25,11837.25,11896.8,0
21/10/2020 15:30:00,11958.55,12018.65,11775.75,11937.65,0
22/10/2020 15:30:00,11890,11939.55,11823.45,11896.45,0
23/10/2020 15:30:00,11957.9,11974.55,11908.75,11930.35,0
26/10/2020 15:30:00,11937.4,11942.85,11711.7,11767.75,0
27/10/2020 15:30:00,11807.1,11899.05,11723,11889.4,0
28/10/2020 15:30:00,11922.6,11929.4,11684.85,11729.6,0
29/10/2020 15:30:00,11633.3,11744.15,11606.45,11670.8,0
30/10/2020 15:30:00,11678.45,11748.95,11535.45,11642.4,0
02/11/2020 15:30:00,11697.35,11725.65,11557.4,11669.15,0
03/11/2020 15:30:00,11734.45,11836.2,11723.3,11813.5,0
04/11/2020 15:30:00,11783.35,11929.65,11756.4,11908.5,0
05/11/2020 15:30:00,12062.4,12131.1,12027.6,12120.3,0
06/11/2020 15:30:00,12156.65,12280.4,12131.85,12263.55,0
09/11/2020 15:30:00,12399.4,12474.05,12367.35,12461.05,0
10/11/2020 15:30:00,12556.4,12643.9,12475.25,12631.1,0
11/11/2020 15:30:00,12680.6,12769.75,12571.1,12749.15,0
12/11/2020 15:30:00,12702.15,12741.15,12624.85,12690.8,0
13/11/2020 15:30:00,12659.7,12735.95,12607.7,12719.95,0
17/11/2020 15:30:00,12932.5,12934.05,12797.1,12874.2,0
18/11/2020 15:30:00,12860.1,12948.85,12819.35,12938.25,0
19/11/2020 15:30:00,12839.5,12963,12745.75,12771.7,0
20/11/2020 15:30:00,12813.4,12892.45,12730.25,12859.05,0
23/11/2020 15:30:00,12960.3,12968.85,12825.7,12926.45,0
24/11/2020 15:30:00,13002.6,13079.1,12978,13055.15,0
25/11/2020 15:30:00,13130,13145.85,12833.65,12858.4,0
26/11/2020 15:30:00,12906.45,13018,12790.4,12987,0
27/11/2020 15:30:00,13012.05,13035.3,12914.3,12968.95,0
01/12/2020 15:30:00,13062.2,13128.4,12962.8,13109.05,0
02/12/2020 15:30:00,13121.4,13128.5,12983.55,13113.75,0
03/12/2020 15:30:00,13215.3,13216.6,13107.9,13133.9,0
04/12/2020 15:30:00,13177.4,13280.05,13152.85,13258.55,0
07/12/2020 15:30:00,13264.85,13366.65,13241.95,13355.75,0
08/12/2020 15:30:00,13393.85,13435.45,13311.05,13392.95,0
09/12/2020 15:30:00,13458.1,13548.9,13449.6,13529.1,0
10/12/2020 15:30:00,13488.5,13503.55,13399.3,13478.3,0
11/12/2020 15:30:00,13512.3,13579.35,13402.85,13513.85,0
14/12/2020 15:30:00,13571.45,13597.5,13472.45,13558.15,0
15/12/2020 15:30:00,13547.2,13589.65,13447.05,13567.85,0
16/12/2020 15:30:00,13663.1,13692.35,13606.45,13682.7,0
17/12/2020 15:30:00,13713.55,13773.25,13673.55,13740.7,0
18/12/2020 15:30:00,13764.4,13772.85,13658.6,13760.55,0
21/12/2020 15:30:00,13741.9,13777.5,13131.45,13328.4,0
22/12/2020 15:30:00,13373.65,13492.05,13192.9,13466.3,0
23/12/2020 15:30:00,13473.5,13619.45,13432.2,13601.1,0
24/12/2020 15:30:00,13672.15,13771.75,13626.9,13749.25,0
28/12/2020 15:30:00,13815.15,13885.3,13811.55,13873.2,0
29/12/2020 15:30:00,13910.35,13967.6,13859.9,13932.6,0
30/12/2020 15:30:00,13980.9,13997,13864.95,13981.95,0
31/12/2020 15:30:00,13970,14024.85,13936.45,13981.75,0
01/01/2021 15:30:00,13996.1,14049.85,13991.35,14018.5,0
04/01/2021 15:30:00,14104.35,14147.95,13953.75,14132.9,0
05/01/2021 15:30:00,14075.15,14215.6,14048.15,14199.5,0
06/01/2021 15:30:00,14240.95,14244.15,14039.9,14146.25,0
07/01/2021 15:30:00,14253.75,14256.25,14123.1,14137.35,0
08/01/2021 15:30:00,14258.4,14367.3,14221.65,14347.25,0
11/01/2021 15:30:00,14474.05,14498.2,14383.1,14484.75,0
12/01/2021 15:30:00,14473.8,14590.65,14432.85,14563.45,0
13/01/2021 15:30:00,14639.8,14653.35,14435.7,14564.85,0
14/01/2021 15:30:00,14550.05,14617.8,14471.5,14595.6,0
15/01/2021 15:30:00,14594.35,14617.45,14357.85,14433.7,0
18/01/2021 15:30:00,14453.3,14459.15,14222.8,14281.3,0
19/01/2021 15:30:00,14371.65,14546.05,14350.85,14521.15,0
20/01/2021 15:30:00,14538.3,14666.45,14517.55,14644.7,0
21/01/2021 15:30:00,14730.95,14753.55,14517.25,14590.35,0
22/01/2021 15:30:00,14583.4,14619.9,14357.75,14371.9,0
25/01/2021 15:30:00,14477.8,14491.1,14218.6,14238.9,0
27/01/2021 15:30:00,14237.95,14237.95,13929.3,13967.5,0
28/01/2021 15:30:00,13810.4,13898.25,13713.25,13817.55,0
29/01/2021 15:30:00,13946.6,13966.85,13596.75,13634.6,0
01/02/2021 15:30:00,13758.6,14336.35,13661.75,14281.2,0
02/02/2021 15:30:00,14481.1,14731.7,14469.15,14647.85,0
03/02/2021 15:30:00,14754.9,14868.85,14574.15,14789.95,0
04/02/2021 15:30:00,14789.05,14913.7,14714.75,14895.65,0
05/02/2021 15:30:00,14952.6,15014.65,14864.75,14924.25,0
08/02/2021 15:30:00,15064.3,15159.9,15041.05,15115.8,0
09/02/2021 15:30:00,15164.15,15257.1,15064.3,15109.3,0
10/02/2021 15:30:00,15119.05,15168.25,14977.2,15106.5,0
11/02/2021 15:30:00,15073.25,15188.5,15065.4,15173.3,0
12/02/2021 15:30:00,15186.2,15243.5,15081,15163.3,0
15/02/2021 15:30:00,15270.3,15340.15,15243.4,15314.7,0
16/02/2021 15:30:00,15371.45,15431.75,15242.2,15313.45,0
17/02/2021 15:30:00,15279.9,15314.3,15170.75,15208.9,0
18/02/2021 15:30:00,15238.7,15250.75,15078.05,15118.95,0
19/02/2021 15:30:00,15074.8,15144.05,14898.2,14981.75,0
22/02/2021 15:30:00,14999.05,15010.1,14635.05,14675.7,0
23/02/2021 15:30:00,14782.25,14854.5,14651.85,14707.8,0
24/02/2021 15:30:00,14729.15,15008.8,14723.05,14982,0
25/02/2021 15:30:00,15079.85,15176.5,15065.35,15097.35,0
26/02/2021 15:30:00,14888.6,14919.45,14467.75,14529.15,0
01/03/2021 15:30:00,14702.5,14806.8,14638.55,14761.55,0
02/03/2021 15:30:00,14865.3,14959.1,14760.8,14919.1,0
03/03/2021 15:30:00,15064.4,15273.15,14995.8,15245.6,0
04/03/2021 15:30:00,15026.75,15202.35,14980.2,15080.75,0
05/03/2021 15:30:00,14977.95,15092.35,14862.1,14938.1,0
08/03/2021 15:30:00,15002.45,15111.15,14919.9,14956.2,0
09/03/2021 15:30:00,15049.9,15126.85,14925.45,15098.4,0
10/03/2021 15:30:00,15202.15,15218.45,15100.85,15174.8,0
12/03/2021 15:30:00,15321.15,15336.3,14953.6,15030.95,0
15/03/2021 15:30:00,15048.4,15048.4,14745.85,14929.5,0
16/03/2021 15:30:00,14996.1,15051.6,14890.65,14910.45,0
17/03/2021 15:30:00,14946.55,14956.55,14696.05,14721.3,0
18/03/2021 15:30:00,14855.5,14875.2,14478.6,14557.85,0
19/03/2021 15:30:00,14471.15,14788.25,14350.1,14744,0
22/03/2021 15:30:00,14736.3,14763.9,14597.85,14736.4,0
23/03/2021 15:30:00,14768.55,14878.6,14707,14814.75,0
24/03/2021 15:30:00,14712.45,14752.35,14535,14549.4,0
25/03/2021 15:30:00,14570.9,14575.6,14264.4,14324.9,0
26/03/2021 15:30:00,14506.3,14572.9,14414.25,14507.3,0
30/03/2021 15:30:00,14628.5,14876.3,14617.6,14845.1,0
31/03/2021 15:30:00,14811.85,14813.75,14670.25,14690.7,0
01/04/2021 15:30:00,14798.4,14883.2,14692.45,14867.35,0
05/04/2021 15:30:00,14837.7,14849.85,14459.5,14637.8,0
06/04/2021 15:30:00,14737,14779.1,14573.9,14683.5,0
07/04/2021 15:30:00,14716.45,14879.8,14649.85,14819.05,0
08/04/2021 15:30:00,14875.65,14984.15,14821.1,14873.8,0
09/04/2021 15:30:00,14882.65,14918.45,14785.65,14834.85,0
12/04/2021 15:30:00,14644.65,14652.5,14248.7,14310.8,0
13/04/2021 15:30:00,14364.9,14528.9,14274.9,14504.8,0
15/04/2021 15:30:00,14522.4,14597.55,14353.2,14581.45,0
16/04/2021 15:30:00,14599.6,14697.7,14559,14617.85,0
19/04/2021 15:30:00,14306.6,14382.3,14191.4,14359.45,0
20/04/2021 15:30:00,14526.7,14526.95,14207.3,14296.4,0
22/04/2021 15:30:00,14219.15,14424.75,14151.4,14406.15,0
23/04/2021 15:30:00,14326.35,14461.15,14273.3,14341.35,0
26/04/2021 15:30:00,14449.45,14557.5,14421.3,14485,0
27/04/2021 15:30:00,14493.8,14667.55,14484.85,14653.05,0
28/04/2021 15:30:00,14710.5,14890.25,14694.95,14864.55,0
29/04/2021 15:30:00,14979,15044.35,14814.45,14894.9,0
30/04/2021 15:30:00,14747.35,14855.45,14601.7,14631.1,0
03/05/2021 15:30:00,14481.05,14673.85,14416.25,14634.15,0
04/05/2021 15:30:00,14687.25,14723.4,14461.5,14496.5,0
05/05/2021 15:30:00,14604.15,14637.9,14506.6,14617.85,0
06/05/2021 15:30:00,14668.35,14743.9,14611.5,14724.8,0
07/05/2021 15:30:00,14816.85,14863.05,14765.5,14823.15,0
10/05/2021 15:30:00,14928.25,14966.9,14892.5,14942.35,0
11/05/2021 15:30:00,14789.7,14900,14771.4,14850.75,0
12/05/2021 15:30:00,14823.55,14824.05,14649.7,14696.5,0
14/05/2021 15:30:00,14749.4,14749.65,14591.9,14677.8,0
17/05/2021 15:30:00,14756.25,14938,14725.35,14923.15,0
18/05/2021 15:30:00,15067.2,15137.25,15043.7,15108.1,0
19/05/2021 15:30:00,15058.6,15133.4,15008.85,15030.15,0
20/05/2021 15:30:00,15042.6,15069.8,14884.9,14906.05,0
21/05/2021 15:30:00,14987.8,15190,14985.85,15175.3,0
24/05/2021 15:30:00,15211.35,15256.25,15145.45,15197.7,0
25/05/2021 15:30:00,15291.75,15293.85,15163.4,15208.45,0
26/05/2021 15:30:00,15257.05,15319.9,15194.95,15301.45,0
27/05/2021 15:30:00,15323.95,15384.55,15272.5,15337.85,0
28/05/2021 15:30:00,15421.2,15469.65,15394.75,15435.65,0
31/05/2021 15:30:00,15437.75,15606.35,15374,15582.8,0
01/06/2021 15:30:00,15629.65,15660.75,15528.3,15574.85,0
02/06/2021 15:30:00,15520.35,15597.45,15459.85,15576.2,0
03/06/2021 15:30:00,15655.55,15705.1,15611,15690.35,0
04/06/2021 15:30:00,15712.5,15733.6,15622.35,15670.25,0
07/06/2021 15:30:00,15725.1,15773.45,15678.1,15751.65,0
08/06/2021 15:30:00,15773.9,15778.8,15680,15740.1,0
09/06/2021 15:30:00,15766.3,15800.45,15566.9,15635.35,0
10/06/2021 15:30:00,15692.1,15751.25,15648.5,15737.75,0
11/06/2021 15:30:00,15796.45,15835.55,15749.8,15799.35,0
14/06/2021 15:30:00,15791.4,15823.05,15606.5,15811.85,0
15/06/2021 15:30:00,15866.95,15901.6,15842.4,15869.25,0
16/06/2021 15:30:00,15847.5,15880.85,15742.6,15767.55,0
17/06/2021 15:30:00,15648.3,15769.35,15616.75,15691.4,0
18/06/2021 15:30:00,15756.5,15761.5,15450.9,15683.35,0
21/06/2021 15:30:00,15525.85,15765.15,15505.65,15746.5,0
22/06/2021 15:30:00,15840.5,15895.75,15752.1,15772.75,0
23/06/2021 15:30:00,15862.8,15862.95,15673.95,15686.95,0
24/06/2021 15:30:00,15737.3,15821.4,15702.7,15790.45,0
25/06/2021 15:30:00,15839.35,15870.8,15772.3,15860.35,0
28/06/2021 15:30:00,15915.35,15915.65,15792.15,15814.7,0
29/06/2021 15:30:00,15807.5,15835.9,15724.05,15748.45,0
30/06/2021 15:30:00,15776.9,15839.1,15708.75,15721.5,0
01/07/2021 15:30:00,15755.05,15755.55,15667.05,15680,0
02/07/2021 15:30:00,15705.85,15738.35,15635.95,15722.2,0
05/07/2021 15:30:00,15793.4,15845.95,15762.05,15834.35,0
06/07/2021 15:30:00,15813.75,15914.2,15801,15818.25,0
07/07/2021 15:30:00,15819.6,15893.55,15779.7,15879.65,0
08/07/2021 15:30:00,15855.4,15885.75,15682.9,15727.9,0
09/07/2021 15:30:00,15688.25,15730.85,15632.75,15689.8,0
12/07/2021 15:30:00,15766.8,15789.2,15644.75,15692.6,0
13/07/2021 15:30:00,15794,15820.8,15744.6,15812.35,0
14/07/2021 15:30:00,15808.7,15877.35,15764.2,15853.95,0
15/07/2021 15:30:00,15872.15,15952.35,15855,15924.2,0
16/07/2021 15:30:00,15958.35,15962.25,15882.6,15923.4,0
19/07/2021 15:30:00,15754.5,15836.9,15707.5,15752.4,0
20/07/2021 15:30:00,15703.95,15728.45,15578.55,15632.1,0
22/07/2021 15:30:00,15736.6,15834.8,15726.4,15824.05,0
23/07/2021 15:30:00,15856.8,15899.8,15768.4,15856.05,0
26/07/2021 15:30:00,15849.3,15893.35,15797,15824.45,0
27/07/2021 15:30:00,15860.5,15881.55,15701,15746.45,0
28/07/2021 15:30:00,15761.55,15767.5,15513.45,15709.4,0
29/07/2021 15:30:00,15762.7,15817.35,15737.8,15778.45,0
30/07/2021 15:30:00,15800.6,15862.8,15744.85,15763.05,0
02/08/2021 15:30:00,15874.9,15892.9,15834.65,15885.15,0
03/08/2021 15:30:00,15951.55,16146.9,15914.35,16130.75,0
04/08/2021 15:30:00,16195.25,16290.2,16176.15,16258.8,0
05/08/2021 15:30:00,16288.95,16349.45,16210.3,16294.6,0
06/08/2021 15:30:00,16304.4,16336.75,16223.3,16238.2,0
09/08/2021 15:30:00,16281.35,16320.75,16179.05,16258.25,0
10/08/2021 15:30:00,16274.8,16359.25,16202.25,16280.1,0
11/08/2021 15:30:00,16327.3,16338.75,16162.55,16282.25,0
12/08/2021 15:30:00,16303.65,16375.5,16286.9,16364.4,0
13/08/2021 15:30:00,16385.7,16543.6,16376.3,16529.1,0
16/08/2021 15:30:00,16518.4,16589.4,16480.75,16563.05,0
17/08/2021 15:30:00,16545.25,16628.55,16495.4,16614.6,0
18/08/2021 15:30:00,16691.95,16701.85,16535.85,16568.85,0
20/08/2021 15:30:00,16382.5,16509.55,16376.05,16450.5,0
23/08/2021 15:30:00,16592.25,16592.5,16395.7,16496.45,0
24/08/2021 15:30:00,16561.4,16647.1,16495.3,16624.6,0
25/08/2021 15:30:00,16654,16712.45,16617.5,16634.65,0
26/08/2021 15:30:00,16627.95,16683.7,16603.4,16636.9,0
27/08/2021 15:30:00,16642.55,16722.05,16565.6,16705.2,0
30/08/2021 15:30:00,16775.85,16951.5,16764.85,16931.05,0
31/08/2021 15:30:00,16947.5,17153.5,16915.85,17132.2,0
01/09/2021 15:30:00,17185.6,17225.75,17055.05,17076.25,0
02/09/2021 15:30:00,17095.4,17245.5,17059.7,17234.15,0
03/09/2021 15:30:00,17262.45,17340.1,17212.2,17323.6,0
06/09/2021 15:30:00,17399.35,17429.55,17345.55,17377.8,0
07/09/2021 15:30:00,17401.55,17436.5,17287,17362.1,0
08/09/2021 15:30:00,17375.75,17383.4,17254.2,17353.5,0
09/09/2021 15:30:00,17312.85,17379.65,17302.7,17369.25,0
13/09/2021 15:30:00,17363.55,17378.35,17269.15,17355.3,0
14/09/2021 15:30:00,17420.35,17438.55,17367.05,17380,0
15/09/2021 15:30:00,17387.65,17532.7,17386.9,17519.45,0
16/09/2021 15:30:00,17539.2,17644.6,17510.45,17629.5,0
17/09/2021 15:30:00,17709.65,17792.95,17537.65,17585.15,0
20/09/2021 15:30:00,17443.85,17622.75,17361.8,17396.9,0
21/09/2021 15:30:00,17450.5,17578.35,17326.1,17562,0
22/09/2021 15:30:00,17580.9,17610.45,17524,17546.65,0
23/09/2021 15:30:00,17670.85,17843.9,17646.55,17822.95,0
24/09/2021 15:30:00,17897.45,17947.65,17819.4,17853.2,0
27/09/2021 15:30:00,17932.2,17943.5,17802.9,17855.1,0
28/09/2021 15:30:00,17906.45,17912.85,17576.1,17748.6,0
29/09/2021 15:30:00,17657.95,17781.75,17608.15,17711.3,0
30/09/2021 15:30:00,17718.9,17742.15,17585.35,17618.15,0
01/10/2021 15:30:00,17531.9,17557.15,17452.9,17532.05,0
04/10/2021 15:30:00,17615.55,17750.9,17581.35,17691.25,0
05/10/2021 15:30:00,17661.35,17833.45,17640.9,17822.3,0
06/10/2021 15:30:00,17861.5,17884.6,17613.15,17646,0
07/10/2021 15:30:00,17810.55,17857.55,17763.8,17790.35,0
08/10/2021 15:30:00,17886.85,17941.85,17840.35,17895.2,0
11/10/2021 15:30:00,17867.55,18041.95,17839.1,17945.95,0
12/10/2021 15:30:00,17915.8,18008.65,17864.95,17991.95,0
13/10/2021 15:30:00,18097.85,18197.8,18050.75,18161.75,0
14/10/2021 15:30:00,18272.85,18350.75,18248.7,18338.55,0
18/10/2021 15:30:00,18500.1,18543.15,18445.3,18477.05,0
19/10/2021 15:30:00,18602.35,18604.45,18377.7,18418.75,0
20/10/2021 15:30:00,18439.9,18458.3,18209.35,18266.6,0
21/10/2021 15:30:00,18382.7,18384.2,18048,18178.1,0
22/10/2021 15:30:00,18230.7,18314.25,18034.35,18114.9,0
25/10/2021 15:30:00,18229.5,18241.4,17968.5,18125.4,0
26/10/2021 15:30:00,18154.5,18310.45,18099.3,18268.4,0
27/10/2021 15:30:00,18295.85,18342.05,18167.9,18210.95,0
28/10/2021 15:30:00,18187.65,18190.7,17799.45,17857.25,0
29/10/2021 15:30:00,17833.05,17915.85,17613.1,17671.65,0
01/11/2021 15:30:00,17783.15,17954.1,17697.1,17929.65,0
02/11/2021 15:30:00,17970.9,18012.25,17847.6,17888.95,0
03/11/2021 15:30:00,17947.95,17988.75,17757.95,17829.2,0
04/11/2021 19:15:00,17935.05,17947.55,17900.6,17916.8,0
08/11/2021 15:30:00,18040.2,18087.8,17836.1,18068.55,0
09/11/2021 15:30:00,18084.35,18112.6,17983.05,18044.25,0
10/11/2021 15:30:00,17973.45,18061.25,17915,18017.2,0
11/11/2021 15:30:00,17967.45,17971.35,17798.2,17873.6,0
12/11/2021 15:30:00,17977.6,18123,17905.9,18102.75,0
15/11/2021 15:30:00,18140.95,18210.15,18071.3,18109.45,0
16/11/2021 15:30:00,18127.05,18132.65,17958.8,17999.2,0
17/11/2021 15:30:00,17939.35,18022.65,17879.25,17898.65,0
18/11/2021 15:30:00,17890.55,17945.6,17688.5,17764.8,0
22/11/2021 15:30:00,17796.25,17805.25,17280.45,17416.55,0
23/11/2021 15:30:00,17281.75,17553.7,17216.1,17503.35,0
24/11/2021 15:30:00,17550.05,17600.6,17354,17415.05,0
25/11/2021 15:30:00,17417.3,17564.35,17351.7,17536.25,0
26/11/2021 15:30:00,17338.75,17355.4,16985.7,17026.45,0
29/11/2021 15:30:00,17055.8,17160.7,16782.4,17053.95,0
30/11/2021 15:30:00,17051.15,17324.65,16931.4,16983.2,0
01/12/2021 15:30:00,17104.4,17213.05,17064.25,17166.9,0
02/12/2021 15:30:00,17183.2,17420.35,17149.3,17401.65,0
03/12/2021 15:30:00,17424.9,17489.8,17180.8,17196.7,0
06/12/2021 15:30:00,17209.05,17216.75,16891.7,16912.25,0
07/12/2021 15:30:00,17044.1,17251.65,16987.75,17176.7,0
08/12/2021 15:30:00,17315.25,17484.6,17308.95,17469.75,0
09/12/2021 15:30:00,17524.4,17543.25,17379.6,17516.85,0
10/12/2021 15:30:00,17476.05,17534.35,17405.25,17511.3,0
13/12/2021 15:30:00,17619.1,17639.5,17355.95,17368.25,0
14/12/2021 15:30:00,17283.2,17376.2,17225.8,17324.9,0
15/12/2021 15:30:00,17323.65,17351.2,17192.2,17221.4,0
16/12/2021 15:30:00,17373,17379.35,17184.95,17248.4,0
17/12/2021 15:30:00,17276,17298.15,16966.45,16985.2,0
20/12/2021 15:30:00,16824.25,16840.1,16410.2,16614.2,0
21/12/2021 15:30:00,16773.15,16936.4,16688.25,16770.85,0
22/12/2021 15:30:00,16865.55,16971,16819.5,16955.45,0
23/12/2021 15:30:00,17066.8,17118.65,17015.55,17072.6,0
24/12/2021 15:30:00,17149.5,17155.6,16909.6,17003.75,0
27/12/2021 15:30:00,16937.75,17112.05,16833.2,17086.25,0
28/12/2021 15:30:00,17177.6,17250.25,17161.15,17233.25,0
29/12/2021 15:30:00,17220.1,17285.95,17176.65,17213.6,0
30/12/2021 15:30:00,17201.45,17264.05,17146.35,17203.95,0
31/12/2021 15:30:00,17244.5,17400.8,17238.5,17354.05,0
03/01/2022 15:30:00,17387.15,17646.65,17383.3,17625.7,0
04/01/2022 15:30:00,17681.4,17827.6,17593.55,17805.25,0
05/01/2022 15:30:00,17820.1,17944.7,17748.85,17925.25,0
06/01/2022 15:30:00,17768.5,17797.95,17655.55,17745.9,0
07/01/2022 15:30:00,17797.6,17905,17704.55,17812.7,0
10/01/2022 15:30:00,17913.3,18017.45,17879.15,18003.3,0
11/01/2022 15:30:00,17997.75,18081.25,17964.4,18055.75,0
12/01/2022 15:30:00,18170.4,18227.95,18128.8,18212.35,0
13/01/2022 15:30:00,18257,18272.25,18163.8,18257.8,0
14/01/2022 15:30:00,18185,18286.95,18119.65,18255.75,0
17/01/2022 15:30:00,18235.65,18321.55,18228.75,18308.1,0
18/01/2022 15:30:00,18337.2,18350.95,18085.9,18113.05,0
19/01/2022 15:30:00,18129.2,18129.2,17884.9,17938.4,0
20/01/2022 15:30:00,17921,17943.7,17648.45,17757,0
21/01/2022 15:30:00,17613.7,17707.6,17485.85,17617.15,0
24/01/2022 15:30:00,17575.15,17599.4,16997.85,17149.1,0
25/01/2022 15:30:00,17001.55,17309.15,16836.8,17277.95,0
27/01/2022 15:30:00,17062,17182.5,16866.75,17110.15,0
28/01/2022 15:30:00,17208.3,17373.5,17077.1,17101.95,0
31/01/2022 15:30:00,17301.05,17410,17264.15,17339.85,0
01/02/2022 15:30:00,17529.45,17622.4,17244.55,17576.85,0
02/02/2022 15:30:00,17706.2,17794.6,17674.8,17780,0
03/02/2022 15:30:00,17767.75,17781.15,17511.15,17560.2,0
04/02/2022 15:30:00,17590.2,17617.8,17462.55,17516.3,0
07/02/2022 15:30:00,17456.3,17536.75,17119.4,17213.6,0
08/02/2022 15:30:00,17279.85,17306.45,17043.65,17266.75,0
09/02/2022 15:30:00,17370.1,17477.15,17339,17463.8,0
10/02/2022 15:30:00,17554.1,17639.45,17427.15,17605.85,0
11/02/2022 15:30:00,17451,17454.75,17303,17374.75,0
14/02/2022 15:30:00,17076.15,17099.5,16809.65,16842.8,0
15/02/2022 15:30:00,16933.25,17375,16839.25,17352.45,0
16/02/2022 15:30:00,17408.45,17490.6,17257.7,17322.2,0
17/02/2022 15:30:00,17396.55,17442.9,17235.85,17304.6,0
18/02/2022 15:30:00,17236.05,17380.8,17219.2,17276.3,0
21/02/2022 15:30:00,17192.25,17351.05,17070.7,17206.65,0
22/02/2022 15:30:00,16847.95,17148.55,16843.8,17092.2,0
23/02/2022 15:30:00,17194.5,17220.7,17027.85,17063.25,0
24/02/2022 15:30:00,16548.9,16705.25,16203.25,16247.95,0
25/02/2022 15:30:00,16515.65,16748.8,16478.3,16658.4,0
28/02/2022 15:30:00,16481.6,16815.9,16356.3,16793.9,0
02/03/2022 15:30:00,16593.1,16678.5,16478.65,16605.95,0
03/03/2022 15:30:00,16723.2,16768.95,16442.95,16498.05,0
04/03/2022 15:30:00,16339.45,16456,16133.8,16245.35,0
07/03/2022 15:30:00,15867.95,15944.6,15711.45,15863.15,0
08/03/2022 15:30:00,15747.75,16028.75,15671.45,16013.45,0
09/03/2022 15:30:00,16078,16418.05,15990,16345.35,0
10/03/2022 15:30:00,16757.1,16757.3,16447.9,16594.9,0
11/03/2022 15:30:00,16528.8,16694.4,16470.9,16630.45,0
14/03/2022 15:30:00,16633.7,16887.95,16606.5,16871.3,0
15/03/2022 15:30:00,16900.65,16927.75,16555,16663,0
16/03/2022 15:30:00,16876.65,16987.9,16837.85,16975.35,0
17/03/2022 15:30:00,17202.9,17344.6,17175.75,17287.05,0
21/03/2022 15:30:00,17329.5,17353.35,17096.4,17117.6,0
22/03/2022 15:30:00,17120.4,17334.4,17006.3,17315.5,0
23/03/2022 15:30:00,17405.05,17442.4,17199.6,17245.65,0
24/03/2022 15:30:00,17094.95,17291.75,17091.15,17222.75,0
25/03/2022 15:30:00,17289,17294.9,17076.55,17153,0
28/03/2022 15:30:00,17181.85,17235.1,17003.9,17222,0
29/03/2022 15:30:00,17297.2,17343.65,17235.7,17325.3,0
30/03/2022 15:30:00,17468.15,17522.5,17387.2,17498.25,0
31/03/2022 15:30:00,17519.2,17559.8,17435.2,17464.75,0
01/04/2022 15:30:00,17436.9,17703.7,17422.7,17670.45,0
04/04/2022 15:30:00,17809.1,18114.65,17791.4,18053.4,0
05/04/2022 15:30:00,18080.6,18095.45,17921.55,17957.4,0
06/04/2022 15:30:00,17842.75,17901,17779.85,17807.65,0
07/04/2022 15:30:00,17723.3,17787.5,17623.7,17639.55,0
08/04/2022 15:30:00,17698.15,17842.75,17600.55,17784.35,0
11/04/2022 15:30:00,17740.9,17779.05,17650.95,17674.95,0
12/04/2022 15:30:00,17584.85,17595.3,17442.35,17530.3,0
13/04/2022 15:30:00,17599.9,17663.65,17457.4,17475.65,0
18/04/2022 15:30:00,17183.45,17237.75,17067.85,17173.65,0
19/04/2022 15:30:00,17258.95,17275.65,16824.7,16958.65,0
20/04/2022 15:30:00,17045.25,17186.9,16978.95,17136.55,0
21/04/2022 15:30:00,17234.6,17414.7,17215.5,17392.6,0
22/04/2022 15:30:00,17242.75,17315.3,17149.2,17171.95,0
25/04/2022 15:30:00,17009.05,17054.3,16888.7,16953.95,0
26/04/2022 15:30:00,17121.3,17223.85,17064.45,17200.8,0
27/04/2022 15:30:00,17073.35,17110.7,16958.45,17038.4,0
28/04/2022 15:30:00,17189.5,17322.5,17071.05,17245.05,0
29/04/2022 15:30:00,17329.25,17377.65,17053.25,17102.55,0
02/05/2022 15:30:00,16924.45,17092.25,16917.25,17069.1,0
04/05/2022 15:30:00,17096.6,17132.85,16623.95,16677.6,0
05/05/2022 15:30:00,16854.75,16945.7,16651.85,16682.65,0
06/05/2022 15:30:00,16415.55,16484.2,16340.9,16411.25,0
09/05/2022 15:30:00,16227.7,16403.7,16142.1,16301.85,0
10/05/2022 15:30:00,16248.9,16404.55,16197.3,16240.05,0
11/05/2022 15:30:00,16270.05,16318.75,15992.6,16167.1,0
12/05/2022 15:30:00,16021.1,16041.95,15735.75,15808,0
13/05/2022 15:30:00,15977,16083.6,15740.85,15782.15,0
16/05/2022 15:30:00,15845.1,15977.95,15739.65,15842.3,0
17/05/2022 15:30:00,15912.6,16284.25,15900.8,16259.3,0
18/05/2022 15:30:00,16318.15,16399.8,16211.2,16240.3,0
19/05/2022 15:30:00,15917.4,15984.75,15775.2,15809.4,0
20/05/2022 15:30:00,16043.8,16283.05,16003.85,16266.15,0
23/05/2022 15:30:00,16290.95,16414.7,16185.75,16214.7,0
24/05/2022 15:30:00,16225.55,16262.8,16078.6,16125.15,0
25/05/2022 15:30:00,16196.35,16223.35,16006.95,16025.8,0
26/05/2022 15:30:00,16105,16204.45,15903.7,16170.15,0
27/05/2022 15:30:00,16296.6,16370.6,16221.95,16352.45,0
30/05/2022 15:30:00,16527.9,16695.5,16506.15,16661.4,0
31/05/2022 15:30:00,16578.45,16690.75,16521.9,16584.55,0
01/06/2022 15:30:00,16594.4,16649.2,16438.85,16522.75,0
02/06/2022 15:30:00,16481.65,16646.4,16443.05,16628,0
03/06/2022 15:30:00,16761.65,16793.85,16567.9,16584.3,0
06/06/2022 15:30:00,16530.7,16610.95,16444.55,16569.55,0
07/06/2022 15:30:00,16469.6,16487.25,16347.1,16416.35,0
08/06/2022 15:30:00,16474.95,16514.3,16293.35,16356.25,0
09/06/2022 15:30:00,16263.85,16492.8,16243.85,16478.1,0
10/06/2022 15:30:00,16283.95,16324.7,16172.6,16201.8,0
13/06/2022 15:30:00,15877.55,15886.15,15684,15774.4,0
14/06/2022 15:30:00,15674.25,15858,15659.45,15732.1,0
15/06/2022 15:30:00,15729.25,15783.65,15678.9,15692.15,0
16/06/2022 15:30:00,15832.25,15863.15,15335.1,15360.6,0
17/06/2022 15:30:00,15272.65,15400.4,15183.4,15293.5,0
20/06/2022 15:30:00,15334.5,15382.5,15191.1,15350.15,0
21/06/2022 15:30:00,15455.95,15707.25,15419.85,15638.8,0
22/06/2022 15:30:00,15545.65,15565.4,15385.95,15413.3,0
23/06/2022 15:30:00,15451.55,15628.45,15367.5,15556.65,0
24/06/2022 15:30:00,15657.4,15749.25,15619.45,15699.25,0
27/06/2022 15:30:00,15926.2,15927.45,15815.5,15832.05,0
28/06/2022 15:30:00,15757.45,15892.1,15710.15,15850.2,0
29/06/2022 15:30:00,15701.7,15861.6,15687.8,15799.1,0
30/06/2022 15:30:00,15774.5,15890,15728.85,15780.25,0
01/07/2022 15:30:00,15703.7,15793.95,15511.05,15752.05,0
04/07/2022 15:30:00,15710.5,15852.35,15661.8,15835.35,0
05/07/2022 15:30:00,15909.15,16025.75,15785.45,15810.85,0
06/07/2022 15:30:00,15818.2,16011.35,15800.9,15989.8,0
07/07/2022 15:30:00,16113.75,16150.5,16045.95,16132.9,0
08/07/2022 15:30:00,16273.65,16275.5,16157.9,16220.6,0
11/07/2022 15:30:00,16136.15,16248.55,16115.5,16216,0
12/07/2022 15:30:00,16126.2,16158.75,16031.15,16058.3,0
13/07/2022 15:30:00,16128.2,16140,15950.15,15966.65,0
14/07/2022 15:30:00,16018.85,16070.85,15858.2,15938.65,0
15/07/2022 15:30:00,16010.8,16066.95,15927.3,16049.2,0
18/07/2022 15:30:00,16151.4,16287.95,16142.2,16278.5,0
19/07/2022 15:30:00,16187.05,16359.5,16187.05,16340.55,0
20/07/2022 15:30:00,16562.8,16588,16490.95,16520.85,0
21/07/2022 15:30:00,16523.55,16626.95,16483.9,16605.25,0
22/07/2022 15:30:00,16661.25,16752.25,16610.9,16719.45,0
25/07/2022 15:30:00,16662.55,16706.05,16564.25,16631,0
26/07/2022 15:30:00,16632.9,16636.1,16463.3,16483.85,0
27/07/2022 15:30:00,16475.35,16653.45,16438.75,16641.8,0
28/07/2022 15:30:00,16774.85,16947.65,16746.25,16929.6,0
29/07/2022 15:30:00,17079.5,17172.8,17018.15,17158.25,0
01/08/2022 15:30:00,17243.2,17356.25,17154.8,17340.05,0
02/08/2022 15:30:00,17310.15,17390.15,17215.85,17345.45,0
03/08/2022 15:30:00,17349.25,17407.5,17225.85,17388.15,0
04/08/2022 15:30:00,17463.1,17490.7,17161.25,17382,0
05/08/2022 15:30:00,17423.65,17474.4,17348.75,17397.5,0
08/08/2022 15:30:00,17401.5,17548.8,17359.75,17525.1,0
10/08/2022 15:30:00,17566.1,17566.1,17442.8,17534.75,0
11/08/2022 15:30:00,17711.65,17719.3,17631.95,17659,0
12/08/2022 15:30:00,17659.65,17724.65,17597.85,17698.15,0
16/08/2022 15:30:00,17797.2,17839.1,17764.05,17825.25,0
17/08/2022 15:30:00,17868.15,17965.95,17833.35,17944.25,0
18/08/2022 15:30:00,17898.65,17968.45,17852.05,17956.5,0
19/08/2022 15:30:00,17966.55,17992.2,17710.75,17758.45,0
22/08/2022 15:30:00,17682.9,17690.05,17467.35,17490.7,0
23/08/2022 15:30:00,17357.35,17625.55,17345.2,17577.5,0
24/08/2022 15:30:00,17525.45,17623.65,17499.25,17604.95,0
25/08/2022 15:30:00,17679,17726.5,17487.45,17522.45,0
26/08/2022 15:30:00,17619.3,17685.85,17519.35,17558.9,0
29/08/2022 15:30:00,17188.65,17380.15,17166.2,17312.9,0
30/08/2022 15:30:00,17414.95,17777.65,17401.5,17759.3,0
01/09/2022 15:30:00,17485.7,17695.6,17468.45,17542.8,0
02/09/2022 15:30:00,17598.4,17643.85,17476.45,17539.45,0
05/09/2022 15:30:00,17546.45,17683.15,17540.35,17665.8,0
06/09/2022 15:30:00,17695.7,17764.65,17587.65,17655.6,0
07/09/2022 15:30:00,17519.4,17650.75,17484.3,17624.4,0
08/09/2022 15:30:00,17748.15,17807.65,17691.95,17798.75,0
09/09/2022 15:30:00,17923.35,17925.95,17786,17833.35,0
13/09/2022 15:30:00,18044.45,18088.3,18015.45,18070.05,0
14/09/2022 15:30:00,17771.15,18091.55,17771.15,18003.75,0
15/09/2022 15:30:00,18046.35,18096.15,17861.5,17877.4,0
16/09/2022 15:30:00,17796.8,17820.05,17497.25,17530.85,0
19/09/2022 15:30:00,17540.65,17667.2,17429.7,17622.25,0
20/09/2022 15:30:00,17770.4,17919.3,17744.4,17816.25,0
21/09/2022 15:30:00,17766.35,17838.7,17663.6,17718.35,0
22/09/2022 15:30:00,17609.65,17722.75,17532.45,17629.8,0
23/09/2022 15:30:00,17593.85,17642.15,17291.65,17327.35,0
26/09/2022 15:30:00,17156.3,17196.4,16978.3,17016.3,0
27/09/2022 15:30:00,17110.9,17176.45,16942.35,17007.4,0
28/09/2022 15:30:00,16870.55,17037.6,16820.4,16858.6,0
29/09/2022 15:30:00,16993.6,17026.05,16788.6,16818.1,0
30/09/2022 15:30:00,16798.05,17187.1,16747.7,17094.35,0
03/10/2022 15:30:00,17102.1,17114.65,16855.55,16887.35,0
04/10/2022 15:30:00,17147.45,17287.3,17117.3,17274.3,0
06/10/2022 15:30:00,17379.25,17428.8,17315.65,17331.8,0
07/10/2022 15:30:00,17287.2,17337.35,17216.95,17314.65,0
10/10/2022 15:30:00,17094.35,17280.15,17064.7,17241,0
11/10/2022 15:30:00,17256.05,17261.8,16950.3,16983.55,0
12/10/2022 15:30:00,17025.55,17142.35,16960.05,17123.6,0
13/10/2022 15:30:00,17087.35,17112.35,16956.95,17014.35,0
14/10/2022 15:30:00,17322.3,17348.55,17169.75,17185.7,0
17/10/2022 15:30:00,17144.8,17328.55,17098.55,17311.8,0
18/10/2022 15:30:00,17438.75,17527.8,17434.05,17486.95,0
19/10/2022 15:30:00,17568.15,17607.6,17472.85,17512.25,0
20/10/2022 15:30:00,17423.1,17584.15,17421,17563.95,0
21/10/2022 15:30:00,17622.85,17670.15,17520.75,17576.3,0
25/10/2022 15:30:00,17808.3,17811.5,17637,17656.35,0
27/10/2022 15:30:00,17771.4,17783.9,17654.5,17736.95,0
28/10/2022 15:30:00,17756.4,17838.9,17723.7,17786.8,0
31/10/2022 15:30:00,17910.2,18022.8,17899.9,18012.2,0
01/11/2022 15:30:00,18130.7,18175.8,18060.15,18145.4,0
02/11/2022 15:30:00,18177.9,18178.75,18048.65,18082.85,0
03/11/2022 15:30:00,17968.35,18106.3,17959.2,18052.7,0
04/11/2022 15:30:00,18053.4,18135.1,18017.15,18117.15,0
07/11/2022 15:30:00,18211.75,18255.5,18064.75,18202.8,0
09/11/2022 15:30:00,18288.25,18296.4,18117.5,18157,0
10/11/2022 15:30:00,18044.35,18103.1,17969.4,18028.2,0
11/11/2022 15:30:00,18272.35,18362.3,18259.35,18349.7,0
14/11/2022 15:30:00,18376.4,18399.45,18311.4,18329.15,0
15/11/2022 15:30:00,18362.75,18427.95,18282,18403.4,0
16/11/2022 15:30:00,18398.25,18442.15,18344.15,18409.65,0
17/11/2022 15:30:00,18358.7,18417.6,18312.95,18343.9,0
18/11/2022 15:30:00,18382.95,18394.6,18209.8,18307.65,0
21/11/2022 15:30:00,18246.4,18262.3,18133.35,18159.95,0
22/11/2022 15:30:00,18179.15,18261.85,18137.7,18244.2,0
23/11/2022 15:30:00,18325.2,18325.4,18246,18267.25,0
24/11/2022 15:30:00,18326.1,18529.7,18294.25,18484.1,0
25/11/2022 15:30:00,18528.45,18534.9,18445.1,18512.75,0
28/11/2022 15:30:00,18430.55,18614.25,18365.6,18562.75,0
29/11/2022 15:30:00,18552.45,18678.1,18552.15,18618.05,0
30/11/2022 15:30:00,18625.7,18816.05,18616.55,18758.35,0
01/12/2022 15:30:00,18871.95,18887.6,18778.2,18812.5,0
02/12/2022 15:30:00,18752.4,18781.95,18639.2,18696.1,0
05/12/2022 15:30:00,18719.55,18728.6,18591.35,18701.05,0
06/12/2022 15:30:00,18600.65,18654.9,18577.9,18642.75,0
07/12/2022 15:30:00,18638.85,18668.3,18528.4,18560.5,0
08/12/2022 15:30:00,18570.85,18625,18536.95,18609.35,0
09/12/2022 15:30:00,18662.4,18664.7,18410.1,18496.6,0
12/12/2022 15:30:00,18402.15,18521.55,18345.7,18497.15,0
13/12/2022 15:30:00,18524.4,18617.25,18490.2,18608,0
14/12/2022 15:30:00,18671.25,18696.1,18632.9,18660.3,0
15/12/2022 15:30:00,18614.4,18652.9,18387.7,18414.9,0
16/12/2022 15:30:00,18319.1,18440.95,18255.15,18269,0
19/12/2022 15:30:00,18288.1,18431.65,18244.55,18420.45,0
20/12/2022 15:30:00,18340.3,18404.9,18202.65,18385.3,0
21/12/2022 15:30:00,18435.15,18473.35,18162.75,18199.1,0
22/12/2022 15:30:00,18288.8,18318.75,18068.6,18127.35,0
23/12/2022 15:30:00,17977.65,18050.45,17779.5,17806.8,0
26/12/2022 15:30:00,17830.4,18084.1,17774.25,18014.6,0
27/12/2022 15:30:00,18089.8,18149.25,17967.45,18132.3,0
28/12/2022 15:30:00,18084.75,18173.1,18068.35,18122.5,0
29/12/2022 15:30:00,18045.7,18229.7,17992.8,18191,0
30/12/2022 15:30:00,18259.1,18265.25,18080.3,18105.3,0
02/01/2023 15:30:00,18131.7,18215.15,18086.5,18197.45,0
03/01/2023 15:30:00,18163.2,18251.95,18149.8,18232.55,0
04/01/2023 15:30:00,18230.65,18243,18020.6,18042.95,0
05/01/2023 15:30:00,18101.95,18120.3,17892.6,17992.15,0
06/01/2023 15:30:00,18008.05,18047.4,17795.55,17859.45,0
09/01/2023 15:30:00,17952.55,18141.4,17936.15,18101.2,0
10/01/2023 15:30:00,18121.3,18127.6,17856,17914.15,0
11/01/2023 15:30:00,17924.25,17976.35,17824.35,17895.7,0
12/01/2023 15:30:00,17920.85,17945.8,17761.65,17858.2,0
13/01/2023 15:30:00,17867.5,17999.35,17774.25,17956.6,0
16/01/2023 15:30:00,18033.15,18049.65,17853.65,17894.85,0
17/01/2023 15:30:00,17922.8,18072.05,17886.95,18053.3,0
18/01/2023 15:30:00,18074.3,18183.75,18032.45,18165.35,0
19/01/2023 15:30:00,18119.8,18155.2,18063.75,18107.85,0
20/01/2023 15:30:00,18115.6,18145.45,18016.2,18027.65,0
23/01/2023 15:30:00,18118.45,18162.6,18063.45,18118.55,0
24/01/2023 15:30:00,18183.95,18201.25,18078.65,18118.3,0
25/01/2023 15:30:00,18093.35,18100.6,17846.15,17891.95,0
27/01/2023 15:30:00,17877.2,17884.75,17493.55,17604.35,0
30/01/2023 15:30:00,17541.95,17709.15,17405.55,17648.95,0
31/01/2023 15:30:00,17731.45,17735.7,17537.55,17662.15,0
01/02/2023 15:30:00,17811.6,17972.2,17353.4,17616.3,0
02/02/2023 15:30:00,17517.1,17653.9,17445.95,17610.4,0
03/02/2023 15:30:00,17721.75,17870.3,17584.2,17854.05,0
06/02/2023 15:30:00,17818.55,17823.7,17698.35,17764.6,0
07/02/2023 15:30:00,17790.1,17811.15,17652.55,17721.5,0
08/02/2023 15:30:00,17750.3,17898.7,17744.15,17871.7,0
09/02/2023 15:30:00,17885.5,17916.9,17779.8,17893.45,0
10/02/2023 15:30:00,17847.55,17876.95,17801,17856.5,0
13/02/2023 15:30:00,17859.1,17880.7,17719.75,17770.9,0
14/02/2023 15:30:00,17840.35,17954.55,17800.05,17929.85,0
15/02/2023 15:30:00,17896.6,18034.1,17853.8,18015.85,0
16/02/2023 15:30:00,18094.75,18134.75,18000.65,18035.85,0
17/02/2023 15:30:00,17974.85,18034.25,17884.6,17944.2,0
20/02/2023 15:30:00,17965.55,18004.35,17818.4,17844.6,0
21/02/2023 15:30:00,17905.8,17924.9,17800.3,17826.7,0
22/02/2023 15:30:00,17755.35,17772.5,17529.45,17554.3,0
23/02/2023 15:30:00,17574.65,17620.05,17455.4,17511.25,0
24/02/2023 15:30:00,17591.35,17599.75,17421.8,17465.8,0
27/02/2023 15:30:00,17428.6,17451.6,17299,17392.7,0
28/02/2023 15:30:00,17383.25,17440.45,17255.2,17303.95,0
01/03/2023 15:30:00,17360.1,17467.75,17345.25,17450.9,0
02/03/2023 15:30:00,17421.5,17445.8,17306,17321.9,0
03/03/2023 15:30:00,17451.25,17644.75,17427.7,17594.35,0
06/03/2023 15:30:00,17680.35,17799.95,17671.95,17711.45,0
08/03/2023 15:30:00,17665.75,17766.5,17602.25,17754.4,0
09/03/2023 15:30:00,17772.05,17772.35,17573.6,17589.6,0
10/03/2023 15:30:00,17443.8,17451.5,17324.35,17412.9,0
13/03/2023 15:30:00,17421.9,17529.9,17113.45,17154.3,0
14/03/2023 15:30:00,17160.55,17224.65,16987.1,17043.3,0
15/03/2023 15:30:00,17166.45,17211.35,16938.9,16972.15,0
16/03/2023 15:30:00,16994.65,17062.45,16850.15,16985.6,0
17/03/2023 15:30:00,17111.8,17145.8,16958.15,17100.05,0
20/03/2023 15:30:00,17066.6,17066.6,16828.35,16988.4,0
21/03/2023 15:30:00,17060.4,17127.7,17016,17107.5,0
22/03/2023 15:30:00,17177.45,17207.25,17107.85,17151.9,0
23/03/2023 15:30:00,17097.4,17205.4,17045.3,17076.9,0
24/03/2023 15:30:00,17076.2,17109.45,16917.35,16945.05,0
27/03/2023 15:30:00,16984.3,17091,16918.55,16985.7,0
28/03/2023 15:30:00,17031.75,17061.75,16913.75,16951.7,0
29/03/2023 15:30:00,16977.3,17126.15,16940.6,17080.7,0
31/03/2023 15:30:00,17210.35,17381.6,17204.65,17359.75,0
03/04/2023 15:30:00,17427.95,17428.05,17312.75,17398.05,0
05/04/2023 15:30:00,17422.3,17570.55,17402.7,17557.05,0
06/04/2023 15:30:00,17533.85,17638.7,17502.85,17599.15,0
10/04/2023 15:30:00,17634.9,17694.1,17597.95,17624.05,0
11/04/2023 15:30:00,17704.8,17748.75,17655.15,17722.3,0
12/04/2023 15:30:00,17759.55,17825.75,17717.25,17812.4,0
13/04/2023 15:30:00,17807.3,17842.15,17729.65,17828,0
17/04/2023 15:30:00,17863,17863,17574.05,17706.85,0
18/04/2023 15:30:00,17766.6,17766.6,17610.2,17660.15,0
19/04/2023 15:30:00,17653.35,17666.15,17579.85,17618.75,0
20/04/2023 15:30:00,17638.6,17684.45,17584.35,17624.45,0
21/04/2023 15:30:00,17639.75,17663.2,17553.95,17624.05,0
24/04/2023 15:30:00,17707.55,17754.5,17612.5,17743.4,0
25/04/2023 15:30:00,17761.55,17807.45,17716.85,17769.25,0
26/04/2023 15:30:00,17767.3,17827.75,17711.2,17813.6,0
27/04/2023 15:30:00,17813.1,17931.6,17797.9,17915.05,0
28/04/2023 15:30:00,17950.4,18089.15,17885.3,18065,0
02/05/2023 15:30:00,18124.8,18180.25,18101.75,18147.65,0
03/05/2023 15:30:00,18113.8,18116.35,18042.4,18089.85,0
04/05/2023 15:30:00,18081,18267.45,18066.7,18255.8,0
05/05/2023 15:30:00,18117.3,18216.95,18055.45,18069,0
08/05/2023 15:30:00,18120.6,18286.95,18100.3,18264.4,0
09/05/2023 15:30:00,18303.4,18344.2,18229.65,18265.95,0
10/05/2023 15:30:00,18313.6,18326.75,18211.95,18315.1,0
11/05/2023 15:30:00,18357.8,18389.7,18270.4,18297,0
12/05/2023 15:30:00,18273.75,18342.75,18194.55,18314.8,0
15/05/2023 15:30:00,18339.3,18458.9,18287.9,18398.85,0
16/05/2023 15:30:00,18432.35,18432.35,18264.35,18286.5,0
17/05/2023 15:30:00,18300.45,18309,18115.35,18181.75,0
18/05/2023 15:30:00,18287.5,18297.2,18104.85,18129.95,0
19/05/2023 15:30:00,18186.15,18218.1,18060.4,18203.4,0
22/05/2023 15:30:00,18201.1,18335.25,18178.85,18314.4,0
23/05/2023 15:30:00,18362.9,18419.75,18324.2,18348,0
24/05/2023 15:30:00,18294.8,18392.6,18262.95,18285.4,0
25/05/2023 15:30:00,18268.9,18338.1,18202.4,18321.15,0
26/05/2023 15:30:00,18368.35,18508.55,18333.15,18499.35,0
29/05/2023 15:30:00,18619.15,18641.2,18581.25,18598.65,0
30/05/2023 15:30:00,18606.65,18662.45,18575.5,18633.85,0
31/05/2023 15:30:00,18594.2,18603.9,18483.85,18534.4,0
01/06/2023 15:30:00,18579.4,18580.3,18464.55,18487.75,0
02/06/2023 15:30:00,18550.85,18573.7,18478.4,18534.1,0
05/06/2023 15:30:00,18612,18640.15,18582.8,18593.85,0
06/06/2023 15:30:00,18600.8,18622.75,18531.6,18599,0
07/06/2023 15:30:00,18665.6,18738.95,18636,18726.4,0
08/06/2023 15:30:00,18725.35,18777.9,18615.6,18634.55,0
09/06/2023 15:30:00,18655.9,18676.65,18555.4,18563.4,0
12/06/2023 15:30:00,18595.05,18633.6,18559.75,18601.5,0
13/06/2023 15:30:00,18631.8,18728.9,18631.8,18716.15,0
14/06/2023 15:30:00,18744.6,18769.7,18690,18755.9,0
15/06/2023 15:30:00,18774.45,18794.1,18669.05,18688.1,0
16/06/2023 15:30:00,18723.3,18864.7,18710.5,18826,0
19/06/2023 15:30:00,18873.3,18881.45,18719.15,18755.45,0
20/06/2023 15:30:00,18752.35,18839.7,18660.65,18816.7,0
21/06/2023 15:30:00,18849.4,18875.9,18794.85,18856.85,0
22/06/2023 15:30:00,18853.6,18886.6,18759.5,18771.25,0
23/06/2023 15:30:00,18741.85,18756.4,18647.1,18665.5,0
26/06/2023 15:30:00,18682.35,18722.05,18646.7,18691.2,0
27/06/2023 15:30:00,18748.55,18829.25,18714.25,18817.4,0
30/06/2023 15:30:00,19076.85,19201.7,19024.6,19189.05,0
03/07/2023 15:30:00,19246.5,19345.1,19234.4,19322.55,0
04/07/2023 15:30:00,19406.6,19434.15,19300,19389,0
05/07/2023 15:30:00,19405.95,19421.6,19339.6,19398.5,0
06/07/2023 15:30:00,19385.7,19512.2,19373,19497.3,0
07/07/2023 15:30:00,19422.8,19523.6,19303.6,19331.8,0
10/07/2023 15:30:00,19400.35,19435.85,19327.1,19355.9,0
11/07/2023 15:30:00,19427.1,19515.1,19406.45,19439.4,0
12/07/2023 15:30:00,19497.45,19507.7,19361.75,19384.3,0
13/07/2023 15:30:00,19495.2,19567,19385.8,19413.75,0
14/07/2023 15:30:00,19493.45,19595.35,19433.5,19564.5,0
17/07/2023 15:30:00,19612.15,19731.85,19562.95,19711.45,0
18/07/2023 15:30:00,19787.5,19819.45,19690.2,19749.25,0
19/07/2023 15:30:00,19802.95,19851.7,19727.45,19833.15,0
20/07/2023 15:30:00,19831.7,19991.85,19758.4,19979.15,0
21/07/2023 15:30:00,19800.45,19887.4,19700,19745,0
24/07/2023 15:30:00,19748.45,19782.75,19658.3,19672.35,0
25/07/2023 15:30:00,19729.35,19729.35,19615.95,19680.6,0
26/07/2023 15:30:00,19733.35,19825.6,19716.7,19778.3,0
27/07/2023 15:30:00,19850.9,19867.55,19603.55,19659.9,0
28/07/2023 15:30:00,19659.75,19695.9,19563.1,19646.05,0
31/07/2023 15:30:00,19666.35,19772.75,19597.6,19753.8,0
01/08/2023 15:30:00,19784,19795.6,19704.6,19733.55,0
02/08/2023 15:30:00,19655.4,19678.25,19423.55,19526.55,0
03/08/2023 15:30:00,19463.75,19537.65,19296.45,19381.65,0
04/08/2023 15:30:00,19462.8,19538.85,19436.45,19517,0
07/08/2023 15:30:00,19576.85,19620.45,19524.8,19597.3,0
08/08/2023 15:30:00,19627.2,19634.4,19533.1,19570.85,0
09/08/2023 15:30:00,19578.8,19645.5,19467.5,19632.55,0
10/08/2023 15:30:00,19605.55,19623.6,19495.4,19543.1,0
11/08/2023 15:30:00,19554.25,19557.75,19412.75,19428.3,0
14/08/2023 15:30:00,19383.95,19465.85,19257.9,19434.55,0
16/08/2023 15:30:00,19369,19482.75,19317.2,19465,0
17/08/2023 15:30:00,19450.55,19461.55,19326.25,19365.25,0
18/08/2023 15:30:00,19301.75,19373.8,19253.6,19310.15,0
21/08/2023 15:30:00,19320.65,19425.95,19296.3,19393.6,0
22/08/2023 15:30:00,19417.1,19443.5,19381.3,19396.45,0
23/08/2023 15:30:00,19439.2,19472.05,19366.6,19444,0
24/08/2023 15:30:00,19535.15,19584.45,19369,19386.7,0
25/08/2023 15:30:00,19297.4,19339.55,19229.7,19265.8,0
28/08/2023 15:30:00,19298.35,19366.85,19249.7,19306.05,0
29/08/2023 15:30:00,19374.85,19377.9,19309.1,19342.65,0
30/08/2023 15:30:00,19433.45,19452.8,19334.75,19347.45,0
31/08/2023 15:30:00,19375.55,19388.2,19223.65,19253.8,0
01/09/2023 15:30:00,19258.15,19458.55,19255.7,19435.3,0
04/09/2023 15:30:00,19525.05,19545.15,19432.85,19528.8,0
05/09/2023 15:30:00,19564.65,19587.05,19525.75,19574.9,0
06/09/2023 15:30:00,19581.2,19636.45,19491.5,19611.05,0
07/09/2023 15:30:00,19598.65,19737,19550.05,19727.05,0
08/09/2023 15:30:00,19774.8,19867.15,19727.05,19819.95,0
11/09/2023 15:30:00,19890,20008.15,19865.35,19996.35,0
12/09/2023 15:30:00,20110.15,20110.35,19914.65,19993.2,0
13/09/2023 15:30:00,19989.5,20096.9,19944.1,20070,0
14/09/2023 15:30:00,20127.95,20167.65,20043.45,20103.1,0
15/09/2023 15:30:00,20156.45,20222.45,20129.7,20192.35,0
18/09/2023 15:30:00,20155.95,20195.35,20115.7,20133.3,0
20/09/2023 15:30:00,19980.75,20050.65,19878.85,19901.4,0
21/09/2023 15:30:00,19840.55,19848.75,19709.95,19742.35,0
22/09/2023 15:30:00,19744.85,19798.65,19657.5,19674.25,0
25/09/2023 15:30:00,19678.2,19734.15,19601.55,19674.55,0
26/09/2023 15:30:00,19682.8,19699.35,19637.45,19664.7,0
27/09/2023 15:30:00,19637.05,19730.7,19554,19716.45,0
28/09/2023 15:30:00,19761.8,19766.65,19492.1,19523.55,0
29/09/2023 15:30:00,19581.2,19726.25,19551.05,19638.3,0
03/10/2023 15:30:00,19622.4,19623.2,19479.65,19528.75,0
04/10/2023 15:30:00,19446.3,19457.8,19333.6,19436.1,0
05/10/2023 15:30:00,19521.85,19576.95,19487.3,19545.75,0
06/10/2023 15:30:00,19621.2,19675.75,19589.4,19653.5,0
09/10/2023 15:30:00,19539.45,19588.95,19480.5,19512.35,0
10/10/2023 15:30:00,19565.6,19717.8,19565.45,19689.85,0
11/10/2023 15:30:00,19767,19839.2,19756.95,19811.35,0
12/10/2023 15:30:00,19822.7,19843.3,19772.65,19794,0
13/10/2023 15:30:00,19654.55,19805.4,19635.3,19751.05,0
16/10/2023 15:30:00,19737.25,19781.3,19691.85,19731.75,0
17/10/2023 15:30:00,19843.2,19849.75,19775.65,19811.5,0
18/10/2023 15:30:00,19820.45,19840.95,19659.95,19671.1,0
19/10/2023 15:30:00,19545.2,19681.8,19512.35,19624.7,0
20/10/2023 15:30:00,19542.15,19593.8,19518.7,19542.65,0
23/10/2023 15:30:00,19521.6,19556.85,19257.85,19281.75,0
25/10/2023 15:30:00,19286.45,19347.3,19074.15,19122.15,0
26/10/2023 15:30:00,19027.25,19041.7,18837.85,18857.25,0
27/10/2023 15:30:00,18928.75,19076.15,18926.65,19047.25,0
30/10/2023 15:30:00,19053.4,19158.5,18940,19140.9,0
31/10/2023 15:30:00,19232.95,19233.7,19056.45,19079.6,0
01/11/2023 15:30:00,19064.05,19096.05,18973.7,18989.15,0
02/11/2023 15:30:00,19120,19175.25,19064.15,19133.25,0
03/11/2023 15:30:00,19241,19276.25,19210.9,19230.6,0
06/11/2023 15:30:00,19345.85,19423,19309.7,19411.75,0
07/11/2023 15:30:00,19404.05,19423.5,19329.1,19406.7,0
08/11/2023 15:30:00,19449.6,19464.4,19401.5,19443.5,0
09/11/2023 15:30:00,19457.4,19463.9,19378.35,19395.3,0
10/11/2023 15:30:00,19351.85,19451.3,19329.45,19425.35,0
13/11/2023 15:30:00,19486.75,19494.4,19414.75,19443.55,0
15/11/2023 15:30:00,19651.4,19693.2,19579.65,19675.45,0
16/11/2023 15:30:00,19674.7,19875.25,19627,19765.2,0
17/11/2023 15:30:00,19674.75,19806,19667.45,19731.8,0
20/11/2023 15:30:00,19731.15,19756.45,19670.5,19694,0
21/11/2023 15:30:00,19770.9,19829.1,19754.05,19783.4,0
22/11/2023 15:30:00,19784,19825.55,19703.85,19811.85,0
23/11/2023 15:30:00,19828.45,19875.15,19786.75,19802,0
24/11/2023 15:30:00,19809.6,19832.85,19768.85,19794.7,0
28/11/2023 15:30:00,19844.65,19916.85,19800,19889.7,0
29/11/2023 15:30:00,19976.55,20104.65,19956.3,20096.6,0
30/11/2023 15:30:00,20108.5,20158.7,20015.85,20133.15,0
01/12/2023 15:30:00,20194.1,20291.55,20183.7,20267.9,0
04/12/2023 15:30:00,20601.95,20702.65,20507.75,20686.8,0
05/12/2023 15:30:00,20808.9,20864.05,20711.15,20855.1,0
06/12/2023 15:30:00,20950.75,20961.95,20852.15,20937.7,0
07/12/2023 15:30:00,20932.4,20941.25,20850.8,20901.15,0
08/12/2023 15:30:00,20934.1,21006.1,20862.7,20969.4,0
11/12/2023 15:30:00,20965.3,21026.1,20923.7,20997.1,0
12/12/2023 15:30:00,21018.55,21037.9,20867.15,20906.4,0
13/12/2023 15:30:00,20929.75,20950,20769.5,20926.35,0
14/12/2023 15:30:00,21110.4,21210.9,21074.45,21182.7,0
15/12/2023 15:30:00,21287.45,21492.3,21235.3,21456.65,0
18/12/2023 15:30:00,21434.8,21482.8,21365.35,21418.65,0
19/12/2023 15:30:00,21477.65,21505.05,21337.75,21453.1,0
20/12/2023 15:30:00,21543.5,21593,21087.35,21150.15,0
21/12/2023 15:30:00,21033.95,21288.35,20976.8,21255.05,0
22/12/2023 15:30:00,21295.85,21390.5,21232.45,21349.4,0
26/12/2023 15:30:00,21365.2,21477.15,21329.45,21441.35,0
27/12/2023 15:30:00,21497.65,21675.75,21495.8,21654.75,0
28/12/2023 15:30:00,21715,21801.45,21678,21778.7,0
29/12/2023 15:30:00,21737.65,21770.3,21676.9,21731.4,0
01/01/2024 15:30:00,21727.75,21834.35,21680.85,21741.9,0
02/01/2024 15:30:00,21751.35,21755.6,21555.65,21665.8,0
03/01/2024 15:30:00,21661.1,21677,21500.35,21517.35,0
04/01/2024 15:30:00,21605.8,21685.65,21564.55,21658.6,0
05/01/2024 15:30:00,21705.75,21749.6,21629.2,21710.8,0
08/01/2024 15:30:00,21747.6,21763.95,21492.9,21513,0
09/01/2024 15:30:00,21653.6,21724.45,21517.85,21544.85,0
10/01/2024 15:30:00,21529.3,21641.85,21448.65,21618.7,0
11/01/2024 15:30:00,21688,21726.5,21593.75,21647.2,0
12/01/2024 15:30:00,21773.55,21928.25,21715.15,21894.55,0
15/01/2024 15:30:00,22053.15,22115.55,21963.55,22097.45,0
16/01/2024 15:30:00,22080.5,22124.15,21969.8,22032.3,0
17/01/2024 15:30:00,21647.25,21851.5,21550.45,21571.95,0
18/01/2024 15:30:00,21414.2,21539.4,21285.55,21462.25,0
19/01/2024 15:30:00,21615.2,21670.6,21575,21622.4,0
23/01/2024 15:30:00,21716.7,21750.25,21192.6,21238.8,0
24/01/2024 15:30:00,21185.25,21482.35,21137.2,21453.95,0
25/01/2024 15:30:00,21454.6,21459,21247.05,21352.6,0
29/01/2024 15:30:00,21433.1,21763.25,21429.6,21737.6,0
30/01/2024 15:30:00,21775.75,21813.05,21501.8,21522.1,0
31/01/2024 15:30:00,21487.25,21741.35,21448.85,21725.7,0
01/02/2024 15:30:00,21780.65,21832.95,21658.75,21697.45,0
02/02/2024 15:30:00,21812.75,22126.8,21805.55,21853.8,0
05/02/2024 15:30:00,21921.05,21964.3,21726.95,21771.7,0
06/02/2024 15:30:00,21825.2,21951.4,21737.55,21929.4,0
07/02/2024 15:30:00,22045.05,22053.3,21860.15,21930.5,0
08/02/2024 15:30:00,22009.65,22011.05,21665.3,21717.95,0
09/02/2024 15:30:00,21727,21804.45,21629.9,21782.5,0
12/02/2024 15:30:00,21800.8,21831.7,21574.75,21616.05,0
13/02/2024 15:30:00,21664.3,21766.8,21543.35,21743.25,0
14/02/2024 15:30:00,21578.15,21870.85,21530.2,21840.05,0
15/02/2024 15:30:00,21906.55,21953.85,21794.8,21910.75,0
16/02/2024 15:30:00,22020.3,22068.65,21968.95,22040.7,0
19/02/2024 15:30:00,22103.45,22186.65,22021.05,22122.25,0
20/02/2024 15:30:00,22099.2,22215.6,22045.85,22196.95,0
21/02/2024 15:30:00,22248.85,22249.4,21997.95,22055.05,0
22/02/2024 15:30:00,22081.55,22252.5,21875.25,22217.45,0
23/02/2024 15:30:00,22290,22297.5,22186.1,22212.7,0
26/02/2024 15:30:00,22169.2,22202.15,22075.15,22122.05,0
27/02/2024 15:30:00,22090.2,22218.25,22085.65,22198.35,0
28/02/2024 15:30:00,22214.1,22229.15,21915.85,21951.15,0
29/02/2024 15:30:00,21935.2,22060.55,21860.65,21982.8,0
01/03/2024 15:30:00,22048.3,22353.3,22047.75,22338.75,0
04/03/2024 15:30:00,22403.5,22440.9,22358.3,22405.6,0
05/03/2024 15:30:00,22371.25,22416.9,22269.15,22356.3,0
06/03/2024 15:30:00,22327.5,22497.2,22224.35,22474.05,0
07/03/2024 15:30:00,22505.3,22525.65,22430,22493.55,0
11/03/2024 15:30:00,22517.5,22526.6,22307.25,22332.65,0
12/03/2024 15:30:00,22334.45,22452.55,22256,22335.7,0
13/03/2024 15:30:00,22432.2,22446.75,21905.65,21997.7,0
14/03/2024 15:30:00,21982.55,22204.6,21917.5,22146.65,0
15/03/2024 15:30:00,22064.85,22120.9,21931.7,22023.35,0
18/03/2024 15:30:00,21990.1,22123.7,21916.55,22055.7,0
19/03/2024 15:30:00,21946.45,21978.3,21793.1,21817.45,0
20/03/2024 15:30:00,21843.9,21930.9,21710.2,21839.1,0
21/03/2024 15:30:00,21989.9,22080.95,21941.3,22011.95,0
22/03/2024 15:30:00,21932.2,22180.7,21883.3,22096.75,0
26/03/2024 15:30:00,21947.9,22073.2,21947.55,22004.7,0
27/03/2024 15:30:00,22053.95,22193.6,22052.85,22123.65,0
28/03/2024 15:30:00,22163.6,22516,22163.6,22326.9,0
01/04/2024 15:30:00,22455,22529.95,22427.75,22462,0
02/04/2024 15:30:00,22458.8,22497.6,22388.15,22453.3,0
03/04/2024 15:30:00,22385.7,22521.1,22346.5,22434.65,0
04/04/2024 15:30:00,22592.1,22619,22303.8,22514.65,0
05/04/2024 15:30:00,22486.4,22537.6,22427.6,22513.7,0
08/04/2024 15:30:00,22578.35,22697.3,22550.35,22666.3,0
09/04/2024 15:30:00,22765.1,22768.4,22612.25,22642.75,0
10/04/2024 15:30:00,22720.25,22775.7,22673.7,22753.8,0
12/04/2024 15:30:00,22677.4,22726.45,22503.75,22519.4,0
15/04/2024 15:30:00,22339.05,22427.45,22259.55,22272.5,0
16/04/2024 15:30:00,22125.3,22213.75,22079.45,22147.9,0
18/04/2024 15:30:00,22212.35,22326.5,21961.7,21995.85,0
19/04/2024 15:30:00,21861.5,22179.55,21777.65,22147,0
22/04/2024 15:30:00,22336.9,22375.65,22198.15,22336.4,0
23/04/2024 15:30:00,22447.05,22447.55,22349.45,22368,0
24/04/2024 15:30:00,22421.55,22476.45,22384,22402.4,0
25/04/2024 15:30:00,22316.9,22625.95,22305.25,22570.35,0
26/04/2024 15:30:00,22620.4,22620.4,22385.55,22419.95,0
29/04/2024 15:30:00,22475.55,22655.8,22441.9,22643.4,0
30/04/2024 15:30:00,22679.65,22783.35,22568.4,22604.85,0
02/05/2024 15:30:00,22567.85,22710.5,22567.85,22648.2,0
03/05/2024 15:30:00,22766.35,22794.7,22348.05,22475.85,0
06/05/2024 15:30:00,22561.6,22588.8,22409.45,22442.7,0
07/05/2024 15:30:00,22489.75,22499.05,22232.05,22302.5,0
08/05/2024 15:30:00,22231.2,22368.65,22185.2,22302.5,0
09/05/2024 15:30:00,22224.8,22307.75,21932.4,21957.5,0
10/05/2024 15:30:00,21990.95,22131.3,21950.3,22055.2,0
13/05/2024 15:30:00,22027.95,22131.65,21821.05,22104.05,0
14/05/2024 15:30:00,22112.9,22270.05,22081.25,22217.85,0
15/05/2024 15:30:00,22255.6,22297.55,22151.75,22200.55,0
16/05/2024 15:30:00,22319.2,22432.25,22054.55,22403.85,0
17/05/2024 15:30:00,22415.25,22502.15,22345.65,22466.1,0
21/05/2024 15:30:00,22404.55,22591.1,22404.55,22529.05,0
22/05/2024 15:30:00,22576.6,22629.5,22483.15,22597.8,0
23/05/2024 15:30:00,22614.1,22993.6,22577.45,22967.65,0
24/05/2024 15:30:00,22930.75,23026.4,22908,22957.1,0
27/05/2024 15:30:00,23038.95,23110.8,22871.2,22932.45,0
28/05/2024 15:30:00,22977.15,22998.55,22858.5,22888.15,0
29/05/2024 15:30:00,22762.75,22825.5,22685.45,22704.7,0
30/05/2024 15:30:00,22617.45,22705.75,22417,22488.65,0
31/05/2024 15:30:00,22568.1,22653.75,22465.1,22530.7,0
03/06/2024 15:30:00,23337.9,23338.7,23062.3,23263.9,0
04/06/2024 15:30:00,23179.5,23179.5,21281.45,21884.5,0
05/06/2024 15:30:00,22128.35,22670.4,21791.95,22620.35,0
06/06/2024 15:30:00,22798.6,22910.15,22642.6,22821.4,0
07/06/2024 15:30:00,22821.85,23320.2,22789.05,23290.15,0
10/06/2024 15:30:00,23319.15,23411.9,23227.15,23259.2,0
11/06/2024 15:30:00,23283.75,23389.45,23206.65,23264.85,0
12/06/2024 15:30:00,23344.45,23441.95,23295.95,23322.95,0
13/06/2024 15:30:00,23480.95,23481.05,23353.9,23398.9,0
14/06/2024 15:30:00,23464.95,23490.4,23334.25,23465.6,0
18/06/2024 15:30:00,23570.8,23579.05,23499.7,23557.9,0
19/06/2024 15:30:00,23629.85,23664,23412.9,23516,0
20/06/2024 15:30:00,23586.15,23624,23442.6,23567,0
21/06/2024 15:30:00,23661.15,23667.1,23398.2,23501.1,0
24/06/2024 15:30:00,23382.3,23558.1,23350,23537.85,0
25/06/2024 15:30:00,23577.1,23754.15,23562.05,23721.3,0
26/06/2024 15:30:00,23723.1,23889.9,23670.45,23868.8,0
27/06/2024 15:30:00,23881.55,24087.45,23805.4,24044.5,0
28/06/2024 15:30:00,24085.9,24174,23985.8,24010.6,0
01/07/2024 15:30:00,23992.95,24164,23992.7,24141.95,0
02/07/2024 15:30:00,24228.75,24236.35,24056.4,24123.85,0
03/07/2024 15:30:00,24291.75,24309.15,24207.1,24286.5,0
04/07/2024 15:30:00,24369.95,24401,24281,24302.15,0
05/07/2024 15:30:00,24213.35,24363,24168.85,24323.85,0
08/07/2024 15:30:00,24329.45,24344.6,24240.55,24320.55,0
09/07/2024 15:30:00,24351,24443.6,24331.9,24433.2,0
10/07/2024 15:30:00,24459.85,24461.05,24141.8,24324.45,0
11/07/2024 15:30:00,24396.55,24402.65,24193.75,24315.95,0
12/07/2024 15:30:00,24387.95,24592.2,24331.15,24502.15,0
15/07/2024 15:30:00,24587.6,24635.05,24522.75,24586.7,0
16/07/2024 15:30:00,24615.9,24661.25,24587.65,24613,0
18/07/2024 15:30:00,24543.8,24837.75,24504.45,24800.85,0
19/07/2024 15:30:00,24853.8,24854.8,24508.15,24530.9,0
22/07/2024 15:30:00,24445.75,24595.2,24362.3,24509.25,0
23/07/2024 15:30:00,24568.9,24582.55,24074.2,24479.05,0
24/07/2024 15:30:00,24444.95,24504.25,24307.25,24413.5,0
25/07/2024 15:30:00,24230.95,24426.15,24210.8,24406.1,0
26/07/2024 15:30:00,24423.35,24861.15,24410.9,24834.85,0
29/07/2024 15:30:00,24943.3,24999.75,24774.6,24836.1,0
30/07/2024 15:30:00,24839.4,24971.75,24798.65,24857.3,0
31/07/2024 15:30:00,24886.7,24984.6,24856.5,24951.15,0
01/08/2024 15:30:00,25030.95,25078.3,24956.4,25010.9,0
02/08/2024 15:30:00,24789,24851.9,24686.85,24717.7,0
05/08/2024 15:30:00,24302.85,24350.05,23893.7,24055.6,0
06/08/2024 15:30:00,24189.85,24382.6,23960.4,23992.55,0
07/08/2024 15:30:00,24289.4,24337.7,24184.9,24297.5,0
08/08/2024 15:30:00,24248.55,24340.5,24079.7,24117,0
09/08/2024 15:30:00,24386.85,24419.75,24311.2,24367.5,0
12/08/2024 15:30:00,24320.05,24472.8,24212.1,24347,0
13/08/2024 15:30:00,24342.35,24359.95,24116.5,24139,0
14/08/2024 15:30:00,24184.4,24196.5,24099.7,24143.75,0
16/08/2024 15:30:00,24334.85,24563.9,24204.5,24541.15,0
19/08/2024 15:30:00,24636.35,24638.8,24522.95,24572.65,0
20/08/2024 15:30:00,24648.9,24734.3,24607.2,24698.85,0
21/08/2024 15:30:00,24680.55,24787.95,24654.5,24770.2,0
22/08/2024 15:30:00,24863.4,24867.35,24784.45,24811.5,0
23/08/2024 15:30:00,24845.4,24858.4,24771.65,24823.15,0
26/08/2024 15:30:00,24906.1,25043.8,24874.7,25010.6,0
27/08/2024 15:30:00,25024.8,25073.1,24973.65,25017.75,0
28/08/2024 15:30:00,25030.8,25129.6,24964.65,25052.35,0
29/08/2024 15:30:00,25035.3,25192.9,24998.5,25151.95,0
30/08/2024 15:30:00,25249.7,25268.35,25199.4,25235.9,0
02/09/2024 15:30:00,25333.6,25333.65,25235.5,25278.7,0
03/09/2024 15:30:00,25313.4,25321.7,25235.8,25279.85,0
04/09/2024 15:30:00,25089.95,25216,25083.8,25198.7,0
05/09/2024 15:30:00,25250.5,25275.45,25127.75,25145.1,0
06/09/2024 15:30:00,25093.7,25168.75,24801.3,24852.15,0
09/09/2024 15:30:00,24823.4,24957.5,24753.15,24936.4,0
10/09/2024 15:30:00,24999.4,25130.5,24896.8,25041.1,0
11/09/2024 15:30:00,25034,25113.7,24885.15,24918.45,0
12/09/2024 15:30:00,25059.65,25433.35,24941.45,25388.9,0
13/09/2024 15:30:00,25430.45,25430.5,25292.45,25356.5,0
16/09/2024 15:30:00,25406.65,25445.7,25336.2,25383.75,0
17/09/2024 15:30:00,25416.9,25441.65,25352.25,25418.55,0
18/09/2024 15:30:00,25402.4,25482.2,25285.55,25377.55,0
19/09/2024 15:30:00,25487.05,25611.95,25376.05,25415.8,0
20/09/2024 15:30:00,25525.95,25849.25,25426.6,25790.95,0
23/09/2024 15:30:00,25872.55,25956,25847.35,25939.05,0
24/09/2024 15:30:00,25921.45,26011.55,25886.85,25940.4,0
25/09/2024 15:30:00,25899.45,26032.8,25871.35,26004.15,0
26/09/2024 15:30:00,26005.4,26250.9,25998.4,26216.05,0
27/09/2024 15:30:00,26248.25,26277.35,26151.4,26178.95,0
30/09/2024 15:30:00,26061.3,26134.7,25794.1,25810.85,0
01/10/2024 15:30:00,25788.45,25907.6,25739.2,25796.9,0
03/10/2024 15:30:00,25452.85,25639.45,25230.3,25250.1,0
04/10/2024 15:30:00,25181.9,25485.05,24966.8,25014.6,0
07/10/2024 15:30:00,25084.1,25143,24694.35,24795.75,0
08/10/2024 15:30:00,24832.2,25044,24756.8,25013.15,0
09/10/2024 15:30:00,25065.8,25234.05,24947.7,24981.95,0
10/10/2024 15:30:00,25067.05,25134.05,24979.4,24998.45,0
11/10/2024 15:30:00,24985.3,25028.65,24920.05,24964.25,0
14/10/2024 15:30:00,25023.45,25159.75,25017.5,25127.95,0
15/10/2024 15:30:00,25186.3,25212.05,25008.15,25057.35,0
16/10/2024 15:30:00,25008.55,25093.4,24908.45,24971.3,0
17/10/2024 15:30:00,25027.4,25029.5,24728.9,24749.85,0
18/10/2024 15:30:00,24664.95,24886.2,24567.65,24854.05,0
21/10/2024 15:30:00,24956.15,24978.3,24679.6,24781.1,0
22/10/2024 15:30:00,24798.65,24882,24445.8,24472.1,0
23/10/2024 15:30:00,24378.15,24604.25,24378.1,24435.5,0
24/10/2024 15:30:00,24412.7,24480.65,24341.2,24399.4,0
25/10/2024 15:30:00,24418.05,24440.25,24073.9,24180.8,0
28/10/2024 15:30:00,24251.1,24492.6,24134.9,24339.15,0
29/10/2024 15:30:00,24328.85,24484.5,24140.85,24466.85,0
30/10/2024 15:30:00,24371.45,24498.2,24307.3,24340.85,0
31/10/2024 15:30:00,24349.85,24372.45,24172.6,24205.35,0
04/11/2024 15:30:00,24315.75,24316.75,23816.15,23995.35,0
05/11/2024 15:30:00,23916.5,24229.05,23842.75,24213.3,0
06/11/2024 15:30:00,24308.75,24537.6,24204.05,24484.05,0
07/11/2024 15:30:00,24489.6,24503.35,24179.05,24199.35,0
08/11/2024 15:30:00,24207.7,24276.15,24066.65,24148.2,0
11/11/2024 15:30:00,24087.25,24336.8,24004.6,24141.3,0
12/11/2024 15:30:00,24225.8,24242,23839.15,23883.45,0
13/11/2024 15:30:00,23822.45,23873.6,23509.6,23559.05,0
14/11/2024 15:30:00,23542.15,23675.9,23484.15,23532.7,0
18/11/2024 15:30:00,23605.3,23606.8,23350.4,23453.8,0
19/11/2024 15:30:00,23529.55,23780.65,23464.8,23518.5,0
21/11/2024 15:30:00,23488.45,23507.3,23263.15,23349.9,0
22/11/2024 15:30:00,23411.8,23956.1,23359,23907.25,0
25/11/2024 15:30:00,24253.55,24351.55,24135.45,24221.9,0
26/11/2024 15:30:00,24343.3,24343.3,24125.4,24194.5,0
27/11/2024 15:30:00,24204.8,24354.55,24145.65,24274.9,0
28/11/2024 15:30:00,24274.15,24345.75,23873.35,23914.15,0
29/11/2024 15:30:00,23927.15,24188.45,23927.15,24131.1,0
02/12/2024 15:30:00,24140.85,24301.7,24008.65,24276.05,0
03/12/2024 15:30:00,24367.5,24481.35,24280,24457.15,0
04/12/2024 15:30:00,24488.75,24573.2,24366.3,24467.45,0
05/12/2024 15:30:00,24539.15,24857.75,24295.55,24708.4,0
06/12/2024 15:30:00,24729.45,24751.05,24620.5,24677.8,0
09/12/2024 15:30:00,24633.9,24705,24580.05,24619,0
10/12/2024 15:30:00,24652.65,24677.8,24510.65,24610.05,0
11/12/2024 15:30:00,24620.5,24691.75,24583.85,24641.8,0
12/12/2024 15:30:00,24604.45,24675.25,24527.95,24548.7,0
13/12/2024 15:30:00,24498.35,24792.3,24180.8,24768.3,0
16/12/2024 15:30:00,24753.4,24781.25,24601.75,24668.25,0
17/12/2024 15:30:00,24584.8,24624.1,24303.45,24336,0
18/12/2024 15:30:00,24297.95,24394.45,24149.85,24198.85,0
19/12/2024 15:30:00,23877.15,24004.9,23870.3,23951.7,0
20/12/2024 15:30:00,23960.7,24065.8,23537.35,23587.5,0
23/12/2024 15:30:00,23738.2,23869.55,23647.2,23753.45,0
24/12/2024 15:30:00,23769.1,23867.65,23685.15,23727.65,0
26/12/2024 15:30:00,23775.8,23854.5,23653.6,23750.2,0
27/12/2024 15:30:00,23801.4,23938.85,23800.6,23813.4,0
30/12/2024 15:30:00,23796.9,23915.35,23599.3,23644.9,0
31/12/2024 15:30:00,23560.6,23689.85,23460.45,23644.8,0
01/01/2025 15:30:00,23637.65,23822.8,23562.8,23742.9,0
02/01/2025 15:30:00,23783,24226.7,23751.55,24188.65,0
03/01/2025 15:30:00,24196.4,24196.45,23976,24004.75,0
06/01/2025 15:30:00,24045.8,24089.95,23551.9,23616.05,0
07/01/2025 15:30:00,23679.9,23795.2,23637.8,23707.9,0
08/01/2025 15:30:00,23746.65,23751.85,23496.15,23688.95,0
09/01/2025 15:30:00,23674.75,23689.5,23503.05,23526.5,0
10/01/2025 15:30:00,23551.9,23596.6,23344.35,23431.5,0
13/01/2025 15:30:00,23195.4,23340.95,23047.25,23085.95,0
14/01/2025 15:30:00,23165.9,23264.95,23134.15,23176.05,0
15/01/2025 15:30:00,23250.45,23293.65,23146.45,23213.2,0
16/01/2025 15:30:00,23377.25,23391.65,23272.05,23311.8,0
17/01/2025 15:30:00,23277.1,23292.1,23100.35,23203.2,0
20/01/2025 15:30:00,23290.4,23391.1,23170.65,23344.75,0
21/01/2025 15:30:00,23421.65,23426.3,22976.85,23024.65,0
22/01/2025 15:30:00,23099.15,23169.55,22981.3,23155.35,0
23/01/2025 15:30:00,23128.3,23270.8,23090.65,23205.35,0
24/01/2025 15:30:00,23183.9,23347.3,23050,23092.2,0
27/01/2025 15:30:00,22940.15,23007.45,22786.9,22829.15,0
28/01/2025 15:30:00,22960.45,23137.95,22857.65,22957.25,0
29/01/2025 15:30:00,23026.75,23183.35,22976.5,23163.1,0
30/01/2025 15:30:00,23169.5,23322.05,23139.2,23249.5,0
31/01/2025 15:30:00,23296.75,23546.8,23277.4,23508.4,0
03/02/2025 15:30:00,23319.35,23381.6,23222,23361.05,0
04/02/2025 15:30:00,23509.9,23762.75,23423.15,23739.25,0
05/02/2025 15:30:00,23801.75,23807.3,23680.45,23696.3,0
06/02/2025 15:30:00,23761.95,23773.55,23556.25,23603.35,0
07/02/2025 15:30:00,23649.5,23694.5,23443.2,23559.95,0
10/02/2025 15:30:00,23543.8,23568.6,23316.3,23381.6,0
11/02/2025 15:30:00,23383.55,23390.05,22986.65,23071.8,0
12/02/2025 15:30:00,23050.8,23144.7,22798.35,23045.25,0
13/02/2025 15:30:00,23055.75,23235.5,22992.2,23031.4,0
14/02/2025 15:30:00,23096.45,23133.7,22774.85,22929.25,0
17/02/2025 15:30:00,22809.9,22974.2,22725.45,22959.5,0
18/02/2025 15:30:00,22963.65,22992.5,22801.5,22945.3,0
19/02/2025 15:30:00,22847.25,23049.95,22814.85,22932.9,0
20/02/2025 15:30:00,22821.1,22923.85,22812.75,22913.15,0
21/02/2025 15:30:00,22857.2,22921,22720.3,22795.9,0
24/02/2025 15:30:00,22609.35,22668.05,22518.8,22553.35,0
25/02/2025 15:30:00,22516.45,22625.3,22513.9,22547.55,0
27/02/2025 15:30:00,22568.95,22613.3,22508.4,22545.05,0
28/02/2025 15:30:00,22433.4,22450.35,22104.85,22124.7,0
03/03/2025 15:30:00,22194.55,22261.55,22004.7,22119.3,0
04/03/2025 15:30:00,21974.45,22105.05,21964.6,22082.65,0
05/03/2025 15:30:00,22073.05,22394.9,22067.8,22337.3,0
06/03/2025 15:30:00,22476.35,22556.45,22245.85,22544.7,0
07/03/2025 15:30:00,22508.65,22633.8,22464.75,22552.5,0
10/03/2025 15:30:00,22521.85,22676.75,22429.05,22460.3,0
11/03/2025 15:30:00,22345.95,22522.1,22314.7,22497.9,0
12/03/2025 15:30:00,22536.35,22577.4,22329.55,22470.5,0
13/03/2025 15:30:00,22541.5,22558.05,22377.35,22397.2,0
17/03/2025 15:30:00,22353.15,22577,22353.15,22508.75,0
18/03/2025 15:30:00,22662.25,22857.8,22599.2,22834.3,0
19/03/2025 15:30:00,22874.95,22940.7,22807.95,22907.6,0
20/03/2025 15:30:00,23036.6,23216.7,22973.95,23190.65,0
21/03/2025 15:30:00,23168.25,23402.7,23132.8,23350.4,0
24/03/2025 15:30:00,23515.4,23708.75,23433.5,23658.35,0
25/03/2025 15:30:00,23751.5,23869.6,23601.4,23668.65,0
26/03/2025 15:30:00,23700.95,23736.5,23451.7,23486.85,0
27/03/2025 15:30:00,23433.95,23646.45,23412.2,23591.95,0
28/03/2025 15:30:00,23600.4,23649.2,23450.2,23519.35,0
01/04/2025 15:30:00,23341.1,23565.15,23136.4,23165.7,0
02/04/2025 15:30:00,23192.6,23350,23158.45,23332.35,0
03/04/2025 15:30:00,23150.3,23306.5,23145.8,23250.1,0
04/04/2025 15:30:00,23190.4,23214.7,22857.45,22904.45,0
07/04/2025 15:30:00,21758.4,22254,21743.65,22161.6,0
08/04/2025 15:30:00,22446.75,22697.2,22270.85,22535.85,0
09/04/2025 15:30:00,22460.3,22468.7,22353.25,22399.15,0
11/04/2025 15:30:00,22695.4,22923.9,22695.4,22828.55,0
15/04/2025 15:30:00,23368.35,23368.35,23207,23328.55,0
16/04/2025 15:30:00,23344.1,23452.2,23273.05,23437.2,0
17/04/2025 15:30:00,23401.85,23872.35,23298.55,23851.65,0
21/04/2025 15:30:00,23949.15,24189.55,23903.65,24125.55,0
22/04/2025 15:30:00,24185.4,24242.6,24072,24167.25,0
23/04/2025 15:30:00,24357.6,24359.3,24119.95,24328.95,0
24/04/2025 15:30:00,24277.9,24347.85,24216.15,24246.7,0
25/04/2025 15:30:00,24289,24365.45,23847.85,24039.35,0
28/04/2025 15:30:00,24070.25,24355.1,24054.05,24328.5,0
29/04/2025 15:30:00,24370.7,24457.65,24290.75,24335.95,0
30/04/2025 15:30:00,24342.05,24396.15,24198.75,24334.2,0
02/05/2025 15:30:00,24311.9,24589.15,24238.5,24312.7,0
05/05/2025 15:30:00,24419.5,24526.4,24400.65,24461.15,0
06/05/2025 15:30:00,24500.75,24509.65,24331.8,24379.6,0
07/05/2025 15:30:00,24233.3,24449.6,24220,24414.4,0
08/05/2025 15:30:00,24431.5,24447.25,24150.2,24273.8,0
09/05/2025 15:30:00,23935.75,24164.25,23935.75,24008,0
12/05/2025 15:30:00,24420.1,24944.8,24378.85,24924.7,0
13/05/2025 15:30:00,24864.05,24973.8,24547.5,24578.35,0
14/05/2025 15:30:00,24613.8,24767.55,24535.55,24666.9,0
15/05/2025 15:30:00,24694.45,25116.25,24494.45,25062.1,0
16/05/2025 15:30:00,25064.65,25070,24953.05,25019.8,0
19/05/2025 15:30:00,25005.35,25062.95,24916.65,24945.45,0
20/05/2025 15:30:00,24996.2,25010.35,24669.7,24683.9,0
21/05/2025 15:30:00,24744.25,24946.2,24685.35,24813.45,0
22/05/2025 15:30:00,24733.95,24737.5,24462.4,24609.7,0
23/05/2025 15:30:00,24639.5,24909.05,24614.05,24853.15,0
26/05/2025 15:30:00,24919.35,25079.2,24900.5,25001.15,0
27/05/2025 15:30:00,24956.65,25062.9,24704.1,24826.2,0
28/05/2025 15:30:00,24832.5,24864.25,24737.05,24752.45,0
29/05/2025 15:30:00,24825.1,24892.6,24677.3,24833.6,0
30/05/2025 15:30:00,24812.6,24863.95,24717.4,24750.7,0
02/06/2025 15:30:00,24669.7,24754.4,24526.15,24716.6,0
03/06/2025 15:30:00,24786.3,24845.1,24502.15,24542.5,0
04/06/2025 15:30:00,24560.45,24644.25,24530.45,24620.2,0
05/06/2025 15:30:00,24691.2,24899.85,24613.1,24750.9,0
06/06/2025 15:30:00,24748.7,25029.5,24671.45,25003.05,0
09/06/2025 15:30:00,25160.1,25160.1,25077.15,25103.2,0
10/06/2025 15:30:00,25196.05,25199.3,25055.45,25104.25,0
11/06/2025 15:30:00,25134.15,25222.4,25081.3,25141.4,0
12/06/2025 15:30:00,25164.45,25196.2,24825.9,24888.2,0
13/06/2025 15:30:00,24473,24754.35,24473,24718.6,0
16/06/2025 15:30:00,24732.35,24967.1,24703.6,24946.5,0
17/06/2025 15:30:00,24977.85,24982.05,24813.7,24853.4,0
18/06/2025 15:30:00,24788.35,24947.55,24750.45,24812.05,0
19/06/2025 15:30:00,24803.25,24863.1,24733.4,24793.25,0
20/06/2025 15:30:00,24787.65,25136.2,24783.65,25112.4,0
23/06/2025 15:30:00,24939.75,25057,24824.85,24971.9,0
24/06/2025 15:30:00,25179.9,25317.7,24999.7,25044.35,0
25/06/2025 15:30:00,25150.35,25266.8,25125.05,25244.75,0
26/06/2025 15:30:00,25268.95,25565.3,25259.9,25549,0
27/06/2025 15:30:00,25576.65,25654.2,25523.55,25637.8,0
30/06/2025 15:30:00,25661.65,25669.35,25473.3,25517.05,0
01/07/2025 15:30:00,25551.35,25593.4,25501.8,25541.8,0
02/07/2025 15:30:00,25588.3,25608.1,25378.75,25453.4,0
03/07/2025 15:30:00,25505.1,25587.5,25384.35,25405.3,0
04/07/2025 15:30:00,25428.85,25470.25,25331.65,25461,0
07/07/2025 15:30:00,25450.45,25489.8,25407.25,25461.3,0
08/07/2025 15:30:00,25427.85,25548.05,25424.15,25522.5,0
09/07/2025 15:30:00,25514.6,25548.7,25424.35,25476.1,0
10/07/2025 15:30:00,25511.65,25524.05,25340.45,25355.25,0
11/07/2025 15:30:00,25255.5,25322.45,25129,25149.85,0
14/07/2025 15:30:00,25149.5,25151.1,25001.95,25082.3,0
15/07/2025 15:30:00,25089.5,25245.2,25088.45,25195.8,0
16/07/2025 15:30:00,25196.6,25255.3,25121.05,25212.05,0
17/07/2025 15:30:00,25230.75,25238.35,25101,25111.45,0
18/07/2025 15:30:00,25108.55,25144.6,24918.65,24968.4,0
21/07/2025 15:30:00,24999,25111.4,24882.3,25090.7,0
22/07/2025 15:30:00,25166.65,25182,25035.55,25060.9,0
23/07/2025 15:30:00,25139.35,25233.5,25085.5,25219.9,0
24/07/2025 15:30:00,25243.3,25246.25,25018.7,25062.1,0
25/07/2025 15:30:00,25010.35,25010.35,24806.35,24837,0
28/07/2025 15:30:00,24782.45,24889.2,24646.6,24680.9,0
29/07/2025 15:30:00,24609.65,24847.15,24598.6,24821.1,0
30/07/2025 15:30:00,24890.4,24902.3,24771.95,24855.05,0
31/07/2025 15:30:00,24642.25,24956.5,24635,24768.35,0
01/08/2025 15:30:00,24734.9,24784.15,24535.05,24565.35,0
04/08/2025 15:30:00,24596.05,24736.25,24554,24722.75,0
05/08/2025 15:30:00,24720.25,24733.1,24590.3,24649.55,0
06/08/2025 15:30:00,24641.35,24671.4,24539.2,24574.2,0
07/08/2025 15:30:00,24464.2,24634.2,24344.15,24596.15,0
08/08/2025 15:30:00,24544.25,24585.5,24337.5,24363.3,0
11/08/2025 15:30:00,24371.5,24600.85,24347.45,24585.05,0
12/08/2025 15:30:00,24563.35,24702.6,24465.65,24487.4,0
13/08/2025 15:30:00,24586.2,24664.55,24535.25,24619.35,0
14/08/2025 15:30:00,24607.25,24673.65,24596.9,24631.3,0
18/08/2025 15:30:00,24938.2,25022,24852.85,24876.95,0
19/08/2025 15:30:00,24891.35,25012.65,24873.95,24980.65,0
20/08/2025 15:30:00,24965.8,25088.7,24929.7,25050.55,0
21/08/2025 15:30:00,25142,25153.65,25054.9,25083.75,0
22/08/2025 15:30:00,25064.15,25084.85,24859.15,24870.1,0
25/08/2025 15:30:00,24949.15,25021.55,24894.35,24967.75,0
26/08/2025 15:30:00,24899.5,24919.65,24689.6,24712.05,0
28/08/2025 15:30:00,24695.8,24702.65,24481.6,24500.9,0
29/08/2025 15:30:00,24466.7,24572.45,24404.7,24426.85,0
01/09/2025 15:30:00,24432.7,24635.6,24432.7,24625.05,0
02/09/2025 15:30:00,24653,24756.1,24522.35,24579.6,0
03/09/2025 15:30:00,24616.5,24737.05,24533.2,24715.05,0
04/09/2025 15:30:00,24980.75,24980.75,24708.2,24734.3,0
05/09/2025 15:30:00,24818.85,24832.35,24621.6,24741,0
09/09/2025 15:30:00,24864.1,24891.8,24814,24868.6,0
10/09/2025 15:30:00,24991,25035.7,24915.05,24973.1,0
11/09/2025 15:30:00,24945.5,25037.3,24940.15,25005.5,0
12/09/2025 15:30:00,25074.45,25139.45,25038.05,25114,0
15/09/2025 15:30:00,25118.9,25138.45,25048.75,25069.2,0
16/09/2025 15:30:00,25073.6,25261.4,25070.45,25239.1,0
17/09/2025 15:30:00,25276.6,25346.5,25275.35,25330.25,0
18/09/2025 15:30:00,25441.05,25448.95,25329.75,25423.6,0
19/09/2025 15:30:00,25410.2,25428.75,25286.3,25327.05,0
22/09/2025 15:30:00,25238.1,25331.7,25151.05,25202.35,0
23/09/2025 15:30:00,25209,25261.9,25084.65,25169.5,0
24/09/2025 15:30:00,25108.75,25149.85,25027.45,25056.9,0
25/09/2025 15:30:00,25034.5,25092.7,24878.3,24890.85,0
26/09/2025 15:30:00,24818.55,24868.6,24629.45,24654.7,0
29/09/2025 15:30:00,24728.55,24791.3,24606.2,24634.9,0
30/09/2025 15:30:00,24691.95,24731.8,24587.7,24611.1,0
01/10/2025 15:30:00,24620.55,24867.95,24605.95,24836.3,0
03/10/2025 15:30:00,24759.55,24904.8,24747.55,24894.25,0
06/10/2025 15:30:00,24916.55,25095.95,24881.65,25077.65,0
07/10/2025 15:30:00,25085.3,25220.9,25076.3,25108.3,0
08/10/2025 15:30:00,25079.75,25192.5,25008.5,25046.15,0
09/10/2025 15:30:00,25074.3,25199.25,25024.3,25181.8,0
10/10/2025 15:30:00,25167.65,25330.75,25156.85,25285.35,0
13/10/2025 15:30:00,25177.3,25267.3,25152.3,25227.35,0
14/10/2025 15:30:00,25277.55,25310.35,25060.55,25145.5,0
15/10/2025 15:30:00,25181.95,25365.15,25159.35,25323.55,0
16/10/2025 15:30:00,25394.9,25625.4,25376.85,25585.3,0
17/10/2025 15:30:00,25546.85,25781.5,25508.6,25709.85,0
20/10/2025 15:30:00,25824.6,25926.2,25788.5,25843.15,0
21/10/2025 15:30:00,25901.2,25934.35,25825.8,25868.6,0
23/10/2025 15:30:00,26057.2,26104.2,25862.45,25891.4,0
24/10/2025 15:30:00,25935.1,25944.15,25718.2,25795.15,0
27/10/2025 15:30:00,25843.2,26005.95,25827,25966.05,0
28/10/2025 15:30:00,25939.95,26041.7,25810.05,25936.2,0
29/10/2025 15:30:00,25982,26097.85,25960.3,26053.9,0
30/10/2025 15:30:00,25984.4,26032.05,25845.25,25877.85,0
31/10/2025 15:30:00,25863.8,25953.75,25711.2,25722.1,0
03/11/2025 15:30:00,25696.85,25803.1,25645.5,25763.35,0
04/11/2025 15:30:00,25744.75,25787.4,25578.4,25597.65,0
06/11/2025 15:30:00,25593.35,25679.15,25491.55,25509.7,0
07/11/2025 15:30:00,25433.8,25551.25,25318.45,25492.3,0
10/11/2025 15:30:00,25503.5,25653.45,25503.5,25574.35,0
11/11/2025 15:30:00,25617,25715.8,25449.25,25694.95,0
12/11/2025 15:30:00,25834.3,25934.55,25781.15,25875.8,0
13/11/2025 15:30:00,25906.1,26010.7,25808.4,25879.15,0
14/11/2025 15:30:00,25767.9,25940.2,25740.8,25910.05,0
17/11/2025 15:30:00,25948.2,26024.2,25906.35,26013.45,0
18/11/2025 15:30:00,26021.8,26029.85,25876.5,25910.05,0
19/11/2025 15:30:00,25918.1,26074.65,25856.2,26052.65,0
20/11/2025 15:30:00,26132.1,26246.65,26063.2,26192.15,0
21/11/2025 15:30:00,26109.55,26179.2,26052.2,26068.15,0
24/11/2025 15:30:00,26122.8,26142.8,25912.15,25959.5,0
25/11/2025 15:30:00,25998.5,26032.6,25857.5,25884.8,0
26/11/2025 15:30:00,25842.95,26215.15,25842.95,26205.3,0
27/11/2025 15:30:00,26261.25,26310.45,26141.9,26215.55,0
28/11/2025 15:30:00,26237.45,26280.75,26172.4,26202.95,0
01/12/2025 15:30:00,26325.8,26325.8,26124.2,26175.75,0
02/12/2025 15:30:00,26087.95,26154.6,25997.85,26032.2,0
03/12/2025 15:30:00,26004.9,26066.45,25891,25986,0
04/12/2025 15:30:00,25981.85,26098.25,25938.95,26033.75,0
05/12/2025 15:30:00,25999.8,26202.6,25985.35,26186.45,0
08/12/2025 15:30:00,26159.8,26178.7,25892.25,25960.55,0
09/12/2025 15:30:00,25867.1,25923.65,25728,25839.65,0
10/12/2025 15:30:00,25864.05,25947.65,25734.55,25758,0
11/12/2025 15:30:00,25771.4,25922.8,25693.25,25898.55,0
12/12/2025 15:30:00,25971.2,26057.6,25938.45,26046.95,0
15/12/2025 15:30:00,25930.05,26047.15,25904.75,26027.3,0
16/12/2025 15:30:00,25951.5,25980.75,25834.35,25860.1,0
17/12/2025 15:30:00,25902.4,25929.15,25770.35,25818.55,0
18/12/2025 15:30:00,25764.7,25902.35,25726.3,25815.55,0
19/12/2025 15:30:00,25911.5,25993.35,25880.45,25966.4,0
22/12/2025 15:30:00,26055.85,26180.7,26047.8,26172.4,0
23/12/2025 15:30:00,26205.2,26233.55,26119.05,26177.15,0
24/12/2025 15:30:00,26170.65,26236.4,26123,26142.1,0
26/12/2025 15:30:00,26121.25,26144.2,26008.6,26042.3,0
29/12/2025 15:30:00,26063.35,26106.8,25920.3,25942.1,0
30/12/2025 15:30:00,25940.9,25976.75,25878,25938.85,0
31/12/2025 15:30:00,25971.05,26187.95,25969,26129.6,0
01/01/2026 15:30:00,26173.3,26197.55,26113.4,26146.55,0
02/01/2026 15:30:00,26155.1,26340,26118.4,26328.55,0
05/01/2026 15:30:00,26333.7,26373.2,26210.05,26250.3,0
06/01/2026 15:30:00,26189.7,26273.95,26124.75,26178.7,0
07/01/2026 15:30:00,26143.1,26187.15,26067.9,26140.75,0
08/01/2026 15:30:00,26106.5,26133.2,25858.45,25876.85,0
09/01/2026 15:30:00,25840.4,25940.6,25623,25683.3,0
12/01/2026 15:30:00,25669.05,25813.15,25473.4,25790.25,0
13/01/2026 15:30:00,25897.35,25899.8,25603.3,25732.3,0
14/01/2026 15:30:00,25648.55,25791.75,25603.95,25665.6,0
16/01/2026 15:30:00,25696.05,25873.5,25662.4,25694.35,0
19/01/2026 15:30:00,25653.1,25653.3,25494.35,25585.5,0
20/01/2026 15:30:00,25580.3,25585,25171.35,25232.5,0
21/01/2026 15:30:00,25141,25300.95,24919.8,25157.5,0
22/01/2026 15:30:00,25344.15,25435.75,25168.5,25289.9,0
23/01/2026 15:30:00,25344.6,25347.95,25025.3,25048.65,0
27/01/2026 15:30:00,25063.35,25246.65,24932.55,25175.4,0
28/01/2026 15:30:00,25258.85,25372.1,25187.65,25342.75,0
29/01/2026 15:30:00,25345,25458.15,25159.8,25418.9,0
30/01/2026 15:30:00,25247.55,25370.7,25213.65,25320.65,0
02/02/2026 15:30:00,24796.5,25108.1,24679.4,25088.4,0
03/02/2026 15:30:00,26308.05,26341.2,25641.3,25727.55,0
04/02/2026 15:30:00,25675.05,25818.55,25563.95,25776,0
05/02/2026 15:30:00,25755.9,25757.65,25579.5,25642.8,0
06/02/2026 15:30:00,25605.8,25703.95,25491.9,25693.7,0
09/02/2026 15:30:00,25888.7,25922.25,25780.9,25867.3,0
10/02/2026 15:30:00,25922.65,25989.45,25870.45,25935.15,0
11/02/2026 15:30:00,25997.45,26009.4,25899.8,25953.85,0
12/02/2026 15:30:00,25906.7,25906.7,25752.4,25807.2,0
13/02/2026 15:30:00,25571.15,25630.35,25444.3,25471.1,0
16/02/2026 15:30:00,25423.6,25697,25372.7,25682.75,0
17/02/2026 15:30:00,25637.95,25764.4,25570.3,25725.4,0
18/02/2026 15:30:00,25752.65,25828.05,25645.15,25819.35,0
19/02/2026 15:30:00,25873.35,25885.3,25388.75,25454.35,0
20/02/2026 15:30:00,25406.55,25663.55,25379.75,25571.25,0
23/02/2026 15:30:00,25678.4,25771.45,25609.35,25713,0
24/02/2026 15:30:00,25641.8,25641.8,25327.6,25424.65,0
25/02/2026 15:30:00,25512.6,25652.6,25428.2,25482.5,0
26/02/2026 15:30:00,25556.3,25572.95,25400.95,25496.55,0
27/02/2026 15:30:00,25459.85,25476.4,25141.3,25178.65,0
02/03/2026 15:30:00,24659.25,24989.35,24603.5,24865.7,0
04/03/2026 15:30:00,24388.8,24602.45,24305.4,24480.5,0
05/03/2026 15:30:00,24615.95,24854.2,24529.4,24765.9,0
06/03/2026 15:30:00,24656.4,24700.9,24415.75,24450.45,0
09/03/2026 15:30:00,23868.05,24078.15,23697.8,24028.05,0
10/03/2026 15:30:00,24280.8,24303.8,24079.95,24261.6,0
11/03/2026 15:30:00,24231.85,24299,23834.3,23866.85,0
12/03/2026 15:30:00,23674.85,23833.15,23556.3,23639.15,0
13/03/2026 15:30:00,23462.5,23492.4,23112,23151.1,0
16/03/2026 15:30:00,23116.1,23502,22955.25,23408.8,0
17/03/2026 15:30:00,23493.2,23656.8,23346.6,23581.15,0
18/03/2026 15:30:00,23632.9,23862.25,23618.45,23777.8,0
19/03/2026 15:30:00,23197.75,23378.7,22930.35,23002.15,0
20/03/2026 15:30:00,23110.15,23345.15,23067.6,23114.5,0
23/03/2026 15:30:00,22824.35,22851.7,22471.25,22512.65,0
24/03/2026 15:30:00,22878.45,23057.3,22624.2,22912.4,0
25/03/2026 15:30:00,23064.4,23465.35,23063.2,23306.45,0
27/03/2026 15:30:00,23173.55,23186.1,22804.55,22819.6,0
30/03/2026 15:30:00,22549.65,22714.1,22283.85,22331.4,0
01/04/2026 15:30:00,22899,22941.3,22618.6,22679.4,0
02/04/2026 15:30:00,22383.4,22782.3,22182.55,22713.1,0
06/04/2026 15:30:00,22780.3,22998.35,22542.95,22968.25,0
07/04/2026 15:30:00,22838.7,23153.85,22719.3,23123.65,0
08/04/2026 15:30:00,23855.15,24025.15,23828.5,23997.35,0
09/04/2026 15:30:00,23909.05,23990.75,23682.8,23775.1,0
10/04/2026 15:30:00,23880.55,24074.05,23856.35,24050.6,0
13/04/2026 15:30:00,23589.6,23907.4,23555.6,23842.65,0
15/04/2026 15:30:00,24163.8,24280.9,24145.8,24231.3,0
16/04/2026 15:30:00,24385.2,24400.95,24102.8,24196.75,0
17/04/2026 15:30:00,24165.9,24371.9,24096.05,24353.55,0
20/04/2026 15:30:00,24391.5,24480.65,24241.25,24364.85,0
21/04/2026 15:30:00,24374.55,24601.7,24354.9,24576.6,0
22/04/2026 15:30:00,24470.85,24515.95,24352.9,24378.1,0
23/04/2026 15:30:00,24202.35,24310.2,24134.8,24173.05,0
24/04/2026 15:30:00,24100.55,24206,23813.65,23897.95,0
27/04/2026 15:30:00,23945.45,24130.7,23936.2,24092.7,0
28/04/2026 15:30:00,24049.9,24181.8,23957.05,23995.7,0
29/04/2026 15:30:00,24096.9,24334.7,24059.95,24177.65,0
30/04/2026 15:30:00,23996.95,24087.45,23796.85,23997.55,0